[2025-02-18 19:43:27.743]: entering -- org.netbeans.installer.Installer.main():61
[2025-02-18 19:43:27.744]: initializing the installer engine
[2025-02-18 19:43:27.744]:     entering -- org.netbeans.installer.Installer.<init>():96
[2025-02-18 19:43:27.744]:     ... initializing ErrorHandler
[2025-02-18 19:43:27.744]:     ... end of ErrorHandler initialization
[2025-02-18 19:43:27.745]:     exiting -- org.netbeans.installer.Installer.<init>():96
[2025-02-18 19:43:27.745]:     entering -- org.netbeans.installer.Installer.<init>():97
[2025-02-18 19:43:27.745]:     dumping target system information
[2025-02-18 19:43:27.745]:         system properties:
[2025-02-18 19:43:27.745]:             file.encoding => UTF-8
[2025-02-18 19:43:27.745]:             file.separator => \
[2025-02-18 19:43:27.745]:             java.class.path => C:\Users\Durgi\AppData\Local\Temp\\NBI14007.tmp\uninstall.jar
[2025-02-18 19:43:27.745]:             java.class.version => 65.0
[2025-02-18 19:43:27.745]:             java.home => C:\Program Files\Java\jdk-21
[2025-02-18 19:43:27.746]:             java.io.tmpdir => C:\Users\Durgi\AppData\Local\Temp\
[2025-02-18 19:43:27.746]:             java.library.path => C:\Program Files\Java\jdk-21\bin;C:\Windows\Sun\Java\bin;C:\Windows\system32;C:\Windows;C:\Program Files\Common Files\Oracle\Java\javapath;C:\Windows\system32;C:\Windows;C:\Windows\System32\Wbem;C:\Windows\System32\WindowsPowerShell\v1.0\;C:\Windows\System32\OpenSSH\;C:\Users\Durgi\apache-maven-3.9.9-bin\apache-maven-3.9.9\bin;C:\Users\Durgi;C:\Users\Durgi\AppData\Local\Microsoft\WindowsApps;.
[2025-02-18 19:43:27.746]:             java.runtime.name => Java(TM) SE Runtime Environment
[2025-02-18 19:43:27.746]:             java.runtime.version => 21.0.5+9-LTS-239
[2025-02-18 19:43:27.746]:             java.specification.name => Java Platform API Specification
[2025-02-18 19:43:27.746]:             java.specification.vendor => Oracle Corporation
[2025-02-18 19:43:27.746]:             java.specification.version => 21
[2025-02-18 19:43:27.746]:             java.vendor => Oracle Corporation
[2025-02-18 19:43:27.746]:             java.vendor.url => https://java.oracle.com/
[2025-02-18 19:43:27.746]:             java.vendor.url.bug => https://bugreport.java.com/bugreport/
[2025-02-18 19:43:27.746]:             java.version => 21.0.5
[2025-02-18 19:43:27.746]:             java.version.date => 2024-10-15
[2025-02-18 19:43:27.746]:             java.vm.compressedOopsMode => 32-bit
[2025-02-18 19:43:27.746]:             java.vm.info => mixed mode, sharing
[2025-02-18 19:43:27.746]:             java.vm.name => Java HotSpot(TM) 64-Bit Server VM
[2025-02-18 19:43:27.746]:             java.vm.specification.name => Java Virtual Machine Specification
[2025-02-18 19:43:27.746]:             java.vm.specification.vendor => Oracle Corporation
[2025-02-18 19:43:27.746]:             java.vm.specification.version => 21
[2025-02-18 19:43:27.746]:             java.vm.vendor => Oracle Corporation
[2025-02-18 19:43:27.746]:             java.vm.version => 21.0.5+9-LTS-239
[2025-02-18 19:43:27.746]:             jdk.debug => release
[2025-02-18 19:43:27.747]:             line.separator => 
[2025-02-18 19:43:27.747]:             native.encoding => Cp1252
[2025-02-18 19:43:27.747]:             netbeans.default_cachedir_root => C:\Users\Durgi\AppData\Local\NetBeans\Cache
[2025-02-18 19:43:27.747]:             netbeans.default_userdir_root => C:\Users\Durgi\AppData\Roaming\NetBeans
[2025-02-18 19:43:27.747]:             os.arch => amd64
[2025-02-18 19:43:27.747]:             os.name => Windows 11
[2025-02-18 19:43:27.747]:             os.version => 10.0
[2025-02-18 19:43:27.747]:             path.separator => ;
[2025-02-18 19:43:27.747]:             stderr.encoding => Cp1252
[2025-02-18 19:43:27.747]:             stdout.encoding => Cp1252
[2025-02-18 19:43:27.747]:             sun.arch.data.model => 64
[2025-02-18 19:43:27.747]:             sun.boot.library.path => C:\Program Files\Java\jdk-21\bin
[2025-02-18 19:43:27.747]:             sun.cpu.endian => little
[2025-02-18 19:43:27.747]:             sun.cpu.isalist => amd64
[2025-02-18 19:43:27.747]:             sun.io.unicode.encoding => UnicodeLittle
[2025-02-18 19:43:27.747]:             sun.java.command => org.netbeans.installer.Installer --target nb-all 21.0.0.240215.0 --force-uninstall
[2025-02-18 19:43:27.747]:             sun.java.launcher => SUN_STANDARD
[2025-02-18 19:43:27.747]:             sun.jnu.encoding => Cp1252
[2025-02-18 19:43:27.747]:             sun.management.compiler => HotSpot 64-Bit Tiered Compilers
[2025-02-18 19:43:27.747]:             sun.os.patch.level => 
[2025-02-18 19:43:27.747]:             user.country => IN
[2025-02-18 19:43:27.747]:             user.dir => C:\Windows\ImmersiveControlPanel
[2025-02-18 19:43:27.748]:             user.home => C:\Users\Durgi
[2025-02-18 19:43:27.748]:             user.language => en
[2025-02-18 19:43:27.748]:             user.name => Durgi
[2025-02-18 19:43:27.748]:             user.script => 
[2025-02-18 19:43:27.748]:             user.timezone => Asia/Calcutta
[2025-02-18 19:43:27.748]:             user.variant => 
[2025-02-18 19:43:27.748]:     ... end of target system information
[2025-02-18 19:43:27.748]:     exiting -- org.netbeans.installer.Installer.<init>():97
[2025-02-18 19:43:27.767]:     loading jni library
[2025-02-18 19:43:27.767]:         library resource path: native/jnilib/windows/windows-x64.dll
[2025-02-18 19:43:27.814]:         library file path: C:\Users\Durgi\AppData\Local\Temp\nbi-15066501604639245080.tmp
[2025-02-18 19:43:27.822]:         ... successfully loaded the library
[2025-02-18 19:43:27.826]:     entering -- org.netbeans.installer.Installer.<init>():102
[2025-02-18 19:43:27.826]:     parsing command-line arguments
[2025-02-18 19:43:27.826]:         ... parsing arguments : [--target], [nb-all], [21.0.0.240215.0], [--force-uninstall]
[2025-02-18 19:43:27.832]:         parsing command line parameter "--target"
[2025-02-18 19:43:27.832]:             target component:
[2025-02-18 19:43:27.832]:             ... uid:     nb-all
[2025-02-18 19:43:27.832]:             ... version: 21.0.0.240215.0
[2025-02-18 19:43:27.832]:         parsing command line parameter "--force-uninstall"
[2025-02-18 19:43:27.832]:     ... finished parsing command line arguments
[2025-02-18 19:43:27.832]:     exiting -- org.netbeans.installer.Installer.<init>():102
[2025-02-18 19:43:27.832]:     entering -- org.netbeans.installer.Installer.<init>():103
[2025-02-18 19:43:27.832]:     loading engine properties
[2025-02-18 19:43:27.832]:         loading engine properties
[2025-02-18 19:43:27.833]:             loading nbi.wizard.ui.swing.frame.width.default => 600
[2025-02-18 19:43:27.833]:             loading nbi.wizard.ui.swing.frame.width.gtk => 704
[2025-02-18 19:43:27.833]:             loading nbi.wizard.ui.swing.frame.head.right.image => resource:org/netbeans/installer/wizard/wizard-description-background.png
[2025-02-18 19:43:27.833]:             loading nbi.wizard.ui.swing.frame.minimum.width.nimbus => 624
[2025-02-18 19:43:27.833]:             loading nbi.wizard.ui.swing.frame.minimum.height.win.xp => 450
[2025-02-18 19:43:27.833]:             loading nbi.wizard.ui.swing.frame.minimum.height.nimbus => 512
[2025-02-18 19:43:27.833]:             loading nbi.wizard.ui.swing.frame.title.prefix => Apache NetBeans IDE Installer
[2025-02-18 19:43:27.833]:             loading nbi.wizard.ui.swing.frame.width.nimbus => 624
[2025-02-18 19:43:27.833]:             loading nbi.wizard.ui.swing.frame.width.win.xp => 600
[2025-02-18 19:43:27.833]:             loading nbi.overall.license.jdk5.resource => org/netbeans/installer/product/components/netbeans-license-jdk5.txt
[2025-02-18 19:43:27.833]:             loading nbi.wizard.ui.swing.frame.minimum.height.win.classic => 442
[2025-02-18 19:43:27.833]:             loading nbi.overall.license.jtb.resource => org/netbeans/installer/product/components/netbeans-license-jtb.txt
[2025-02-18 19:43:27.833]:             loading nbi.wizard.ui.swing.frame.height.motif => 470
[2025-02-18 19:43:27.833]:             loading nbi.wizard.ui.swing.frame.minimum.width.default => 600
[2025-02-18 19:43:27.833]:             loading nbi.wizard.ui.swing.frame.height.aqua => 480
[2025-02-18 19:43:27.833]:             loading nbi.wizard.ui.swing.frame.minimum.width.win.xp => 600
[2025-02-18 19:43:27.833]:             loading nbi.overall.license.jdk6.resource => org/netbeans/installer/product/components/netbeans-license-jdk6.txt
[2025-02-18 19:43:27.833]:             loading nbi.wizard.ui.swing.frame.minimum.height.aqua => 480
[2025-02-18 19:43:27.834]:             loading nbi.wizard.ui.swing.frame.minimum.height.default => 500
[2025-02-18 19:43:27.834]:             loading nbi.overall.license.mysql.resource => org/netbeans/installer/product/components/netbeans-license-mysql.txt
[2025-02-18 19:43:27.834]:             loading nbi.product.suggest.install => true
[2025-02-18 19:43:27.834]:             loading nbi.wizard.ui.swing.frame.icon => resource:org/netbeans/installer/wizard/wizard-icon.png
[2025-02-18 19:43:27.834]:             loading nbi.wizard.ui.swing.frame.width.aqua => 640
[2025-02-18 19:43:27.834]:             loading nbi.wizard.ui.swing.frame.minimum.height.motif => 470
[2025-02-18 19:43:27.834]:             loading nbi.wizard.ui.swing.frame.minimum.height.gtk => 528
[2025-02-18 19:43:27.834]:             loading nbi.product.remove.corrupted.products.silently => true
[2025-02-18 19:43:27.834]:             loading nbi.wizard.ui.swing.frame.width.motif => 624
[2025-02-18 19:43:27.834]:             loading nbi.wizard.ui.swing.frame.minimum.width.win.classic => 588
[2025-02-18 19:43:27.834]:             loading nbi.wizard.ui.swing.welcome.left.bottom.image => resource:org/netbeans/installer/wizard/components/panels/netbeans/resources/welcome-left-bottom.png
[2025-02-18 19:43:27.834]:             loading nbi.macosx.application.directory.name => NetBeans IDE Installer
[2025-02-18 19:43:27.834]:             loading nbi.overall.license.resource => org/netbeans/installer/product/components/netbeans-license.txt
[2025-02-18 19:43:27.834]:             loading nbi.wizard.ui.swing.frame.height.gtk => 528
[2025-02-18 19:43:27.834]:             loading nbi.wizard.ui.swing.frame.minimum.width.metal => 624
[2025-02-18 19:43:27.834]:             loading nbi.wizard.ui.swing.frame.minimum.width.motif => 624
[2025-02-18 19:43:27.834]:             loading nbi.wizard.ui.swing.frame.height.metal => 470
[2025-02-18 19:43:27.834]:             loading nbi.wizard.ui.swing.frame.minimum.width.gtk => 704
[2025-02-18 19:43:27.834]:             loading nbi.junit.license.resource => org/netbeans/installer/product/components/junit-license.txt
[2025-02-18 19:43:27.834]:             loading nbi.wizard.ui.swing.frame.width.metal => 624
[2025-02-18 19:43:27.834]:             loading nbi.wizard.ui.swing.frame.height.default => 500
[2025-02-18 19:43:27.834]:             loading nbi.wizard.ui.swing.frame.height.win.classic => 442
[2025-02-18 19:43:27.834]:             loading nbi.wizard.ui.swing.frame.height.win.xp => 450
[2025-02-18 19:43:27.834]:             loading nbi.wizard.ui.swing.frame.height.nimbus => 512
[2025-02-18 19:43:27.834]:             loading nbi.overall.license.javafx.resource => org/netbeans/installer/product/components/netbeans-license-javafx.txt
[2025-02-18 19:43:27.834]:             loading nbi.wizard.ui.swing.frame.title.pattern => {0}
[2025-02-18 19:43:27.834]:             loading nbi.wizard.ui.swing.frame.width.win.classic => 588
[2025-02-18 19:43:27.834]:             loading nbi.wizard.ui.swing.frame.minimum.height.metal => 470
[2025-02-18 19:43:27.834]:             loading nbi.wizard.ui.swing.frame.minimum.width.aqua => 640
[2025-02-18 19:43:27.834]:     ... finished loading engine properties
[2025-02-18 19:43:27.834]:     exiting -- org.netbeans.installer.Installer.<init>():103
[2025-02-18 19:43:27.834]:     initializing the local directory
[2025-02-18 19:43:27.834]:         ... custom local directory was not specified, using the default
[2025-02-18 19:43:27.834]:         ... local directory: C:\Users\Durgi\.nbi
[2025-02-18 19:43:27.836]:     ... finished initializing local directory
[2025-02-18 19:43:27.871]:     entering -- org.netbeans.installer.Installer.<init>():109
[2025-02-18 19:43:27.871]:     ... initializing DownloadManager
[2025-02-18 19:43:27.876]:         file not exist, queue is empty!
[2025-02-18 19:43:27.879]:     ... end of initializing DownloadManager
[2025-02-18 19:43:27.879]:     exiting -- org.netbeans.installer.Installer.<init>():109
[2025-02-18 19:43:27.879]:     entering -- org.netbeans.installer.Installer.<init>():110
[2025-02-18 19:43:27.879]:     ... initializing Registry
[2025-02-18 19:43:27.885]:     ... end of initializing ErrorHandler
[2025-02-18 19:43:27.885]:     exiting -- org.netbeans.installer.Installer.<init>():110
[2025-02-18 19:43:27.885]:     entering -- org.netbeans.installer.Installer.<init>():111
[2025-02-18 19:43:27.885]:     ... initializing Wizard
[2025-02-18 19:43:27.998]:         ... loading registry from resource:data/registry.xml
[2025-02-18 19:43:28.021]:         entering -- org.netbeans.installer.product.Registry.loadProductRegistry():982
[2025-02-18 19:43:28.021]:         validating previous installations
[2025-02-18 19:43:28.022]:         ... validating installations finished
[2025-02-18 19:43:28.022]:         exiting -- org.netbeans.installer.product.Registry.loadProductRegistry():982
[2025-02-18 19:43:28.031]:         Can`t load message in bundle org.netbeans.installer.wizard.components.panels.netbeans.Bundle for key NPrISP.installation.folders using [jdk.internal.loader.ClassLoaders$AppClassLoader@70dea4e] classloader
[2025-02-18 19:43:28.040]:     ... end of initializing Wizard
[2025-02-18 19:43:28.040]:     exiting -- org.netbeans.installer.Installer.<init>():111
[2025-02-18 19:43:28.040]:     creating lock file
[2025-02-18 19:43:28.040]:         ... created lock file: C:\Users\Durgi\.nbi\.nbilock
[2025-02-18 19:43:28.041]:     finished creating lock file
[2025-02-18 19:43:28.041]: ... finished initializing the engine
[2025-02-18 19:43:28.041]: exiting -- org.netbeans.installer.Installer.main():61
[2025-02-18 19:43:28.041]: entering -- org.netbeans.installer.Installer.main():61
[2025-02-18 19:43:28.041]: starting the installer
[2025-02-18 19:43:28.044]:     ... initializing look and feel
[2025-02-18 19:43:28.045]:         ... custom look and feel class name was not specified, using system default
[2025-02-18 19:43:28.140]:         ... class name: com.sun.java.swing.plaf.windows.WindowsLookAndFeel
[2025-02-18 19:43:28.141]:         ... get installed L&Fs
[2025-02-18 19:43:28.182]:         ... set specified L&F
[2025-02-18 19:43:28.209]:         ... check headless
[2025-02-18 19:43:28.209]:         ... creating JFileChooser object to check possible issues with UI
[2025-02-18 19:43:28.780]:         ... getting default Toolkit to check possible issues with UI
[2025-02-18 19:43:28.780]:         ... creating JProgressBar object to check possible issues with UI
[2025-02-18 19:43:28.783]:         ... all UI checks done
[2025-02-18 19:43:28.783]:         ... L&F is set
[2025-02-18 19:43:28.783]:     ... initializing L&F finished
[2025-02-18 19:43:28.969]:     NameResolver - to parse &Help!
[2025-02-18 19:43:28.973]:     NameResolver - to parse < &Back
[2025-02-18 19:43:28.974]:     NameResolver - to parse &Next >
[2025-02-18 19:43:28.974]:     NameResolver - to parse Cancel
[2025-02-18 19:43:28.976]:     NameResolver - to parse Configuring the Installer...
[2025-02-18 19:43:28.976]:     NameResolver - to parse Configuring the Installer...
[2025-02-18 19:43:28.979]:     NameResolver - to parse Configuring the Installer...
[2025-02-18 19:43:28.980]:     NameResolver - to parse Configuring the Installer...
[2025-02-18 19:43:28.981]:     NameResolver - to parse Please wait while Apache NetBeans IDE installer initializes
[2025-02-18 19:43:29.010]:     NameResolver - to parse Configuring the Installer...
[2025-02-18 19:43:29.011]:     NameResolver - to parse Please wait while Apache NetBeans IDE installer initializes
[2025-02-18 19:43:29.012]: ... finished starting the installer
[2025-02-18 19:43:29.012]: exiting -- org.netbeans.installer.Installer.main():61
[2025-02-18 19:43:29.013]: NameResolver - to parse Configuring the Installer...
[2025-02-18 19:43:29.014]: entering -- org.netbeans.installer.wizard.components.actions.InitializeRegistryAction.execute():53
[2025-02-18 19:43:29.014]: initializing product registry
[2025-02-18 19:43:29.014]:     entering -- org.netbeans.installer.product.Registry.initializeRegistry():171
[2025-02-18 19:43:29.014]:     initializing product registry properties
[2025-02-18 19:43:29.014]:         initializing local product cache directory
[2025-02-18 19:43:29.014]:         ... C:\Users\Durgi\.nbi\product-cache
[2025-02-18 19:43:29.014]:         initializing local product registry file
[2025-02-18 19:43:29.015]:             ... C:\Users\Durgi\.nbi\registry.xml
[2025-02-18 19:43:29.016]:             initializing local product registry stub uri
[2025-02-18 19:43:29.016]:             ... resource:org/netbeans/installer/product/default-registry.xml
[2025-02-18 19:43:29.016]:             initializing bundled product registry uri
[2025-02-18 19:43:29.016]:             ... resource:data/registry.xml
[2025-02-18 19:43:29.016]:             initializing product registry schema uri
[2025-02-18 19:43:29.016]:             ... resource:org/netbeans/installer/product/registry.xsd
[2025-02-18 19:43:29.016]:             initializing remote product registries uris
[2025-02-18 19:43:29.016]:             initializing state file schema uri
[2025-02-18 19:43:29.016]:             ... resource:org/netbeans/installer/product/state-file.xsd
[2025-02-18 19:43:29.016]:             initializing default state file uri
[2025-02-18 19:43:29.016]:             ... resource:org/netbeans/installer/product/default-state-file.xml
[2025-02-18 19:43:29.016]:             initializing target platform
[2025-02-18 19:43:29.016]:             ... windows-x64
[2025-02-18 19:43:29.016]:     initializing product registry properties
[2025-02-18 19:43:29.016]:     exiting -- org.netbeans.installer.product.Registry.initializeRegistry():171
[2025-02-18 19:43:29.020]:     ... loading registry from file:/C:/Users/Durgi/.nbi/registry.xml
[2025-02-18 19:43:29.065]:     entering -- org.netbeans.installer.product.Registry.loadProductRegistry():982
[2025-02-18 19:43:29.065]:     validating previous installations
[2025-02-18 19:43:29.095]:         NameResolver - to parse C:\Program Files\NetBeans-21
[2025-02-18 19:43:29.100]:         NameResolver - to parse C:\Program Files\NetBeans-21
[2025-02-18 19:43:29.105]:         NameResolver - to parse C:\Program Files\NetBeans-21
[2025-02-18 19:43:29.109]:         NameResolver - to parse C:\Program Files\NetBeans-21
[2025-02-18 19:43:29.113]:         NameResolver - to parse C:\Program Files\NetBeans-21
[2025-02-18 19:43:29.116]:         NameResolver - to parse C:\Program Files\NetBeans-21
[2025-02-18 19:43:29.117]:     ... validating installations finished
[2025-02-18 19:43:29.117]:     exiting -- org.netbeans.installer.product.Registry.loadProductRegistry():982
[2025-02-18 19:43:29.117]:     ... loading registry from resource:data/registry.xml
[2025-02-18 19:43:29.126]:     entering -- org.netbeans.installer.product.Registry.loadProductRegistry():982
[2025-02-18 19:43:29.126]:     validating previous installations
[2025-02-18 19:43:29.127]:         NameResolver - to parse C:\Program Files\NetBeans-21
[2025-02-18 19:43:29.127]:         NameResolver - to parse C:\Program Files\NetBeans-21
[2025-02-18 19:43:29.128]:         NameResolver - to parse C:\Program Files\NetBeans-21
[2025-02-18 19:43:29.128]:         NameResolver - to parse C:\Program Files\NetBeans-21
[2025-02-18 19:43:29.128]:         NameResolver - to parse C:\Program Files\NetBeans-21
[2025-02-18 19:43:29.129]:         NameResolver - to parse C:\Program Files\NetBeans-21
[2025-02-18 19:43:29.130]:     ... validating installations finished
[2025-02-18 19:43:29.130]:     exiting -- org.netbeans.installer.product.Registry.loadProductRegistry():982
[2025-02-18 19:43:29.132]: ... product registry initialization complete
[2025-02-18 19:43:29.132]: exiting -- org.netbeans.installer.wizard.components.actions.InitializeRegistryAction.execute():53
[2025-02-18 19:43:29.154]: NameResolver - to parse C:\Program Files\NetBeans-21
[2025-02-18 19:43:29.175]: NameResolver - to parse &Help!
[2025-02-18 19:43:29.177]: NameResolver - to parse < &Back
[2025-02-18 19:43:29.178]: NameResolver - to parse &Uninstall
[2025-02-18 19:43:29.179]: NameResolver - to parse Cancel
[2025-02-18 19:43:29.179]: NameResolver - to parse &Uninstall
[2025-02-18 19:43:29.180]: NameResolver - to parse The following components will be uninstalled:
[2025-02-18 19:43:29.180]: NameResolver - to parse Total Installation Size:
[2025-02-18 19:43:29.180]: NameResolver - to parse Total Download Size:
[2025-02-18 19:43:29.243]: Roots : C:\
[2025-02-18 19:43:29.244]: NameResolver - to parse C:\Program Files\NetBeans-21
[2025-02-18 19:43:29.244]: NameResolver - to parse C:\Program Files\NetBeans-21
[2025-02-18 19:43:29.245]: NameResolver - to parse C:\Program Files\NetBeans-21
[2025-02-18 19:43:29.245]: NameResolver - to parse C:\Program Files\NetBeans-21
[2025-02-18 19:43:29.245]: NameResolver - to parse C:\Program Files\NetBeans-21
[2025-02-18 19:43:29.246]: NameResolver - to parse C:\Program Files\NetBeans-21
[2025-02-18 19:43:29.247]: NameResolver - to parse Summary
[2025-02-18 19:43:29.247]: NameResolver - to parse Summary
[2025-02-18 19:43:29.247]: Roots : C:\
[2025-02-18 19:43:29.248]: NameResolver - to parse Summary
[2025-02-18 19:43:29.248]: NameResolver - to parse C:\Program Files\NetBeans-21
[2025-02-18 19:43:29.248]: NameResolver - to parse Summary
[2025-02-18 19:43:29.248]: NameResolver - to parse C:\Program Files\NetBeans-21
[2025-02-18 19:43:29.249]: NameResolver - to parse Click Uninstall to start the uninstallation.
[2025-02-18 19:43:29.249]: NameResolver - to parse C:\Program Files\NetBeans-21
[2025-02-18 19:43:29.249]: NameResolver - to parse C:\Program Files\NetBeans-21
[2025-02-18 19:43:29.249]: NameResolver - to parse C:\Program Files\NetBeans-21
[2025-02-18 19:43:29.249]: NameResolver - to parse C:\Program Files\NetBeans-21
[2025-02-18 19:43:29.263]: NameResolver - to parse Summary
[2025-02-18 19:43:29.264]: NameResolver - to parse Click Uninstall to start the uninstallation.
[2025-02-18 19:43:30.744]: Roots : C:\
[2025-02-18 19:43:30.745]: NameResolver - to parse C:\Program Files\NetBeans-21
[2025-02-18 19:43:30.746]: NameResolver - to parse C:\Program Files\NetBeans-21
[2025-02-18 19:43:30.746]: NameResolver - to parse C:\Program Files\NetBeans-21
[2025-02-18 19:43:30.747]: NameResolver - to parse C:\Program Files\NetBeans-21
[2025-02-18 19:43:30.747]: NameResolver - to parse C:\Program Files\NetBeans-21
[2025-02-18 19:43:30.748]: NameResolver - to parse C:\Program Files\NetBeans-21
[2025-02-18 19:43:30.749]: NameResolver - to parse &Help!
[2025-02-18 19:43:30.749]: NameResolver - to parse < &Back
[2025-02-18 19:43:30.750]: NameResolver - to parse &Next >
[2025-02-18 19:43:30.750]: NameResolver - to parse Cancel
[2025-02-18 19:43:30.758]: NameResolver - to parse Uninstalling...
[2025-02-18 19:43:30.758]: NameResolver - to parse Uninstalling...
[2025-02-18 19:43:30.765]: NameResolver - to parse Uninstalling...
[2025-02-18 19:43:30.766]: NameResolver - to parse Uninstalling...
[2025-02-18 19:43:30.766]: NameResolver - to parse Please wait while the wizard uninstalls the selected components.
[2025-02-18 19:43:30.775]: NameResolver - to parse Uninstalling...
[2025-02-18 19:43:30.776]: NameResolver - to parse Please wait while the wizard uninstalls the selected components.
[2025-02-18 19:43:30.777]: Start products uninstallation
[2025-02-18 19:43:30.777]:     NameResolver - to parse Uninstalling {0}
[2025-02-18 19:43:30.778]:     Start uninstallation of Java EE(nb-javaee/21.0.0.240215.0)
[2025-02-18 19:43:30.823]:         ... running uninstallation logic
[2025-02-18 19:43:30.824]:         NameResolver - to parse C:\Program Files\NetBeans-21
[2025-02-18 19:43:30.830]:         System.getProperty(netbeans.default_userdir_root): C:\Users\Durgi\AppData\Roaming\NetBeans
[2025-02-18 19:43:30.831]:         NameResolver - to parse C:\Program Files\NetBeans-21
[2025-02-18 19:43:30.832]:         NameResolver - to parse C:\Program Files\NetBeans-21
[2025-02-18 19:43:30.835]:             child = apisupport
[2025-02-18 19:43:30.835]:             child = bin
[2025-02-18 19:43:30.836]:             child = cpplite
[2025-02-18 19:43:30.836]:             child = DEPENDENCIES
[2025-02-18 19:43:30.837]:             child = enterprise
[2025-02-18 19:43:30.838]:             child = ergonomics
[2025-02-18 19:43:30.838]:             child = etc
[2025-02-18 19:43:30.838]:             child = extide
[2025-02-18 19:43:30.839]:             child = groovy
[2025-02-18 19:43:30.839]:             child = harness
[2025-02-18 19:43:30.840]:             child = ide
[2025-02-18 19:43:30.840]:             child = java
[2025-02-18 19:43:30.841]:             child = javafx
[2025-02-18 19:43:30.842]:             child = LICENSE
[2025-02-18 19:43:30.842]:             child = licenses
[2025-02-18 19:43:30.843]:             child = nb
[2025-02-18 19:43:30.850]:         ... removing installation files
[2025-02-18 19:43:30.861]:         deleting file: C:\Program Files\NetBeans-2\netbeans\enterprise\modules\ext\oci-java-sdk-addons-apache-configurator-jersey-3.25.3.jar
[2025-02-18 19:43:30.865]:         deleting file: C:\Program Files\NetBeans-2\netbeans\enterprise\update_tracking\org-netbeans-modules-projectimport-eclipse-web.xml
[2025-02-18 19:43:30.867]:         deleting file: C:\Program Files\NetBeans-2\netbeans\enterprise\config\Modules\org-netbeans-modules-projectimport-eclipse-web.xml
[2025-02-18 19:43:30.870]:         deleting file: C:\Program Files\NetBeans-2\netbeans\enterprise\update_tracking\org-netbeans-modules-websvc-saas-codegen-j2ee.xml
[2025-02-18 19:43:30.871]:         deleting file: C:\Program Files\NetBeans-2\netbeans\enterprise\config\Modules\org-netbeans-modules-websvc-saas-codegen-j2ee.xml
[2025-02-18 19:43:30.873]:         deleting file: C:\Program Files\NetBeans-2\netbeans\enterprise\ant\sources\org\netbeans\modules\web\project\ant\JspCSingle.java
[2025-02-18 19:43:30.875]:         deleting file: C:\Program Files\NetBeans-2\netbeans\enterprise\modules\ext\aws-sdk\aws-java-sdk-elasticbeanstalk-1.11.569.jar
[2025-02-18 19:43:30.877]:         deleting file: C:\Program Files\NetBeans-2\netbeans\enterprise\modules\ext\jackson\jackson-module-jaxb-annotations-2.16.1.jar
[2025-02-18 19:43:30.878]:         deleting file: C:\Program Files\NetBeans-2\netbeans\enterprise\update_tracking\org-netbeans-modules-websvc-jaxws-lightapi.xml
[2025-02-18 19:43:30.878]:         deleting file: C:\Program Files\NetBeans-2\netbeans\enterprise\update_tracking\org-netbeans-modules-javaee-beanvalidation.xml
[2025-02-18 19:43:30.879]:         deleting file: C:\Program Files\NetBeans-2\netbeans\enterprise\update_tracking\org-netbeans-modules-jellytools-enterprise.xml
[2025-02-18 19:43:30.880]:         deleting file: C:\Program Files\NetBeans-2\netbeans\enterprise\config\Modules\org-netbeans-modules-websvc-jaxws-lightapi.xml
[2025-02-18 19:43:30.880]:         deleting file: C:\Program Files\NetBeans-2\netbeans\enterprise\config\Modules\org-netbeans-modules-javaee-beanvalidation.xml
[2025-02-18 19:43:30.881]:         deleting file: C:\Program Files\NetBeans-2\netbeans\enterprise\config\Modules\org-netbeans-modules-jellytools-enterprise.xml
[2025-02-18 19:43:30.882]:         deleting file: C:\Program Files\NetBeans-2\netbeans\enterprise\update_tracking\org-netbeans-modules-websvc-customization.xml
[2025-02-18 19:43:30.884]:         deleting file: C:\Program Files\NetBeans-2\netbeans\enterprise\update_tracking\org-netbeans-modules-jakartaee10-platform.xml
[2025-02-18 19:43:30.885]:         deleting file: C:\Program Files\NetBeans-2\netbeans\enterprise\update_tracking\org-netbeans-modules-j2ee-ejbverification.xml
[2025-02-18 19:43:30.886]:         deleting file: C:\Program Files\NetBeans-2\netbeans\enterprise\update_tracking\org-netbeans-modules-javaee-specs-support.xml
[2025-02-18 19:43:30.887]:         deleting file: C:\Program Files\NetBeans-2\netbeans\enterprise\config\Modules\org-netbeans-modules-websvc-customization.xml
[2025-02-18 19:43:30.889]:         deleting file: C:\Program Files\NetBeans-2\netbeans\enterprise\config\Modules\org-netbeans-modules-jakartaee10-platform.xml
[2025-02-18 19:43:30.890]:         deleting file: C:\Program Files\NetBeans-2\netbeans\enterprise\config\Modules\org-netbeans-modules-j2ee-ejbverification.xml
[2025-02-18 19:43:30.891]:         deleting file: C:\Program Files\NetBeans-2\netbeans\enterprise\config\Modules\org-netbeans-modules-javaee-specs-support.xml
[2025-02-18 19:43:30.892]:         deleting file: C:\Program Files\NetBeans-2\netbeans\enterprise\modules\ext\oci-java-sdk-common-httpclient-jersey-3.25.3.jar
[2025-02-18 19:43:30.893]:         deleting file: C:\Program Files\NetBeans-2\netbeans\enterprise\update_tracking\org-netbeans-modules-j2ee-ejbrefactoring.xml
[2025-02-18 19:43:30.894]:         deleting file: C:\Program Files\NetBeans-2\netbeans\enterprise\update_tracking\org-netbeans-modules-jakartaee8-platform.xml
[2025-02-18 19:43:30.896]:         deleting file: C:\Program Files\NetBeans-2\netbeans\enterprise\update_tracking\org-netbeans-modules-jakartaee9-platform.xml
[2025-02-18 19:43:30.897]:         deleting file: C:\Program Files\NetBeans-2\netbeans\enterprise\update_tracking\org-netbeans-modules-websvc-editor-hints.xml
[2025-02-18 19:43:30.898]:         deleting file: C:\Program Files\NetBeans-2\netbeans\enterprise\update_tracking\org-netbeans-modules-jakarta-transformer.xml
[2025-02-18 19:43:30.898]:         deleting file: C:\Program Files\NetBeans-2\netbeans\enterprise\config\Modules\org-netbeans-modules-j2ee-ejbrefactoring.xml
[2025-02-18 19:43:30.899]:         deleting file: C:\Program Files\NetBeans-2\netbeans\enterprise\config\Modules\org-netbeans-modules-jakartaee8-platform.xml
[2025-02-18 19:43:30.900]:         deleting file: C:\Program Files\NetBeans-2\netbeans\enterprise\config\Modules\org-netbeans-modules-jakartaee9-platform.xml
[2025-02-18 19:43:30.901]:         deleting file: C:\Program Files\NetBeans-2\netbeans\enterprise\config\Modules\org-netbeans-modules-websvc-editor-hints.xml
[2025-02-18 19:43:30.902]:         deleting file: C:\Program Files\NetBeans-2\netbeans\enterprise\config\Modules\org-netbeans-modules-jakarta-transformer.xml
[2025-02-18 19:43:30.903]:         deleting file: C:\Program Files\NetBeans-2\netbeans\enterprise\update_tracking\org-netbeans-modules-j2ee-ejbjarproject.xml
[2025-02-18 19:43:30.904]:         deleting file: C:\Program Files\NetBeans-2\netbeans\enterprise\update_tracking\org-netbeans-modules-web-jsf-navigation.xml
[2025-02-18 19:43:30.905]:         deleting file: C:\Program Files\NetBeans-2\netbeans\enterprise\update_tracking\org-netbeans-modules-glassfish-eecommon.xml
[2025-02-18 19:43:30.906]:         deleting file: C:\Program Files\NetBeans-2\netbeans\enterprise\update_tracking\org-netbeans-modules-j2ee-dd-webservice.xml
[2025-02-18 19:43:30.907]:         deleting file: C:\Program Files\NetBeans-2\netbeans\enterprise\update_tracking\org-netbeans-modules-j2ee-api-ejbmodule.xml
[2025-02-18 19:43:30.907]:         deleting file: C:\Program Files\NetBeans-2\netbeans\enterprise\update_tracking\org-netbeans-modules-j2ee-clientproject.xml
[2025-02-18 19:43:30.908]:         deleting file: C:\Program Files\NetBeans-2\netbeans\enterprise\update_tracking\org-netbeans-modules-j2ee-genericserver.xml
[2025-02-18 19:43:30.908]:         deleting file: C:\Program Files\NetBeans-2\netbeans\enterprise\config\Modules\org-netbeans-modules-j2ee-ejbjarproject.xml
[2025-02-18 19:43:30.909]:         deleting file: C:\Program Files\NetBeans-2\netbeans\enterprise\config\Modules\org-netbeans-modules-web-jsf-navigation.xml
[2025-02-18 19:43:30.910]:         deleting file: C:\Program Files\NetBeans-2\netbeans\enterprise\config\Modules\org-netbeans-modules-glassfish-eecommon.xml
[2025-02-18 19:43:30.911]:         deleting file: C:\Program Files\NetBeans-2\netbeans\enterprise\config\Modules\org-netbeans-modules-j2ee-dd-webservice.xml
[2025-02-18 19:43:30.912]:         deleting file: C:\Program Files\NetBeans-2\netbeans\enterprise\config\Modules\org-netbeans-modules-j2ee-api-ejbmodule.xml
[2025-02-18 19:43:30.913]:         deleting file: C:\Program Files\NetBeans-2\netbeans\enterprise\config\Modules\org-netbeans-modules-j2ee-clientproject.xml
[2025-02-18 19:43:30.914]:         deleting file: C:\Program Files\NetBeans-2\netbeans\enterprise\config\Modules\org-netbeans-modules-j2ee-genericserver.xml
[2025-02-18 19:43:30.915]:         deleting file: C:\Program Files\NetBeans-2\netbeans\enterprise\modules\org-netbeans-modules-projectimport-eclipse-web.jar
[2025-02-18 19:43:30.917]:         deleting file: C:\Program Files\NetBeans-2\netbeans\enterprise\modules\ext\jersey2\jersey-container-servlet-core-2.35.jar
[2025-02-18 19:43:30.918]:         deleting file: C:\Program Files\NetBeans-2\netbeans\enterprise\ant\sources\org\netbeans\modules\web\project\ant\JspC.java
[2025-02-18 19:43:30.919]:         deleting file: C:\Program Files\NetBeans-2\netbeans\enterprise\update_tracking\org-netbeans-modules-web-jsf-richfaces.xml
[2025-02-18 19:43:30.920]:         deleting file: C:\Program Files\NetBeans-2\netbeans\enterprise\update_tracking\org-netbeans-modules-jakarta-web-beans.xml
[2025-02-18 19:43:30.921]:         deleting file: C:\Program Files\NetBeans-2\netbeans\enterprise\update_tracking\org-netbeans-modules-websvc-jaxwsmodel.xml
[2025-02-18 19:43:30.922]:         deleting file: C:\Program Files\NetBeans-2\netbeans\enterprise\update_tracking\org-netbeans-modules-websvc-wsstackapi.xml
[2025-02-18 19:43:30.923]:         deleting file: C:\Program Files\NetBeans-2\netbeans\enterprise\update_tracking\org-netbeans-modules-glassfish-tooling.xml
[2025-02-18 19:43:30.923]:         deleting file: C:\Program Files\NetBeans-2\netbeans\enterprise\update_tracking\org-netbeans-modules-websvc-projectapi.xml
[2025-02-18 19:43:30.924]:         deleting file: C:\Program Files\NetBeans-2\netbeans\enterprise\config\Modules\org-netbeans-modules-web-jsf-richfaces.xml
[2025-02-18 19:43:30.925]:         deleting file: C:\Program Files\NetBeans-2\netbeans\enterprise\config\Modules\org-netbeans-modules-jakarta-web-beans.xml
[2025-02-18 19:43:30.926]:         deleting file: C:\Program Files\NetBeans-2\netbeans\enterprise\config\Modules\org-netbeans-modules-websvc-jaxwsmodel.xml
[2025-02-18 19:43:30.926]:         deleting file: C:\Program Files\NetBeans-2\netbeans\enterprise\config\Modules\org-netbeans-modules-websvc-wsstackapi.xml
[2025-02-18 19:43:30.927]:         deleting file: C:\Program Files\NetBeans-2\netbeans\enterprise\config\Modules\org-netbeans-modules-glassfish-tooling.xml
[2025-02-18 19:43:30.927]:         deleting file: C:\Program Files\NetBeans-2\netbeans\enterprise\config\Modules\org-netbeans-modules-websvc-projectapi.xml
[2025-02-18 19:43:30.928]:         deleting file: C:\Program Files\NetBeans-2\netbeans\enterprise\modules\org-netbeans-modules-websvc-saas-codegen-j2ee.jar
[2025-02-18 19:43:30.929]:         deleting file: C:\Program Files\NetBeans-2\netbeans\enterprise\update_tracking\org-netbeans-modules-websvc-metro-lib.xml
[2025-02-18 19:43:30.930]:         deleting file: C:\Program Files\NetBeans-2\netbeans\enterprise\update_tracking\org-netbeans-modules-glassfish-javaee.xml
[2025-02-18 19:43:30.930]:         deleting file: C:\Program Files\NetBeans-2\netbeans\enterprise\update_tracking\org-netbeans-modules-websvc-utilities.xml
[2025-02-18 19:43:30.931]:         deleting file: C:\Program Files\NetBeans-2\netbeans\enterprise\update_tracking\org-netbeans-modules-javaee-resources.xml
[2025-02-18 19:43:30.932]:         deleting file: C:\Program Files\NetBeans-2\netbeans\enterprise\update_tracking\org-netbeans-modules-web-jsf-icefaces.xml
[2025-02-18 19:43:30.932]:         deleting file: C:\Program Files\NetBeans-2\netbeans\enterprise\update_tracking\org-netbeans-modules-payara-jakartaee.xml
[2025-02-18 19:43:30.933]:         deleting file: C:\Program Files\NetBeans-2\netbeans\enterprise\update_tracking\org-netbeans-modules-websvc-websvcapi.xml
[2025-02-18 19:43:30.935]:         deleting file: C:\Program Files\NetBeans-2\netbeans\enterprise\update_tracking\org-netbeans-modules-websvc-clientapi.xml
[2025-02-18 19:43:30.936]:         deleting file: C:\Program Files\NetBeans-2\netbeans\enterprise\update_tracking\org-netbeans-modules-glassfish-common.xml
[2025-02-18 19:43:30.937]:         deleting file: C:\Program Files\NetBeans-2\netbeans\enterprise\config\Modules\org-netbeans-modules-websvc-metro-lib.xml
[2025-02-18 19:43:30.938]:         deleting file: C:\Program Files\NetBeans-2\netbeans\enterprise\config\Modules\org-netbeans-modules-glassfish-javaee.xml
[2025-02-18 19:43:30.939]:         deleting file: C:\Program Files\NetBeans-2\netbeans\enterprise\config\Modules\org-netbeans-modules-websvc-utilities.xml
[2025-02-18 19:43:30.940]:         deleting file: C:\Program Files\NetBeans-2\netbeans\enterprise\config\Modules\org-netbeans-modules-javaee-resources.xml
[2025-02-18 19:43:30.941]:         deleting file: C:\Program Files\NetBeans-2\netbeans\enterprise\config\Modules\org-netbeans-modules-web-jsf-icefaces.xml
[2025-02-18 19:43:30.941]:         deleting file: C:\Program Files\NetBeans-2\netbeans\enterprise\config\Modules\org-netbeans-modules-payara-jakartaee.xml
[2025-02-18 19:43:30.942]:         deleting file: C:\Program Files\NetBeans-2\netbeans\enterprise\config\Modules\org-netbeans-modules-websvc-websvcapi.xml
[2025-02-18 19:43:30.943]:         deleting file: C:\Program Files\NetBeans-2\netbeans\enterprise\config\Modules\org-netbeans-modules-websvc-clientapi.xml
[2025-02-18 19:43:30.944]:         deleting file: C:\Program Files\NetBeans-2\netbeans\enterprise\config\Modules\org-netbeans-modules-glassfish-common.xml
[2025-02-18 19:43:30.944]:         deleting file: C:\Program Files\NetBeans-2\netbeans\enterprise\modules\ext\spring-boot-configuration-metadata-2.4.4.jar
[2025-02-18 19:43:30.945]:         deleting file: C:\Program Files\NetBeans-2\netbeans\enterprise\update_tracking\org-netbeans-modules-payara-eecommon.xml
[2025-02-18 19:43:30.946]:         deleting file: C:\Program Files\NetBeans-2\netbeans\enterprise\update_tracking\org-netbeans-modules-web-core-syntax.xml
[2025-02-18 19:43:30.947]:         deleting file: C:\Program Files\NetBeans-2\netbeans\enterprise\update_tracking\org-netbeans-modules-weblogic-common.xml
[2025-02-18 19:43:30.947]:         deleting file: C:\Program Files\NetBeans-2\netbeans\enterprise\update_tracking\org-netbeans-modules-web-refactoring.xml
[2025-02-18 19:43:30.948]:         deleting file: C:\Program Files\NetBeans-2\netbeans\enterprise\update_tracking\org-netbeans-libs-commons_fileupload.xml
[2025-02-18 19:43:30.949]:         deleting file: C:\Program Files\NetBeans-2\netbeans\enterprise\update_tracking\org-netbeans-modules-websvc-jaxwsapi.xml
[2025-02-18 19:43:30.950]:         deleting file: C:\Program Files\NetBeans-2\netbeans\enterprise\update_tracking\org-netbeans-modules-j2ee-earproject.xml
[2025-02-18 19:43:30.950]:         deleting file: C:\Program Files\NetBeans-2\netbeans\enterprise\update_tracking\org-netbeans-modules-j2ee-sun-appsrv.xml
[2025-02-18 19:43:30.951]:         deleting file: C:\Program Files\NetBeans-2\netbeans\enterprise\update_tracking\org-netbeans-modules-jakartaee10-api.xml
[2025-02-18 19:43:30.952]:         deleting file: C:\Program Files\NetBeans-2\netbeans\enterprise\update_tracking\org-netbeans-modules-web-client-rest.xml
[2025-02-18 19:43:30.953]:         deleting file: C:\Program Files\NetBeans-2\netbeans\groovy\update_tracking\org-netbeans-modules-groovy-refactoring.xml
[2025-02-18 19:43:30.954]:         deleting file: C:\Program Files\NetBeans-2\netbeans\enterprise\config\Modules\org-netbeans-modules-payara-eecommon.xml
[2025-02-18 19:43:30.954]:         deleting file: C:\Program Files\NetBeans-2\netbeans\enterprise\config\Modules\org-netbeans-modules-web-core-syntax.xml
[2025-02-18 19:43:30.955]:         deleting file: C:\Program Files\NetBeans-2\netbeans\enterprise\config\Modules\org-netbeans-modules-weblogic-common.xml
[2025-02-18 19:43:30.955]:         deleting file: C:\Program Files\NetBeans-2\netbeans\enterprise\config\Modules\org-netbeans-modules-web-refactoring.xml
[2025-02-18 19:43:30.956]:         deleting file: C:\Program Files\NetBeans-2\netbeans\enterprise\config\Modules\org-netbeans-libs-commons_fileupload.xml
[2025-02-18 19:43:30.957]:         deleting file: C:\Program Files\NetBeans-2\netbeans\enterprise\config\Modules\org-netbeans-modules-websvc-jaxwsapi.xml
[2025-02-18 19:43:30.958]:         deleting file: C:\Program Files\NetBeans-2\netbeans\enterprise\config\Modules\org-netbeans-modules-j2ee-earproject.xml
[2025-02-18 19:43:30.958]:         deleting file: C:\Program Files\NetBeans-2\netbeans\enterprise\config\Modules\org-netbeans-modules-j2ee-sun-appsrv.xml
[2025-02-18 19:43:30.959]:         deleting file: C:\Program Files\NetBeans-2\netbeans\enterprise\config\Modules\org-netbeans-modules-jakartaee10-api.xml
[2025-02-18 19:43:30.960]:         deleting file: C:\Program Files\NetBeans-2\netbeans\enterprise\config\Modules\org-netbeans-modules-web-client-rest.xml
[2025-02-18 19:43:30.960]:         deleting file: C:\Program Files\NetBeans-2\netbeans\enterprise\update_tracking\org-netbeans-modules-j2ee-ddloaders.xml
[2025-02-18 19:43:30.961]:         deleting file: C:\Program Files\NetBeans-2\netbeans\enterprise\update_tracking\org-netbeans-modules-jakartaee8-api.xml
[2025-02-18 19:43:30.962]:         deleting file: C:\Program Files\NetBeans-2\netbeans\enterprise\update_tracking\org-netbeans-modules-websvc-restkit.xml
[2025-02-18 19:43:30.962]:         deleting file: C:\Program Files\NetBeans-2\netbeans\enterprise\update_tracking\org-netbeans-modules-javaee-project.xml
[2025-02-18 19:43:30.963]:         deleting file: C:\Program Files\NetBeans-2\netbeans\enterprise\update_tracking\org-netbeans-modules-payara-tooling.xml
[2025-02-18 19:43:30.963]:         deleting file: C:\Program Files\NetBeans-2\netbeans\enterprise\update_tracking\org-netbeans-libs-glassfish_logging.xml
[2025-02-18 19:43:30.965]:         deleting file: C:\Program Files\NetBeans-2\netbeans\enterprise\update_tracking\org-netbeans-modules-javaee-wildfly.xml
[2025-02-18 19:43:30.965]:         deleting file: C:\Program Files\NetBeans-2\netbeans\enterprise\update_tracking\org-netbeans-modules-web-jsf-editor.xml
[2025-02-18 19:43:30.966]:         deleting file: C:\Program Files\NetBeans-2\netbeans\enterprise\update_tracking\org-netbeans-modules-web-bootsfaces.xml
[2025-02-18 19:43:30.967]:         deleting file: C:\Program Files\NetBeans-2\netbeans\enterprise\update_tracking\org-netbeans-modules-web-primefaces.xml
[2025-02-18 19:43:30.967]:         deleting file: C:\Program Files\NetBeans-2\netbeans\enterprise\update_tracking\org-netbeans-modules-websvc-restapi.xml
[2025-02-18 19:43:30.967]:         deleting file: C:\Program Files\NetBeans-2\netbeans\enterprise\update_tracking\org-netbeans-modules-websvc-restlib.xml
[2025-02-18 19:43:30.968]:         deleting file: C:\Program Files\NetBeans-2\netbeans\enterprise\update_tracking\org-netbeans-modules-jakartaee9-api.xml
[2025-02-18 19:43:30.969]:         deleting file: C:\Program Files\NetBeans-2\netbeans\enterprise\update_tracking\org-netbeans-modules-websvc-manager.xml
[2025-02-18 19:43:30.970]:         deleting file: C:\Program Files\NetBeans-2\netbeans\groovy\config\Modules\org-netbeans-modules-groovy-refactoring.xml
[2025-02-18 19:43:30.971]:         deleting file: C:\Program Files\NetBeans-2\netbeans\groovy\update_tracking\org-netbeans-modules-groovy-antproject.xml
[2025-02-18 19:43:30.971]:         deleting file: C:\Program Files\NetBeans-2\netbeans\enterprise\config\Modules\org-netbeans-modules-j2ee-ddloaders.xml
[2025-02-18 19:43:30.971]:         deleting file: C:\Program Files\NetBeans-2\netbeans\enterprise\config\Modules\org-netbeans-modules-jakartaee8-api.xml
[2025-02-18 19:43:30.973]:         deleting file: C:\Program Files\NetBeans-2\netbeans\enterprise\config\Modules\org-netbeans-modules-websvc-restkit.xml
[2025-02-18 19:43:30.973]:         deleting file: C:\Program Files\NetBeans-2\netbeans\enterprise\config\Modules\org-netbeans-modules-javaee-project.xml
[2025-02-18 19:43:30.974]:         deleting file: C:\Program Files\NetBeans-2\netbeans\enterprise\config\Modules\org-netbeans-modules-payara-tooling.xml
[2025-02-18 19:43:30.974]:         deleting file: C:\Program Files\NetBeans-2\netbeans\enterprise\config\Modules\org-netbeans-libs-glassfish_logging.xml
[2025-02-18 19:43:30.975]:         deleting file: C:\Program Files\NetBeans-2\netbeans\enterprise\config\Modules\org-netbeans-modules-javaee-wildfly.xml
[2025-02-18 19:43:30.976]:         deleting file: C:\Program Files\NetBeans-2\netbeans\enterprise\config\Modules\org-netbeans-modules-web-jsf-editor.xml
[2025-02-18 19:43:30.976]:         deleting file: C:\Program Files\NetBeans-2\netbeans\enterprise\config\Modules\org-netbeans-modules-web-bootsfaces.xml
[2025-02-18 19:43:30.977]:         deleting file: C:\Program Files\NetBeans-2\netbeans\enterprise\config\Modules\org-netbeans-modules-web-primefaces.xml
[2025-02-18 19:43:30.978]:         deleting file: C:\Program Files\NetBeans-2\netbeans\enterprise\config\Modules\org-netbeans-modules-websvc-restapi.xml
[2025-02-18 19:43:30.978]:         deleting file: C:\Program Files\NetBeans-2\netbeans\enterprise\config\Modules\org-netbeans-modules-websvc-restlib.xml
[2025-02-18 19:43:30.979]:         deleting file: C:\Program Files\NetBeans-2\netbeans\enterprise\config\Modules\org-netbeans-modules-jakartaee9-api.xml
[2025-02-18 19:43:30.980]:         deleting file: C:\Program Files\NetBeans-2\netbeans\enterprise\config\Modules\org-netbeans-modules-websvc-manager.xml
[2025-02-18 19:43:30.980]:         deleting file: C:\Program Files\NetBeans-2\netbeans\enterprise\modules\org-netbeans-modules-javaee-beanvalidation.jar
[2025-02-18 19:43:30.981]:         deleting file: C:\Program Files\NetBeans-2\netbeans\enterprise\modules\ext\jackson\jackson-dataformat-cbor-2.16.1.jar
[2025-02-18 19:43:30.982]:         deleting file: C:\Program Files\NetBeans-2\netbeans\enterprise\modules\ext\jackson\jackson-datatype-jsr310-2.16.1.jar
[2025-02-18 19:43:30.982]:         deleting file: C:\Program Files\NetBeans-2\netbeans\enterprise\modules\ext\jersey2\jersey-media-json-jackson-2.35.jar
[2025-02-18 19:43:30.983]:         deleting file: C:\Program Files\NetBeans-2\netbeans\enterprise\modules\org-netbeans-modules-websvc-jaxws-lightapi.jar
[2025-02-18 19:43:30.983]:         deleting file: C:\Program Files\NetBeans-2\netbeans\enterprise\modules\org-netbeans-modules-jellytools-enterprise.jar
[2025-02-18 19:43:30.984]:         deleting file: C:\Program Files\NetBeans-2\netbeans\enterprise\update_tracking\org-netbeans-modules-j2ee-platform.xml
[2025-02-18 19:43:30.985]:         deleting file: C:\Program Files\NetBeans-2\netbeans\enterprise\update_tracking\org-netbeans-modules-gradle-javaee.xml
[2025-02-18 19:43:30.986]:         deleting file: C:\Program Files\NetBeans-2\netbeans\enterprise\update_tracking\org-netbeans-modules-spring-webmvc.xml
[2025-02-18 19:43:30.987]:         deleting file: C:\Program Files\NetBeans-2\netbeans\enterprise\update_tracking\org-netbeans-modules-j2ee-sun-ddui.xml
[2025-02-18 19:43:30.987]:         deleting file: C:\Program Files\NetBeans-2\netbeans\enterprise\update_tracking\org-netbeans-modules-payara-common.xml
[2025-02-18 19:43:30.988]:         deleting file: C:\Program Files\NetBeans-2\netbeans\enterprise\update_tracking\org-netbeans-modules-web-jspparser.xml
[2025-02-18 19:43:30.988]:         deleting file: C:\Program Files\NetBeans-2\netbeans\enterprise\update_tracking\org-netbeans-modules-websvc-design.xml
[2025-02-18 19:43:30.990]:         deleting file: C:\Program Files\NetBeans-2\netbeans\enterprise\update_tracking\org-netbeans-modules-profiler-j2ee.xml
[2025-02-18 19:43:30.990]:         deleting file: C:\Program Files\NetBeans-2\netbeans\enterprise\update_tracking\org-netbeans-modules-servletjspapi.xml
[2025-02-18 19:43:30.991]:         deleting file: C:\Program Files\NetBeans-2\netbeans\groovy\config\Modules\org-netbeans-modules-groovy-antproject.xml
[2025-02-18 19:43:30.991]:         deleting file: C:\Program Files\NetBeans-2\netbeans\enterprise\config\Modules\org-netbeans-modules-j2ee-platform.xml
[2025-02-18 19:43:30.992]:         deleting file: C:\Program Files\NetBeans-2\netbeans\enterprise\config\Modules\org-netbeans-modules-gradle-javaee.xml
[2025-02-18 19:43:30.992]:         deleting file: C:\Program Files\NetBeans-2\netbeans\enterprise\config\Modules\org-netbeans-modules-spring-webmvc.xml
[2025-02-18 19:43:30.993]:         deleting file: C:\Program Files\NetBeans-2\netbeans\enterprise\config\Modules\org-netbeans-modules-j2ee-sun-ddui.xml
[2025-02-18 19:43:30.994]:         deleting file: C:\Program Files\NetBeans-2\netbeans\enterprise\config\Modules\org-netbeans-modules-payara-common.xml
[2025-02-18 19:43:30.994]:         deleting file: C:\Program Files\NetBeans-2\netbeans\enterprise\config\Modules\org-netbeans-modules-web-jspparser.xml
[2025-02-18 19:43:30.995]:         deleting file: C:\Program Files\NetBeans-2\netbeans\enterprise\config\Modules\org-netbeans-modules-websvc-design.xml
[2025-02-18 19:43:30.995]:         deleting file: C:\Program Files\NetBeans-2\netbeans\enterprise\config\Modules\org-netbeans-modules-profiler-j2ee.xml
[2025-02-18 19:43:30.996]:         deleting file: C:\Program Files\NetBeans-2\netbeans\enterprise\config\Modules\org-netbeans-modules-servletjspapi.xml
[2025-02-18 19:43:30.997]:         deleting file: C:\Program Files\NetBeans-2\netbeans\enterprise\modules\org-netbeans-modules-jakartaee10-platform.jar
[2025-02-18 19:43:30.997]:         deleting file: C:\Program Files\NetBeans-2\netbeans\enterprise\modules\org-netbeans-modules-j2ee-ejbverification.jar
[2025-02-18 19:43:30.999]:         deleting file: C:\Program Files\NetBeans-2\netbeans\enterprise\modules\org-netbeans-modules-websvc-customization.jar
[2025-02-18 19:43:31.000]:         deleting file: C:\Program Files\NetBeans-2\netbeans\enterprise\modules\ext\oci-java-sdk-common-httpclient-3.25.3.jar
[2025-02-18 19:43:31.001]:         deleting file: C:\Program Files\NetBeans-2\netbeans\enterprise\modules\ext\javaee6-endorsed\webservices-api-osgi.jar
[2025-02-18 19:43:31.002]:         deleting file: C:\Program Files\NetBeans-2\netbeans\enterprise\modules\ext\jersey2\jakarta.persistence-api-2.2.3.jar
[2025-02-18 19:43:31.003]:         deleting file: C:\Program Files\NetBeans-2\netbeans\enterprise\modules\ext\jersey2\jersey-container-servlet-2.35.jar
[2025-02-18 19:43:31.004]:         deleting file: C:\Program Files\NetBeans-2\netbeans\enterprise\modules\ext\javaee7-endorsed\javax.annotation-api.jar
[2025-02-18 19:43:31.005]:         deleting file: C:\Program Files\NetBeans-2\netbeans\enterprise\modules\org-netbeans-modules-javaee-specs-support.jar
[2025-02-18 19:43:31.006]:         deleting file: C:\Program Files\NetBeans-2\netbeans\enterprise\update_tracking\org-netbeans-modules-cloud-amazon.xml
[2025-02-18 19:43:31.006]:         deleting file: C:\Program Files\NetBeans-2\netbeans\enterprise\update_tracking\org-netbeans-modules-payara-micro.xml
[2025-02-18 19:43:31.007]:         deleting file: C:\Program Files\NetBeans-2\netbeans\enterprise\update_tracking\org-netbeans-modules-cloud-oracle.xml
[2025-02-18 19:43:31.008]:         deleting file: C:\Program Files\NetBeans-2\netbeans\enterprise\update_tracking\org-netbeans-modules-web-freeform.xml
[2025-02-18 19:43:31.008]:         deleting file: C:\Program Files\NetBeans-2\netbeans\enterprise\update_tracking\org-netbeans-modules-j2ee-ejbcore.xml
[2025-02-18 19:43:31.009]:         deleting file: C:\Program Files\NetBeans-2\netbeans\enterprise\update_tracking\org-netbeans-modules-cloud-common.xml
[2025-02-18 19:43:31.010]:         deleting file: C:\Program Files\NetBeans-2\netbeans\enterprise\config\Modules\org-netbeans-modules-cloud-amazon.xml
[2025-02-18 19:43:31.010]:         deleting file: C:\Program Files\NetBeans-2\netbeans\enterprise\config\Modules\org-netbeans-modules-payara-micro.xml
[2025-02-18 19:43:31.011]:         deleting file: C:\Program Files\NetBeans-2\netbeans\enterprise\config\Modules\org-netbeans-modules-cloud-oracle.xml
[2025-02-18 19:43:31.011]:         deleting file: C:\Program Files\NetBeans-2\netbeans\enterprise\config\Modules\org-netbeans-modules-web-freeform.xml
[2025-02-18 19:43:31.012]:         deleting file: C:\Program Files\NetBeans-2\netbeans\enterprise\config\Modules\org-netbeans-modules-j2ee-ejbcore.xml
[2025-02-18 19:43:31.012]:         deleting file: C:\Program Files\NetBeans-2\netbeans\enterprise\config\Modules\org-netbeans-modules-cloud-common.xml
[2025-02-18 19:43:31.013]:         deleting file: C:\Program Files\NetBeans-2\netbeans\enterprise\modules\org-netbeans-modules-jakartaee9-platform.jar
[2025-02-18 19:43:31.013]:         deleting file: C:\Program Files\NetBeans-2\netbeans\enterprise\modules\org-netbeans-modules-websvc-editor-hints.jar
[2025-02-18 19:43:31.013]:         deleting file: C:\Program Files\NetBeans-2\netbeans\enterprise\modules\ext\jersey2\jakarta.validation-api-2.0.2.jar
[2025-02-18 19:43:31.014]:         deleting file: C:\Program Files\NetBeans-2\netbeans\enterprise\modules\ext\jersey2\jakarta.activation-api-1.2.1.jar
[2025-02-18 19:43:31.016]:         deleting file: C:\Program Files\NetBeans-2\netbeans\enterprise\modules\ext\jersey2\jakarta.annotation-api-2.1.1.jar
[2025-02-18 19:43:31.016]:         deleting file: C:\Program Files\NetBeans-2\netbeans\enterprise\modules\ext\jersey2\aopalliance-repackaged-2.6.1.jar
[2025-02-18 19:43:31.017]:         deleting file: C:\Program Files\NetBeans-2\netbeans\enterprise\modules\ext\jersey2\jersey-entity-filtering-2.35.jar
[2025-02-18 19:43:31.018]:         deleting file: C:\Program Files\NetBeans-2\netbeans\enterprise\modules\ext\jersey2\jersey-apache-connector-2.35.jar
[2025-02-18 19:43:31.019]:         deleting file: C:\Program Files\NetBeans-2\netbeans\enterprise\modules\ext\org-netbeans-modules-web-httpmonitor.jar
[2025-02-18 19:43:31.020]:         deleting file: C:\Program Files\NetBeans-2\netbeans\enterprise\modules\org-netbeans-modules-jakartaee8-platform.jar
[2025-02-18 19:43:31.020]:         deleting file: C:\Program Files\NetBeans-2\netbeans\enterprise\modules\org-netbeans-modules-jakarta-transformer.jar
[2025-02-18 19:43:31.021]:         deleting file: C:\Program Files\NetBeans-2\netbeans\enterprise\modules\org-netbeans-modules-j2ee-ejbrefactoring.jar
[2025-02-18 19:43:31.021]:         deleting file: C:\Program Files\NetBeans-2\netbeans\enterprise\update_tracking\org-netbeans-modules-web-project.xml
[2025-02-18 19:43:31.022]:         deleting file: C:\Program Files\NetBeans-2\netbeans\enterprise\update_tracking\org-netbeans-modules-websvc-owsm.xml
[2025-02-18 19:43:31.023]:         deleting file: C:\Program Files\NetBeans-2\netbeans\enterprise\update_tracking\org-netbeans-modules-j2ee-sun-dd.xml
[2025-02-18 19:43:31.023]:         deleting file: C:\Program Files\NetBeans-2\netbeans\enterprise\update_tracking\org-netbeans-modules-javaee8-api.xml
[2025-02-18 19:43:31.023]:         deleting file: C:\Program Files\NetBeans-2\netbeans\enterprise\update_tracking\org-netbeans-modules-web-monitor.xml
[2025-02-18 19:43:31.024]:         deleting file: C:\Program Files\NetBeans-2\netbeans\enterprise\update_tracking\org-netbeans-modules-websvc-rest.xml
[2025-02-18 19:43:31.025]:         deleting file: C:\Program Files\NetBeans-2\netbeans\enterprise\update_tracking\org-netbeans-modules-web-jsf-kit.xml
[2025-02-18 19:43:31.025]:         deleting file: C:\Program Files\NetBeans-2\netbeans\enterprise\update_tracking\org-netbeans-modules-web-jsf12ri.xml
[2025-02-18 19:43:31.025]:         deleting file: C:\Program Files\NetBeans-2\netbeans\enterprise\update_tracking\org-netbeans-modules-javaee7-api.xml
[2025-02-18 19:43:31.025]:         deleting file: C:\Program Files\NetBeans-2\netbeans\enterprise\update_tracking\org-netbeans-modules-j2ee-common.xml
[2025-02-18 19:43:31.026]:         deleting file: C:\Program Files\NetBeans-2\netbeans\enterprise\update_tracking\org-netbeans-modules-websvc-core.xml
[2025-02-18 19:43:31.027]:         deleting file: C:\Program Files\NetBeans-2\netbeans\enterprise\update_tracking\org-netbeans-modules-maven-jaxws.xml
[2025-02-18 19:43:31.027]:         deleting file: C:\Program Files\NetBeans-2\netbeans\groovy\update_tracking\org-netbeans-modules-groovy-support.xml
[2025-02-18 19:43:31.029]:         deleting file: C:\Program Files\NetBeans-2\netbeans\groovy\update_tracking\org-netbeans-modules-groovy-samples.xml
[2025-02-18 19:43:31.029]:         deleting file: C:\Program Files\NetBeans-2\netbeans\enterprise\config\Modules\org-netbeans-modules-web-project.xml
[2025-02-18 19:43:31.030]:         deleting file: C:\Program Files\NetBeans-2\netbeans\enterprise\config\Modules\org-netbeans-modules-websvc-owsm.xml
[2025-02-18 19:43:31.030]:         deleting file: C:\Program Files\NetBeans-2\netbeans\enterprise\config\Modules\org-netbeans-modules-j2ee-sun-dd.xml
[2025-02-18 19:43:31.030]:         deleting file: C:\Program Files\NetBeans-2\netbeans\enterprise\config\Modules\org-netbeans-modules-javaee8-api.xml
[2025-02-18 19:43:31.031]:         deleting file: C:\Program Files\NetBeans-2\netbeans\enterprise\config\Modules\org-netbeans-modules-web-monitor.xml
[2025-02-18 19:43:31.031]:         deleting file: C:\Program Files\NetBeans-2\netbeans\enterprise\config\Modules\org-netbeans-modules-websvc-rest.xml
[2025-02-18 19:43:31.033]:         deleting file: C:\Program Files\NetBeans-2\netbeans\enterprise\config\Modules\org-netbeans-modules-web-jsf-kit.xml
[2025-02-18 19:43:31.034]:         deleting file: C:\Program Files\NetBeans-2\netbeans\enterprise\config\Modules\org-netbeans-modules-web-jsf12ri.xml
[2025-02-18 19:43:31.034]:         deleting file: C:\Program Files\NetBeans-2\netbeans\enterprise\config\Modules\org-netbeans-modules-javaee7-api.xml
[2025-02-18 19:43:31.034]:         deleting file: C:\Program Files\NetBeans-2\netbeans\enterprise\config\Modules\org-netbeans-modules-j2ee-common.xml
[2025-02-18 19:43:31.035]:         deleting file: C:\Program Files\NetBeans-2\netbeans\enterprise\config\Modules\org-netbeans-modules-websvc-core.xml
[2025-02-18 19:43:31.035]:         deleting file: C:\Program Files\NetBeans-2\netbeans\enterprise\config\Modules\org-netbeans-modules-maven-jaxws.xml
[2025-02-18 19:43:31.036]:         deleting file: C:\Program Files\NetBeans-2\netbeans\enterprise\modules\org-netbeans-modules-j2ee-ejbjarproject.jar
[2025-02-18 19:43:31.036]:         deleting file: C:\Program Files\NetBeans-2\netbeans\enterprise\modules\org-netbeans-modules-j2ee-api-ejbmodule.jar
[2025-02-18 19:43:31.037]:         deleting file: C:\Program Files\NetBeans-2\netbeans\enterprise\modules\org-netbeans-modules-j2ee-clientproject.jar
[2025-02-18 19:43:31.037]:         deleting file: C:\Program Files\NetBeans-2\netbeans\enterprise\modules\ext\jersey2\osgi-resource-locator-1.0.3.jar
[2025-02-18 19:43:31.038]:         deleting file: C:\Program Files\NetBeans-2\netbeans\enterprise\modules\ext\javaee7-endorsed\javax.xml.soap-api.jar
[2025-02-18 19:43:31.039]:         deleting file: C:\Program Files\NetBeans-2\netbeans\enterprise\modules\ext\struts\struts-mailreader-dao-1.3.10.jar
[2025-02-18 19:43:31.039]:         deleting file: C:\Program Files\NetBeans-2\netbeans\enterprise\modules\org-netbeans-modules-j2ee-genericserver.jar
[2025-02-18 19:43:31.040]:         deleting file: C:\Program Files\NetBeans-2\netbeans\enterprise\modules\org-netbeans-modules-glassfish-eecommon.jar
[2025-02-18 19:43:31.042]:         deleting file: C:\Program Files\NetBeans-2\netbeans\enterprise\modules\org-netbeans-modules-web-jsf-navigation.jar
[2025-02-18 19:43:31.043]:         deleting file: C:\Program Files\NetBeans-2\netbeans\enterprise\modules\org-netbeans-modules-j2ee-dd-webservice.jar
[2025-02-18 19:43:31.043]:         deleting file: C:\Program Files\NetBeans-2\netbeans\enterprise\update_tracking\org-netbeans-modules-websvc-kit.xml
[2025-02-18 19:43:31.044]:         deleting file: C:\Program Files\NetBeans-2\netbeans\enterprise\update_tracking\org-netbeans-modules-j2eeserver.xml
[2025-02-18 19:43:31.045]:         deleting file: C:\Program Files\NetBeans-2\netbeans\enterprise\update_tracking\org-netbeans-modules-javaee-api.xml
[2025-02-18 19:43:31.045]:         deleting file: C:\Program Files\NetBeans-2\netbeans\enterprise\update_tracking\org-netbeans-modules-web-struts.xml
[2025-02-18 19:43:31.046]:         deleting file: C:\Program Files\NetBeans-2\netbeans\enterprise\update_tracking\org-netbeans-modules-web-jsfapi.xml
[2025-02-18 19:43:31.046]:         deleting file: C:\Program Files\NetBeans-2\netbeans\enterprise\update_tracking\org-netbeans-modules-maven-j2ee.xml
[2025-02-18 19:43:31.047]:         deleting file: C:\Program Files\NetBeans-2\netbeans\groovy\config\Modules\org-netbeans-modules-groovy-support.xml
[2025-02-18 19:43:31.047]:         deleting file: C:\Program Files\NetBeans-2\netbeans\groovy\config\Modules\org-netbeans-modules-groovy-samples.xml
[2025-02-18 19:43:31.048]:         deleting file: C:\Program Files\NetBeans-2\netbeans\groovy\update_tracking\org-netbeans-modules-groovy-editor.xml
[2025-02-18 19:43:31.048]:         deleting file: C:\Program Files\NetBeans-2\netbeans\groovy\update_tracking\org-netbeans-modules-gradle-groovy.xml
[2025-02-18 19:43:31.049]:         deleting file: C:\Program Files\NetBeans-2\netbeans\enterprise\config\Modules\org-netbeans-modules-websvc-kit.xml
[2025-02-18 19:43:31.049]:         deleting file: C:\Program Files\NetBeans-2\netbeans\enterprise\config\Modules\org-netbeans-modules-j2eeserver.xml
[2025-02-18 19:43:31.050]:         deleting file: C:\Program Files\NetBeans-2\netbeans\enterprise\config\Modules\org-netbeans-modules-javaee-api.xml
[2025-02-18 19:43:31.051]:         deleting file: C:\Program Files\NetBeans-2\netbeans\enterprise\config\Modules\org-netbeans-modules-web-struts.xml
[2025-02-18 19:43:31.051]:         deleting file: C:\Program Files\NetBeans-2\netbeans\enterprise\config\Modules\org-netbeans-modules-web-jsfapi.xml
[2025-02-18 19:43:31.052]:         deleting file: C:\Program Files\NetBeans-2\netbeans\enterprise\config\Modules\org-netbeans-modules-maven-j2ee.xml
[2025-02-18 19:43:31.052]:         deleting file: C:\Program Files\NetBeans-2\netbeans\enterprise\modules\org-netbeans-modules-web-jsf-richfaces.jar
[2025-02-18 19:43:31.053]:         deleting file: C:\Program Files\NetBeans-2\netbeans\enterprise\modules\org-netbeans-modules-websvc-jaxwsmodel.jar
[2025-02-18 19:43:31.054]:         deleting file: C:\Program Files\NetBeans-2\netbeans\enterprise\modules\org-netbeans-modules-websvc-wsstackapi.jar
[2025-02-18 19:43:31.055]:         deleting file: C:\Program Files\NetBeans-2\netbeans\enterprise\modules\ext\aws-sdk\aws-java-sdk-core-1.11.569.jar
[2025-02-18 19:43:31.055]:         deleting file: C:\Program Files\NetBeans-2\netbeans\enterprise\modules\ext\oci-java-sdk-circuitbreaker-3.25.3.jar
[2025-02-18 19:43:31.057]:         deleting file: C:\Program Files\NetBeans-2\netbeans\enterprise\modules\ext\jackson\jackson-annotations-2.16.1.jar
[2025-02-18 19:43:31.058]:         deleting file: C:\Program Files\NetBeans-2\netbeans\enterprise\modules\ext\jersey2\jakarta.xml.bind-api-2.3.3.jar
[2025-02-18 19:43:31.059]:         deleting file: C:\Program Files\NetBeans-2\netbeans\enterprise\modules\org-netbeans-modules-websvc-projectapi.jar
[2025-02-18 19:43:31.059]:         deleting file: C:\Program Files\NetBeans-2\netbeans\enterprise\modules\org-netbeans-modules-glassfish-tooling.jar
[2025-02-18 19:43:31.059]:         deleting file: C:\Program Files\NetBeans-2\netbeans\enterprise\modules\org-netbeans-modules-jakarta-web-beans.jar
[2025-02-18 19:43:31.060]:         deleting file: C:\Program Files\NetBeans-2\netbeans\enterprise\update_tracking\org-netbeans-modules-j2ee-core.xml
[2025-02-18 19:43:31.060]:         deleting file: C:\Program Files\NetBeans-2\netbeans\enterprise\update_tracking\org-netbeans-api-web-webmodule.xml
[2025-02-18 19:43:31.061]:         deleting file: C:\Program Files\NetBeans-2\netbeans\enterprise\update_tracking\org-netbeans-modules-web-debug.xml
[2025-02-18 19:43:31.062]:         deleting file: C:\Program Files\NetBeans-2\netbeans\enterprise\update_tracking\org-netbeans-modules-web-beans.xml
[2025-02-18 19:43:31.062]:         deleting file: C:\Program Files\NetBeans-2\netbeans\enterprise\update_tracking\org-netbeans-modules-jsp-lexer.xml
[2025-02-18 19:43:31.063]:         deleting file: C:\Program Files\NetBeans-2\netbeans\enterprise\update_tracking\org-netbeans-modules-micronaut.xml
[2025-02-18 19:43:31.064]:         deleting file: C:\Program Files\NetBeans-2\netbeans\enterprise\update_tracking\org-netbeans-modules-web-jsf20.xml
[2025-02-18 19:43:31.064]:         deleting file: C:\Program Files\NetBeans-2\netbeans\enterprise\update_tracking\org-netbeans-modules-web-jsf12.xml
[2025-02-18 19:43:31.065]:         deleting file: C:\Program Files\NetBeans-2\netbeans\enterprise\update_tracking\org-netbeans-modules-websocket.xml
[2025-02-18 19:43:31.066]:         deleting file: C:\Program Files\NetBeans-2\netbeans\groovy\config\Modules\org-netbeans-modules-groovy-editor.xml
[2025-02-18 19:43:31.066]:         deleting file: C:\Program Files\NetBeans-2\netbeans\groovy\config\Modules\org-netbeans-modules-gradle-groovy.xml
[2025-02-18 19:43:31.067]:         deleting file: C:\Program Files\NetBeans-2\netbeans\groovy\update_tracking\org-netbeans-modules-maven-groovy.xml
[2025-02-18 19:43:31.067]:         deleting file: C:\Program Files\NetBeans-2\netbeans\groovy\update_tracking\org-netbeans-modules-groovy-debug.xml
[2025-02-18 19:43:31.068]:         deleting file: C:\Program Files\NetBeans-2\netbeans\enterprise\config\Modules\org-netbeans-modules-j2ee-core.xml
[2025-02-18 19:43:31.068]:         deleting file: C:\Program Files\NetBeans-2\netbeans\enterprise\config\Modules\org-netbeans-api-web-webmodule.xml
[2025-02-18 19:43:31.069]:         deleting file: C:\Program Files\NetBeans-2\netbeans\enterprise\config\Modules\org-netbeans-modules-web-debug.xml
[2025-02-18 19:43:31.070]:         deleting file: C:\Program Files\NetBeans-2\netbeans\enterprise\config\Modules\org-netbeans-modules-web-beans.xml
[2025-02-18 19:43:31.071]:         deleting file: C:\Program Files\NetBeans-2\netbeans\enterprise\config\Modules\org-netbeans-modules-jsp-lexer.xml
[2025-02-18 19:43:31.072]:         deleting file: C:\Program Files\NetBeans-2\netbeans\enterprise\config\Modules\org-netbeans-modules-micronaut.xml
[2025-02-18 19:43:31.073]:         deleting file: C:\Program Files\NetBeans-2\netbeans\enterprise\config\Modules\org-netbeans-modules-web-jsf20.xml
[2025-02-18 19:43:31.074]:         deleting file: C:\Program Files\NetBeans-2\netbeans\enterprise\config\Modules\org-netbeans-modules-web-jsf12.xml
[2025-02-18 19:43:31.074]:         deleting file: C:\Program Files\NetBeans-2\netbeans\enterprise\config\Modules\org-netbeans-modules-websocket.xml
[2025-02-18 19:43:31.075]:         deleting file: C:\Program Files\NetBeans-2\netbeans\enterprise\modules\org-netbeans-modules-websvc-websvcapi.jar
[2025-02-18 19:43:31.076]:         deleting file: C:\Program Files\NetBeans-2\netbeans\enterprise\modules\org-netbeans-modules-websvc-utilities.jar
[2025-02-18 19:43:31.076]:         deleting file: C:\Program Files\NetBeans-2\netbeans\enterprise\modules\ext\android-json-0.0.20131108.vaadin1.jar
[2025-02-18 19:43:31.076]:         deleting file: C:\Program Files\NetBeans-2\netbeans\enterprise\modules\ext\aws-sdk\aws-java-sdk-kms-1.11.569.jar
[2025-02-18 19:43:31.077]:         deleting file: C:\Program Files\NetBeans-2\netbeans\enterprise\modules\ext\jaxrs-2.1\jakarta.ws.rs-api-2.1.6.jar
[2025-02-18 19:43:31.078]:         deleting file: C:\Program Files\NetBeans-2\netbeans\enterprise\modules\ext\resilience4j-circuitbreaker-1.7.1.jar
[2025-02-18 19:43:31.078]:         deleting file: C:\Program Files\NetBeans-2\netbeans\enterprise\modules\ext\javaee6-endorsed\javax.annotation.jar
[2025-02-18 19:43:31.079]:         deleting file: C:\Program Files\NetBeans-2\netbeans\enterprise\modules\ext\jersey2\jakarta.servlet-api-4.0.4.jar
[2025-02-18 19:43:31.079]:         deleting file: C:\Program Files\NetBeans-2\netbeans\enterprise\modules\ext\oci-java-sdk-keymanagement-3.25.3.jar
[2025-02-18 19:43:31.079]:         deleting file: C:\Program Files\NetBeans-2\netbeans\enterprise\modules\org-netbeans-modules-websvc-clientapi.jar
[2025-02-18 19:43:31.080]:         deleting file: C:\Program Files\NetBeans-2\netbeans\enterprise\modules\org-netbeans-modules-javaee-resources.jar
[2025-02-18 19:43:31.081]:         deleting file: C:\Program Files\NetBeans-2\netbeans\enterprise\modules\org-netbeans-modules-web-jsf-icefaces.jar
[2025-02-18 19:43:31.081]:         deleting file: C:\Program Files\NetBeans-2\netbeans\enterprise\modules\org-netbeans-modules-glassfish-javaee.jar
[2025-02-18 19:43:31.081]:         deleting file: C:\Program Files\NetBeans-2\netbeans\enterprise\modules\org-netbeans-modules-glassfish-common.jar
[2025-02-18 19:43:31.082]:         deleting file: C:\Program Files\NetBeans-2\netbeans\enterprise\modules\org-netbeans-modules-websvc-metro-lib.jar
[2025-02-18 19:43:31.083]:         deleting file: C:\Program Files\NetBeans-2\netbeans\enterprise\modules\org-netbeans-modules-payara-jakartaee.jar
[2025-02-18 19:43:31.083]:         deleting file: C:\Program Files\NetBeans-2\netbeans\enterprise\update_tracking\org-netbeans-modules-j2ee-kit.xml
[2025-02-18 19:43:31.084]:         deleting file: C:\Program Files\NetBeans-2\netbeans\enterprise\update_tracking\org-netbeans-modules-el-lexer.xml
[2025-02-18 19:43:31.084]:         deleting file: C:\Program Files\NetBeans-2\netbeans\enterprise\update_tracking\org-netbeans-modules-j2ee-ant.xml
[2025-02-18 19:43:31.084]:         deleting file: C:\Program Files\NetBeans-2\netbeans\enterprise\update_tracking\org-netbeans-modules-j2eeapis.xml
[2025-02-18 19:43:31.085]:         deleting file: C:\Program Files\NetBeans-2\netbeans\enterprise\update_tracking\org-netbeans-modules-web-core.xml
[2025-02-18 19:43:31.085]:         deleting directory: C:\Program Files\NetBeans-2\netbeans\enterprise\ant\sources\org\netbeans\modules\web\project\ant
[2025-02-18 19:43:31.086]:         deleting file: C:\Program Files\NetBeans-2\netbeans\groovy\config\Modules\org-netbeans-modules-maven-groovy.xml
[2025-02-18 19:43:31.087]:         deleting file: C:\Program Files\NetBeans-2\netbeans\groovy\config\Modules\org-netbeans-modules-groovy-debug.xml
[2025-02-18 19:43:31.088]:         deleting file: C:\Program Files\NetBeans-2\netbeans\groovy\update_tracking\org-netbeans-modules-libs-groovy.xml
[2025-02-18 19:43:31.088]:         deleting file: C:\Program Files\NetBeans-2\netbeans\enterprise\config\Modules\org-netbeans-modules-j2ee-kit.xml
[2025-02-18 19:43:31.089]:         deleting file: C:\Program Files\NetBeans-2\netbeans\enterprise\config\Modules\org-netbeans-modules-el-lexer.xml
[2025-02-18 19:43:31.090]:         deleting file: C:\Program Files\NetBeans-2\netbeans\enterprise\config\Modules\org-netbeans-modules-j2ee-ant.xml
[2025-02-18 19:43:31.090]:         deleting file: C:\Program Files\NetBeans-2\netbeans\enterprise\config\Modules\org-netbeans-modules-j2eeapis.xml
[2025-02-18 19:43:31.090]:         deleting file: C:\Program Files\NetBeans-2\netbeans\enterprise\config\Modules\org-netbeans-modules-web-core.xml
[2025-02-18 19:43:31.092]:         deleting file: C:\Program Files\NetBeans-2\netbeans\enterprise\modules\org-netbeans-modules-jakartaee10-api.jar
[2025-02-18 19:43:31.092]:         deleting file: C:\Program Files\NetBeans-2\netbeans\enterprise\modules\org-netbeans-modules-web-refactoring.jar
[2025-02-18 19:43:31.092]:         deleting file: C:\Program Files\NetBeans-2\netbeans\enterprise\modules\org-netbeans-modules-web-client-rest.jar
[2025-02-18 19:43:31.093]:         deleting file: C:\Program Files\NetBeans-2\netbeans\enterprise\modules\org-netbeans-modules-weblogic-common.jar
[2025-02-18 19:43:31.093]:         deleting file: C:\Program Files\NetBeans-2\netbeans\enterprise\modules\ext\aws-sdk\aws-java-sdk-s3-1.11.569.jar
[2025-02-18 19:43:31.094]:         deleting file: C:\Program Files\NetBeans-2\netbeans\enterprise\modules\ext\oci-java-sdk-workrequests-3.25.3.jar
[2025-02-18 19:43:31.094]:         deleting file: C:\Program Files\NetBeans-2\netbeans\enterprise\modules\ext\jakarta.jakartaee-web-api-10.0.0.jar
[2025-02-18 19:43:31.095]:         deleting file: C:\Program Files\NetBeans-2\netbeans\enterprise\modules\org-netbeans-modules-j2ee-earproject.jar
[2025-02-18 19:43:31.095]:         deleting file: C:\Program Files\NetBeans-2\netbeans\enterprise\modules\org-netbeans-modules-web-core-syntax.jar
[2025-02-18 19:43:31.096]:         deleting file: C:\Program Files\NetBeans-2\netbeans\enterprise\modules\org-netbeans-modules-j2ee-sun-appsrv.jar
[2025-02-18 19:43:31.096]:         deleting file: C:\Program Files\NetBeans-2\netbeans\enterprise\modules\org-netbeans-libs-commons_fileupload.jar
[2025-02-18 19:43:31.097]:         deleting file: C:\Program Files\NetBeans-2\netbeans\enterprise\modules\org-netbeans-modules-payara-eecommon.jar
[2025-02-18 19:43:31.097]:         deleting file: C:\Program Files\NetBeans-2\netbeans\enterprise\modules\org-netbeans-modules-websvc-jaxwsapi.jar
[2025-02-18 19:43:31.098]:         deleting file: C:\Program Files\NetBeans-2\netbeans\enterprise\update_tracking\org-netbeans-modules-j2ee-dd.xml
[2025-02-18 19:43:31.098]:         deleting file: C:\Program Files\NetBeans-2\netbeans\enterprise\update_tracking\org-netbeans-modules-tomcat5.xml
[2025-02-18 19:43:31.099]:         deleting file: C:\Program Files\NetBeans-2\netbeans\enterprise\update_tracking\org-netbeans-modules-web-kit.xml
[2025-02-18 19:43:31.099]:         deleting file: C:\Program Files\NetBeans-2\netbeans\enterprise\update_tracking\org-netbeans-modules-web-jsf.xml
[2025-02-18 19:43:31.100]:         deleting file: C:\Program Files\NetBeans-2\netbeans\groovy\config\Modules\org-netbeans-modules-libs-groovy.xml
[2025-02-18 19:43:31.101]:         deleting file: C:\Program Files\NetBeans-2\netbeans\groovy\modules\org-netbeans-modules-groovy-refactoring.jar
[2025-02-18 19:43:31.101]:         deleting file: C:\Program Files\NetBeans-2\netbeans\groovy\update_tracking\org-netbeans-modules-groovy-gsp.xml
[2025-02-18 19:43:31.102]:         deleting file: C:\Program Files\NetBeans-2\netbeans\groovy\update_tracking\org-netbeans-modules-groovy-kit.xml
[2025-02-18 19:43:31.103]:         deleting file: C:\Program Files\NetBeans-2\netbeans\enterprise\config\Modules\org-netbeans-modules-j2ee-dd.xml
[2025-02-18 19:43:31.104]:         deleting file: C:\Program Files\NetBeans-2\netbeans\enterprise\config\Modules\org-netbeans-modules-tomcat5.xml
[2025-02-18 19:43:31.104]:         deleting file: C:\Program Files\NetBeans-2\netbeans\enterprise\config\Modules\org-netbeans-modules-web-kit.xml
[2025-02-18 19:43:31.105]:         deleting file: C:\Program Files\NetBeans-2\netbeans\enterprise\config\Modules\org-netbeans-modules-web-jsf.xml
[2025-02-18 19:43:31.106]:         deleting file: C:\Program Files\NetBeans-2\netbeans\enterprise\modules\org-netbeans-modules-j2ee-ddloaders.jar
[2025-02-18 19:43:31.106]:         deleting file: C:\Program Files\NetBeans-2\netbeans\enterprise\modules\org-netbeans-modules-websvc-manager.jar
[2025-02-18 19:43:31.106]:         deleting file: C:\Program Files\NetBeans-2\netbeans\enterprise\modules\org-netbeans-modules-jakartaee8-api.jar
[2025-02-18 19:43:31.107]:         deleting file: C:\Program Files\NetBeans-2\netbeans\enterprise\modules\org-netbeans-modules-payara-tooling.jar
[2025-02-18 19:43:31.107]:         deleting file: C:\Program Files\NetBeans-2\netbeans\enterprise\modules\org-netbeans-modules-web-primefaces.jar
[2025-02-18 19:43:31.108]:         deleting file: C:\Program Files\NetBeans-2\netbeans\enterprise\modules\org-netbeans-modules-javaee-wildfly.jar
[2025-02-18 19:43:31.108]:         deleting file: C:\Program Files\NetBeans-2\netbeans\enterprise\modules\org-netbeans-modules-websvc-restkit.jar
[2025-02-18 19:43:31.109]:         deleting file: C:\Program Files\NetBeans-2\netbeans\enterprise\modules\ext\jakarta.jakartaee-web-api-8.0.0.jar
[2025-02-18 19:43:31.109]:         deleting file: C:\Program Files\NetBeans-2\netbeans\enterprise\modules\ext\jakarta.jakartaee-web-api-9.0.0.jar
[2025-02-18 19:43:31.111]:         deleting file: C:\Program Files\NetBeans-2\netbeans\enterprise\modules\ext\jackson\jackson-databind-2.16.1.jar
[2025-02-18 19:43:31.111]:         deleting file: C:\Program Files\NetBeans-2\netbeans\enterprise\modules\ext\struts\commons-fileupload-1.1.1.jar
[2025-02-18 19:43:31.112]:         deleting file: C:\Program Files\NetBeans-2\netbeans\enterprise\modules\org-netbeans-modules-web-bootsfaces.jar
[2025-02-18 19:43:31.112]:         deleting file: C:\Program Files\NetBeans-2\netbeans\enterprise\modules\org-netbeans-modules-websvc-restlib.jar
[2025-02-18 19:43:31.112]:         deleting file: C:\Program Files\NetBeans-2\netbeans\enterprise\modules\org-netbeans-modules-websvc-restapi.jar
[2025-02-18 19:43:31.112]:         deleting file: C:\Program Files\NetBeans-2\netbeans\enterprise\modules\org-netbeans-libs-glassfish_logging.jar
[2025-02-18 19:43:31.113]:         deleting file: C:\Program Files\NetBeans-2\netbeans\enterprise\modules\org-netbeans-modules-web-jsf-editor.jar
[2025-02-18 19:43:31.113]:         deleting file: C:\Program Files\NetBeans-2\netbeans\enterprise\modules\org-netbeans-modules-jakartaee9-api.jar
[2025-02-18 19:43:31.114]:         deleting file: C:\Program Files\NetBeans-2\netbeans\enterprise\modules\org-netbeans-modules-javaee-project.jar
[2025-02-18 19:43:31.114]:         deleting file: C:\Program Files\NetBeans-2\netbeans\enterprise\update_tracking\org-netbeans-modules-web-el.xml
[2025-02-18 19:43:31.117]:         deleting file: C:\Program Files\NetBeans-2\netbeans\groovy\config\Modules\org-netbeans-modules-groovy-gsp.xml
[2025-02-18 19:43:31.118]:         deleting file: C:\Program Files\NetBeans-2\netbeans\groovy\config\Modules\org-netbeans-modules-groovy-kit.xml
[2025-02-18 19:43:31.119]:         deleting file: C:\Program Files\NetBeans-2\netbeans\groovy\modules\org-netbeans-modules-groovy-antproject.jar
[2025-02-18 19:43:31.119]:         deleting file: C:\Program Files\NetBeans-2\netbeans\enterprise\config\Modules\org-netbeans-modules-web-el.xml
[2025-02-18 19:43:31.123]:         deleting file: C:\Program Files\NetBeans-2\netbeans\enterprise\modules\org-netbeans-modules-payara-common.jar
[2025-02-18 19:43:31.124]:         deleting file: C:\Program Files\NetBeans-2\netbeans\enterprise\modules\org-netbeans-modules-spring-webmvc.jar
[2025-02-18 19:43:31.124]:         deleting file: C:\Program Files\NetBeans-2\netbeans\enterprise\modules\org-netbeans-modules-profiler-j2ee.jar
[2025-02-18 19:43:31.125]:         deleting file: C:\Program Files\NetBeans-2\netbeans\enterprise\modules\org-netbeans-modules-web-jspparser.jar
[2025-02-18 19:43:31.125]:         deleting file: C:\Program Files\NetBeans-2\netbeans\enterprise\modules\org-netbeans-modules-j2ee-platform.jar
[2025-02-18 19:43:31.125]:         deleting file: C:\Program Files\NetBeans-2\netbeans\enterprise\modules\ext\aws-sdk\jmespath-java-1.11.569.jar
[2025-02-18 19:43:31.126]:         deleting file: C:\Program Files\NetBeans-2\netbeans\enterprise\modules\ext\javaee6-endorsed\jaxb-api-osgi.jar
[2025-02-18 19:43:31.126]:         deleting file: C:\Program Files\NetBeans-2\netbeans\enterprise\modules\ext\jersey2\jersey-media-moxy-2.35.jar
[2025-02-18 19:43:31.127]:         deleting file: C:\Program Files\NetBeans-2\netbeans\enterprise\modules\ext\javaee7-endorsed\jaxb-api-osgi.jar
[2025-02-18 19:43:31.127]:         deleting file: C:\Program Files\NetBeans-2\netbeans\enterprise\modules\ext\struts\struts-scripting-1.3.10.jar
[2025-02-18 19:43:31.128]:         deleting file: C:\Program Files\NetBeans-2\netbeans\enterprise\modules\ext\struts\commons-beanutils-1.8.0.jar
[2025-02-18 19:43:31.128]:         deleting file: C:\Program Files\NetBeans-2\netbeans\enterprise\modules\ext\struts\commons-validator-1.3.1.jar
[2025-02-18 19:43:31.128]:         deleting file: C:\Program Files\NetBeans-2\netbeans\enterprise\modules\org-netbeans-modules-j2ee-sun-ddui.jar
[2025-02-18 19:43:31.129]:         deleting file: C:\Program Files\NetBeans-2\netbeans\enterprise\modules\org-netbeans-modules-servletjspapi.jar
[2025-02-18 19:43:31.129]:         deleting file: C:\Program Files\NetBeans-2\netbeans\enterprise\modules\org-netbeans-modules-gradle-javaee.jar
[2025-02-18 19:43:31.129]:         deleting file: C:\Program Files\NetBeans-2\netbeans\enterprise\modules\org-netbeans-modules-websvc-design.jar
[2025-02-18 19:43:31.131]:         deleting file: C:\Program Files\NetBeans-2\netbeans\enterprise\modules\org-netbeans-modules-web-freeform.jar
[2025-02-18 19:43:31.131]:         deleting file: C:\Program Files\NetBeans-2\netbeans\enterprise\modules\org-netbeans-modules-cloud-amazon.jar
[2025-02-18 19:43:31.132]:         deleting file: C:\Program Files\NetBeans-2\netbeans\enterprise\modules\org-netbeans-modules-cloud-common.jar
[2025-02-18 19:43:31.132]:         deleting file: C:\Program Files\NetBeans-2\netbeans\enterprise\modules\org-netbeans-modules-cloud-oracle.jar
[2025-02-18 19:43:31.132]:         deleting file: C:\Program Files\NetBeans-2\netbeans\enterprise\modules\org-netbeans-modules-payara-micro.jar
[2025-02-18 19:43:31.133]:         deleting file: C:\Program Files\NetBeans-2\netbeans\enterprise\modules\org-netbeans-modules-j2ee-ejbcore.jar
[2025-02-18 19:43:31.133]:         deleting file: C:\Program Files\NetBeans-2\netbeans\enterprise\update_tracking\org-netbeans-libs-jackson.xml
[2025-02-18 19:43:31.134]:         deleting directory: C:\Program Files\NetBeans-2\netbeans\enterprise\ant\sources\org\netbeans\modules\web\project
[2025-02-18 19:43:31.134]:         deleting file: C:\Program Files\NetBeans-2\netbeans\enterprise\config\Modules\org-netbeans-libs-jackson.xml
[2025-02-18 19:43:31.134]:         deleting file: C:\Program Files\NetBeans-2\netbeans\enterprise\modules\org-netbeans-modules-web-jsf12ri.jar
[2025-02-18 19:43:31.136]:         deleting file: C:\Program Files\NetBeans-2\netbeans\enterprise\modules\org-netbeans-modules-websvc-core.jar
[2025-02-18 19:43:31.137]:         deleting file: C:\Program Files\NetBeans-2\netbeans\enterprise\modules\org-netbeans-modules-web-monitor.jar
[2025-02-18 19:43:31.137]:         deleting file: C:\Program Files\NetBeans-2\netbeans\enterprise\modules\org-netbeans-modules-j2ee-common.jar
[2025-02-18 19:43:31.138]:         deleting file: C:\Program Files\NetBeans-2\netbeans\enterprise\modules\org-netbeans-modules-web-project.jar
[2025-02-18 19:43:31.138]:         deleting file: C:\Program Files\NetBeans-2\netbeans\enterprise\modules\org-netbeans-modules-j2ee-sun-dd.jar
[2025-02-18 19:43:31.139]:         deleting file: C:\Program Files\NetBeans-2\netbeans\enterprise\modules\ext\oci-java-sdk-identity-3.25.3.jar
[2025-02-18 19:43:31.139]:         deleting file: C:\Program Files\NetBeans-2\netbeans\enterprise\modules\ext\jakarta.jakartaee-api-10.0.0.jar
[2025-02-18 19:43:31.140]:         deleting file: C:\Program Files\NetBeans-2\netbeans\enterprise\modules\ext\jersey2\jakarta.inject-2.6.1.jar
[2025-02-18 19:43:31.140]:         deleting file: C:\Program Files\NetBeans-2\netbeans\enterprise\modules\ext\struts\commons-logging-1.0.4.jar
[2025-02-18 19:43:31.141]:         deleting file: C:\Program Files\NetBeans-2\netbeans\enterprise\modules\ext\oci-java-sdk-database-3.25.3.jar
[2025-02-18 19:43:31.142]:         deleting file: C:\Program Files\NetBeans-2\netbeans\enterprise\modules\org-netbeans-modules-maven-jaxws.jar
[2025-02-18 19:43:31.142]:         deleting file: C:\Program Files\NetBeans-2\netbeans\enterprise\modules\org-netbeans-modules-websvc-owsm.jar
[2025-02-18 19:43:31.143]:         deleting file: C:\Program Files\NetBeans-2\netbeans\enterprise\modules\org-netbeans-modules-javaee8-api.jar
[2025-02-18 19:43:31.143]:         deleting file: C:\Program Files\NetBeans-2\netbeans\enterprise\modules\org-netbeans-modules-websvc-rest.jar
[2025-02-18 19:43:31.144]:         deleting file: C:\Program Files\NetBeans-2\netbeans\enterprise\modules\org-netbeans-modules-javaee7-api.jar
[2025-02-18 19:43:31.144]:         deleting file: C:\Program Files\NetBeans-2\netbeans\enterprise\modules\org-netbeans-modules-web-jsf-kit.jar
[2025-02-18 19:43:31.144]:         deleting file: C:\Program Files\NetBeans-2\netbeans\enterprise\update_tracking\org-netbeans-libs-elimpl.xml
[2025-02-18 19:43:31.145]:         deleting file: C:\Program Files\NetBeans-2\netbeans\enterprise\update_tracking\org-netbeans-libs-amazon.xml
[2025-02-18 19:43:31.145]:         deleting file: C:\Program Files\NetBeans-2\netbeans\groovy\modules\org-netbeans-modules-groovy-samples.jar
[2025-02-18 19:43:31.145]:         deleting file: C:\Program Files\NetBeans-2\netbeans\groovy\modules\org-netbeans-modules-groovy-support.jar
[2025-02-18 19:43:31.145]:         deleting file: C:\Program Files\NetBeans-2\netbeans\enterprise\config\Modules\org-netbeans-libs-elimpl.xml
[2025-02-18 19:43:31.147]:         deleting file: C:\Program Files\NetBeans-2\netbeans\enterprise\config\Modules\org-netbeans-libs-amazon.xml
[2025-02-18 19:43:31.147]:         deleting file: C:\Program Files\NetBeans-2\netbeans\enterprise\modules\org-netbeans-modules-websvc-kit.jar
[2025-02-18 19:43:31.148]:         deleting file: C:\Program Files\NetBeans-2\netbeans\enterprise\modules\org-netbeans-modules-j2eeserver.jar
[2025-02-18 19:43:31.149]:         deleting file: C:\Program Files\NetBeans-2\netbeans\enterprise\modules\ext\jakarta.jakartaee-api-9.0.0.jar
[2025-02-18 19:43:31.149]:         deleting file: C:\Program Files\NetBeans-2\netbeans\enterprise\modules\ext\jackson\jackson-core-2.16.1.jar
[2025-02-18 19:43:31.150]:         deleting file: C:\Program Files\NetBeans-2\netbeans\enterprise\modules\ext\javaee7-endorsed\jsr181-api.jar
[2025-02-18 19:43:31.150]:         deleting file: C:\Program Files\NetBeans-2\netbeans\enterprise\modules\ext\jakarta.jakartaee-api-8.0.0.jar
[2025-02-18 19:43:31.151]:         deleting file: C:\Program Files\NetBeans-2\netbeans\enterprise\modules\ext\struts\struts-taglib-1.3.10.jar
[2025-02-18 19:43:31.151]:         deleting file: C:\Program Files\NetBeans-2\netbeans\enterprise\modules\ext\struts\struts-extras-1.3.10.jar
[2025-02-18 19:43:31.152]:         deleting file: C:\Program Files\NetBeans-2\netbeans\enterprise\modules\ext\struts\commons-digester-1.8.jar
[2025-02-18 19:43:31.153]:         deleting file: C:\Program Files\NetBeans-2\netbeans\enterprise\modules\ext\metro\webservices-extra-api.jar
[2025-02-18 19:43:31.153]:         deleting file: C:\Program Files\NetBeans-2\netbeans\enterprise\modules\org-netbeans-modules-web-jsfapi.jar
[2025-02-18 19:43:31.154]:         deleting file: C:\Program Files\NetBeans-2\netbeans\enterprise\modules\org-netbeans-modules-maven-j2ee.jar
[2025-02-18 19:43:31.154]:         deleting file: C:\Program Files\NetBeans-2\netbeans\enterprise\modules\org-netbeans-modules-web-struts.jar
[2025-02-18 19:43:31.155]:         deleting file: C:\Program Files\NetBeans-2\netbeans\enterprise\modules\org-netbeans-modules-javaee-api.jar
[2025-02-18 19:43:31.155]:         deleting file: C:\Program Files\NetBeans-2\netbeans\enterprise\ant\nblib\org-netbeans-modules-j2ee-ant.jar
[2025-02-18 19:43:31.156]:         deleting file: C:\Program Files\NetBeans-2\netbeans\groovy\modules\org-netbeans-modules-gradle-groovy.jar
[2025-02-18 19:43:31.156]:         deleting file: C:\Program Files\NetBeans-2\netbeans\groovy\modules\org-netbeans-modules-groovy-editor.jar
[2025-02-18 19:43:31.157]:         deleting file: C:\Program Files\NetBeans-2\netbeans\enterprise\modules\org-netbeans-modules-web-debug.jar
[2025-02-18 19:43:31.157]:         deleting file: C:\Program Files\NetBeans-2\netbeans\enterprise\modules\org-netbeans-modules-web-jsf12.jar
[2025-02-18 19:43:31.158]:         deleting file: C:\Program Files\NetBeans-2\netbeans\enterprise\modules\org-netbeans-modules-web-jsf20.jar
[2025-02-18 19:43:31.158]:         deleting file: C:\Program Files\NetBeans-2\netbeans\enterprise\modules\ext\oci-java-sdk-common-3.25.3.jar
[2025-02-18 19:43:31.158]:         deleting file: C:\Program Files\NetBeans-2\netbeans\enterprise\modules\ext\jersey2\jersey-common-2.35.jar
[2025-02-18 19:43:31.159]:         deleting file: C:\Program Files\NetBeans-2\netbeans\enterprise\modules\ext\jersey2\jersey-core-1.18.6.jar
[2025-02-18 19:43:31.160]:         deleting file: C:\Program Files\NetBeans-2\netbeans\enterprise\modules\ext\jersey2\jersey-server-2.35.jar
[2025-02-18 19:43:31.160]:         deleting file: C:\Program Files\NetBeans-2\netbeans\enterprise\modules\ext\jersey2\jersey-client-2.35.jar
[2025-02-18 19:43:31.161]:         deleting file: C:\Program Files\NetBeans-2\netbeans\enterprise\modules\ext\javaee7-endorsed\jaxws-api.jar
[2025-02-18 19:43:31.162]:         deleting file: C:\Program Files\NetBeans-2\netbeans\enterprise\modules\ext\struts\struts-faces-1.3.10.jar
[2025-02-18 19:43:31.162]:         deleting file: C:\Program Files\NetBeans-2\netbeans\enterprise\modules\ext\struts\struts-tiles-1.3.10.jar
[2025-02-18 19:43:31.162]:         deleting file: C:\Program Files\NetBeans-2\netbeans\enterprise\modules\ext\oci-java-sdk-devops-3.25.3.jar
[2025-02-18 19:43:31.163]:         deleting file: C:\Program Files\NetBeans-2\netbeans\enterprise\modules\ext\javax.annotation-api-1.3.2.jar
[2025-02-18 19:43:31.163]:         deleting file: C:\Program Files\NetBeans-2\netbeans\enterprise\modules\org-netbeans-api-web-webmodule.jar
[2025-02-18 19:43:31.163]:         deleting file: C:\Program Files\NetBeans-2\netbeans\enterprise\modules\org-netbeans-modules-websocket.jar
[2025-02-18 19:43:31.164]:         deleting file: C:\Program Files\NetBeans-2\netbeans\enterprise\modules\org-netbeans-modules-j2ee-core.jar
[2025-02-18 19:43:31.165]:         deleting file: C:\Program Files\NetBeans-2\netbeans\enterprise\modules\org-netbeans-modules-jsp-lexer.jar
[2025-02-18 19:43:31.165]:         deleting file: C:\Program Files\NetBeans-2\netbeans\enterprise\modules\org-netbeans-modules-micronaut.jar
[2025-02-18 19:43:31.166]:         deleting file: C:\Program Files\NetBeans-2\netbeans\enterprise\modules\org-netbeans-modules-web-beans.jar
[2025-02-18 19:43:31.167]:         deleting file: C:\Program Files\NetBeans-2\netbeans\enterprise\update_tracking\org-netbeans-libs-jstl.xml
[2025-02-18 19:43:31.170]:         deleting file: C:\Program Files\NetBeans-2\netbeans\groovy\modules\org-netbeans-modules-maven-groovy.jar
[2025-02-18 19:43:31.170]:         deleting file: C:\Program Files\NetBeans-2\netbeans\groovy\modules\org-netbeans-modules-groovy-debug.jar
[2025-02-18 19:43:31.171]:         deleting file: C:\Program Files\NetBeans-2\netbeans\enterprise\config\Modules\org-netbeans-libs-jstl.xml
[2025-02-18 19:43:31.173]:         deleting file: C:\Program Files\NetBeans-2\netbeans\enterprise\modules\org-netbeans-modules-j2ee-kit.jar
[2025-02-18 19:43:31.174]:         deleting file: C:\Program Files\NetBeans-2\netbeans\enterprise\modules\org-netbeans-modules-el-lexer.jar
[2025-02-18 19:43:31.174]:         deleting file: C:\Program Files\NetBeans-2\netbeans\enterprise\modules\org-netbeans-modules-j2ee-ant.jar
[2025-02-18 19:43:31.175]:         deleting file: C:\Program Files\NetBeans-2\netbeans\enterprise\modules\ext\glassfish-jspparser-5.1.0.jar
[2025-02-18 19:43:31.175]:         deleting file: C:\Program Files\NetBeans-2\netbeans\enterprise\modules\ext\oci-java-sdk-vault-3.25.3.jar
[2025-02-18 19:43:31.176]:         deleting file: C:\Program Files\NetBeans-2\netbeans\enterprise\modules\ext\primefaces\primefaces-5.0.jar
[2025-02-18 19:43:31.176]:         deleting file: C:\Program Files\NetBeans-2\netbeans\enterprise\modules\ext\jersey2\hk2-locator-2.6.1.jar
[2025-02-18 19:43:31.177]:         deleting file: C:\Program Files\NetBeans-2\netbeans\enterprise\modules\ext\struts\struts-core-1.3.10.jar
[2025-02-18 19:43:31.177]:         deleting file: C:\Program Files\NetBeans-2\netbeans\enterprise\modules\org-netbeans-modules-web-core.jar
[2025-02-18 19:43:31.178]:         deleting file: C:\Program Files\NetBeans-2\netbeans\enterprise\modules\org-netbeans-modules-j2eeapis.jar
[2025-02-18 19:43:31.179]:         deleting file: C:\Program Files\NetBeans-2\netbeans\groovy\modules\org-netbeans-modules-libs-groovy.jar
[2025-02-18 19:43:31.179]:         deleting file: C:\Program Files\NetBeans-2\netbeans\enterprise\modules\org-netbeans-modules-web-kit.jar
[2025-02-18 19:43:31.179]:         deleting file: C:\Program Files\NetBeans-2\netbeans\enterprise\modules\org-netbeans-modules-tomcat5.jar
[2025-02-18 19:43:31.179]:         deleting file: C:\Program Files\NetBeans-2\netbeans\enterprise\modules\org-netbeans-modules-j2ee-dd.jar
[2025-02-18 19:43:31.181]:         deleting file: C:\Program Files\NetBeans-2\netbeans\enterprise\modules\ext\aws-sdk\httpclient-4.5.5.jar
[2025-02-18 19:43:31.182]:         deleting file: C:\Program Files\NetBeans-2\netbeans\enterprise\modules\ext\struts\commons-chain-1.2.jar
[2025-02-18 19:43:31.182]:         deleting file: C:\Program Files\NetBeans-2\netbeans\enterprise\modules\org-netbeans-modules-web-jsf.jar
[2025-02-18 19:43:31.183]:         deleting file: C:\Program Files\NetBeans-2\netbeans\groovy\modules\org-netbeans-modules-groovy-kit.jar
[2025-02-18 19:43:31.183]:         deleting file: C:\Program Files\NetBeans-2\netbeans\groovy\modules\org-netbeans-modules-groovy-gsp.jar
[2025-02-18 19:43:31.184]:         deleting file: C:\Program Files\NetBeans-2\netbeans\enterprise\modules\ext\aws-sdk\joda-time-2.8.1.jar
[2025-02-18 19:43:31.184]:         deleting file: C:\Program Files\NetBeans-2\netbeans\enterprise\modules\ext\resilience4j-core-1.7.1.jar
[2025-02-18 19:43:31.184]:         deleting file: C:\Program Files\NetBeans-2\netbeans\enterprise\modules\ext\jersey2\hk2-utils-2.6.1.jar
[2025-02-18 19:43:31.185]:         deleting file: C:\Program Files\NetBeans-2\netbeans\enterprise\modules\ext\jersey2\jersey-hk2-2.35.jar
[2025-02-18 19:43:31.185]:         deleting file: C:\Program Files\NetBeans-2\netbeans\enterprise\modules\ext\jersey2\osgi.core-8.0.0.jar
[2025-02-18 19:43:31.186]:         deleting file: C:\Program Files\NetBeans-2\netbeans\enterprise\modules\ext\struts\struts-el-1.3.10.jar
[2025-02-18 19:43:31.187]:         deleting file: C:\Program Files\NetBeans-2\netbeans\enterprise\modules\ext\metro\webservices-tools.jar
[2025-02-18 19:43:31.187]:         deleting file: C:\Program Files\NetBeans-2\netbeans\enterprise\modules\ext\metro\webservices-extra.jar
[2025-02-18 19:43:31.187]:         deleting file: C:\Program Files\NetBeans-2\netbeans\enterprise\modules\ext\oci-java-sdk-adm-3.25.3.jar
[2025-02-18 19:43:31.188]:         deleting file: C:\Program Files\NetBeans-2\netbeans\enterprise\modules\org-netbeans-modules-web-el.jar
[2025-02-18 19:43:31.189]:         deleting file: C:\Program Files\NetBeans-2\netbeans\enterprise\modules\ext\aws-sdk\httpcore-4.4.9.jar
[2025-02-18 19:43:31.190]:         deleting file: C:\Program Files\NetBeans-2\netbeans\enterprise\modules\ext\aws-sdk\ion-java-1.0.2.jar
[2025-02-18 19:43:31.194]:         deleting file: C:\Program Files\NetBeans-2\netbeans\enterprise\modules\ext\commons-fileupload-1.5.jar
[2025-02-18 19:43:31.195]:         deleting file: C:\Program Files\NetBeans-2\netbeans\enterprise\docs\webservices-extra-api-javadoc.jar
[2025-02-18 19:43:31.196]:         deleting file: C:\Program Files\NetBeans-2\netbeans\enterprise\modules\ext\jersey2\hk2-api-2.6.1.jar
[2025-02-18 19:43:31.196]:         deleting file: C:\Program Files\NetBeans-2\netbeans\enterprise\modules\ext\struts\commons-io-1.1.jar
[2025-02-18 19:43:31.197]:         deleting file: C:\Program Files\NetBeans-2\netbeans\enterprise\modules\ext\struts\standard-1.0.6.jar
[2025-02-18 19:43:31.197]:         deleting file: C:\Program Files\NetBeans-2\netbeans\enterprise\modules\ext\metro\webservices-api.jar
[2025-02-18 19:43:31.198]:         deleting file: C:\Program Files\NetBeans-2\netbeans\enterprise\modules\ext\servlet4.0-jsp2.3-api.jar
[2025-02-18 19:43:31.198]:         deleting file: C:\Program Files\NetBeans-2\netbeans\enterprise\modules\org-netbeans-libs-jackson.jar
[2025-02-18 19:43:31.199]:         deleting directory: C:\Program Files\NetBeans-2\netbeans\enterprise\ant\sources\org\netbeans\modules\web
[2025-02-18 19:43:31.199]:         deleting file: C:\Program Files\NetBeans-2\netbeans\enterprise\modules\org-netbeans-libs-elimpl.jar
[2025-02-18 19:43:31.200]:         deleting file: C:\Program Files\NetBeans-2\netbeans\enterprise\modules\ext\metro\webservices-rt.jar
[2025-02-18 19:43:31.200]:         deleting file: C:\Program Files\NetBeans-2\netbeans\enterprise\modules\org-netbeans-libs-amazon.jar
[2025-02-18 19:43:31.200]:         deleting file: C:\Program Files\NetBeans-2\netbeans\enterprise\modules\ext\jsf-2_2\javax.faces.jar
[2025-02-18 19:43:31.201]:         deleting file: C:\Program Files\NetBeans-2\netbeans\enterprise\modules\ext\javassist-3.25.0-GA.jar
[2025-02-18 19:43:31.202]:         deleting file: C:\Program Files\NetBeans-2\netbeans\enterprise\modules\ext\javaee-web-api-7.0.jar
[2025-02-18 19:43:31.203]:         deleting file: C:\Program Files\NetBeans-2\netbeans\enterprise\modules\ext\javaee-web-api-8.0.jar
[2025-02-18 19:43:31.204]:         deleting file: C:\Program Files\NetBeans-2\netbeans\enterprise\modules\ext\struts\antlr-2.7.2.jar
[2025-02-18 19:43:31.204]:         deleting file: C:\Program Files\NetBeans-2\netbeans\enterprise\modules\ext\javaee-web-api-6.0.jar
[2025-02-18 19:43:31.204]:         deleting file: C:\Program Files\NetBeans-2\netbeans\enterprise\modules\org-netbeans-libs-jstl.jar
[2025-02-18 19:43:31.206]:         deleting file: C:\Program Files\NetBeans-2\netbeans\enterprise\docs\webservices-extra-javadoc.jar
[2025-02-18 19:43:31.206]:         deleting file: C:\Program Files\NetBeans-2\netbeans\enterprise\docs\webservices-tools-javadoc.jar
[2025-02-18 19:43:31.207]:         deleting file: C:\Program Files\NetBeans-2\netbeans\enterprise\modules\ext\httpclient-4.5.13.jar
[2025-02-18 19:43:31.207]:         deleting file: C:\Program Files\NetBeans-2\netbeans\enterprise\modules\ext\struts\jstl-1.0.2.jar
[2025-02-18 19:43:31.208]:         deleting file: C:\Program Files\NetBeans-2\netbeans\enterprise\modules\ext\vavr-match-0.10.2.jar
[2025-02-18 19:43:31.208]:         deleting file: C:\Program Files\NetBeans-2\netbeans\enterprise\modules\ext\logging-api-1.0.4.jar
[2025-02-18 19:43:31.208]:         deleting directory: C:\Program Files\NetBeans-2\netbeans\enterprise\ant\sources\org\netbeans\modules
[2025-02-18 19:43:31.209]:         deleting file: C:\Program Files\NetBeans-2\netbeans\enterprise\modules\ext\jsf-1_2\jsf-impl.jar
[2025-02-18 19:43:31.209]:         deleting file: C:\Program Files\NetBeans-2\netbeans\enterprise\modules\ext\struts\bsf-2.3.0.jar
[2025-02-18 19:43:31.209]:         deleting file: C:\Program Files\NetBeans-2\netbeans\enterprise\modules\ext\struts\oro-2.0.8.jar
[2025-02-18 19:43:31.211]:         deleting file: C:\Program Files\NetBeans-2\netbeans\enterprise\docs\webservices-api-javadoc.jar
[2025-02-18 19:43:31.212]:         deleting file: C:\Program Files\NetBeans-2\netbeans\enterprise\modules\ext\jsf-2_2\license.txt
[2025-02-18 19:43:31.213]:         deleting file: C:\Program Files\NetBeans-2\netbeans\enterprise\modules\ext\jsf-1_2\jsf-api.jar
[2025-02-18 19:43:31.213]:         deleting file: C:\Program Files\NetBeans-2\netbeans\enterprise\modules\ext\httpcore-4.4.13.jar
[2025-02-18 19:43:31.214]:         deleting file: C:\Program Files\NetBeans-2\netbeans\enterprise\docs\webservices-rt-javadoc.jar
[2025-02-18 19:43:31.214]:         deleting file: C:\Program Files\NetBeans-2\netbeans\enterprise\modules\ext\javaee-api-7.0.jar
[2025-02-18 19:43:31.215]:         deleting file: C:\Program Files\NetBeans-2\netbeans\enterprise\modules\ext\javaee-api-8.0.jar
[2025-02-18 19:43:31.215]:         deleting file: C:\Program Files\NetBeans-2\netbeans\enterprise\modules\ext\jsp-parser-ext.jar
[2025-02-18 19:43:31.216]:         deleting file: C:\Program Files\NetBeans-2\netbeans\enterprise\modules\ext\javaee-api-6.0.jar
[2025-02-18 19:43:31.217]:         deleting file: C:\Program Files\NetBeans-2\netbeans\enterprise\docs\struts-1.3.10-javadoc.zip
[2025-02-18 19:43:31.217]:         deleting directory: C:\Program Files\NetBeans-2\netbeans\enterprise\modules\ext\javaee6-endorsed
[2025-02-18 19:43:31.218]:         deleting directory: C:\Program Files\NetBeans-2\netbeans\enterprise\modules\ext\javaee7-endorsed
[2025-02-18 19:43:31.218]:         deleting file: C:\Program Files\NetBeans-2\netbeans\groovy\modules\ext\groovy-ant-3.0.8.jar
[2025-02-18 19:43:31.218]:         deleting file: C:\Program Files\NetBeans-2\netbeans\enterprise\modules\ext\javaee-api-5.jar
[2025-02-18 19:43:31.219]:         deleting file: C:\Program Files\NetBeans-2\netbeans\enterprise\docs\jakartaee10-doc-api.jar
[2025-02-18 19:43:31.220]:         deleting file: C:\Program Files\NetBeans-2\netbeans\enterprise\modules\ext\vavr-0.10.2.jar
[2025-02-18 19:43:31.221]:         deleting file: C:\Program Files\NetBeans-2\netbeans\enterprise\docs\jakartaee8-doc-api.jar
[2025-02-18 19:43:31.222]:         deleting file: C:\Program Files\NetBeans-2\netbeans\enterprise\docs\jakartaee9-doc-api.jar
[2025-02-18 19:43:31.222]:         deleting file: C:\Program Files\NetBeans-2\netbeans\enterprise\modules\ext\jsr88javax.jar
[2025-02-18 19:43:31.222]:         deleting file: C:\Program Files\NetBeans-2\netbeans\enterprise\modules\ext\jstl-impl.jar
[2025-02-18 19:43:31.223]:         deleting directory: C:\Program Files\NetBeans-2\netbeans\enterprise\ant\sources\org\netbeans
[2025-02-18 19:43:31.223]:         deleting file: C:\Program Files\NetBeans-2\netbeans\groovy\modules\ext\groovy-3.0.8.jar
[2025-02-18 19:43:31.224]:         deleting file: C:\Program Files\NetBeans-2\netbeans\enterprise\modules\ext\jstl-api.jar
[2025-02-18 19:43:31.224]:         deleting file: C:\Program Files\NetBeans-2\netbeans\enterprise\modules\ext\build-ws.xml
[2025-02-18 19:43:31.224]:         deleting file: C:\Program Files\NetBeans-2\netbeans\enterprise\ant\extra\jspcompile.jar
[2025-02-18 19:43:31.225]:         deleting file: C:\Program Files\NetBeans-2\netbeans\enterprise\modules\ext\el-impl.jar
[2025-02-18 19:43:31.225]:         deleting file: C:\Program Files\NetBeans-2\netbeans\enterprise\docs\javaee-doc-api.jar
[2025-02-18 19:43:31.225]:         deleting directory: C:\Program Files\NetBeans-2\netbeans\enterprise\modules\ext\primefaces
[2025-02-18 19:43:31.226]:         deleting directory: C:\Program Files\NetBeans-2\netbeans\enterprise\modules\ext\jaxrs-2.1
[2025-02-18 19:43:31.226]:         deleting file: C:\Program Files\NetBeans-2\netbeans\enterprise\docs\jsf-api-docs.zip
[2025-02-18 19:43:31.226]:         deleting file: C:\Program Files\NetBeans-2\netbeans\enterprise\docs\jsf12-tlddoc.zip
[2025-02-18 19:43:31.227]:         deleting file: C:\Program Files\NetBeans-2\netbeans\enterprise\docs\syntaxref20.zip
[2025-02-18 19:43:31.227]:         deleting file: C:\Program Files\NetBeans-2\netbeans\enterprise\docs\struts-tags.zip
[2025-02-18 19:43:31.228]:         deleting directory: C:\Program Files\NetBeans-2\netbeans\enterprise\modules\ext\aws-sdk
[2025-02-18 19:43:31.228]:         deleting directory: C:\Program Files\NetBeans-2\netbeans\enterprise\modules\ext\jackson
[2025-02-18 19:43:31.228]:         deleting directory: C:\Program Files\NetBeans-2\netbeans\enterprise\modules\ext\jersey2
[2025-02-18 19:43:31.228]:         deleting directory: C:\Program Files\NetBeans-2\netbeans\enterprise\modules\ext\jsf-2_2
[2025-02-18 19:43:31.229]:         deleting directory: C:\Program Files\NetBeans-2\netbeans\enterprise\modules\ext\jsf-1_2
[2025-02-18 19:43:31.229]:         deleting file: C:\Program Files\NetBeans-2\netbeans\enterprise\docs\jstl11-doc.zip
[2025-02-18 19:43:31.230]:         deleting directory: C:\Program Files\NetBeans-2\netbeans\enterprise\modules\ext\struts
[2025-02-18 19:43:31.230]:         deleting directory: C:\Program Files\NetBeans-2\netbeans\enterprise\modules\ext\metro
[2025-02-18 19:43:31.230]:         deleting directory: C:\Program Files\NetBeans-2\netbeans\enterprise\update_tracking
[2025-02-18 19:43:31.231]:         deleting directory: C:\Program Files\NetBeans-2\netbeans\enterprise\ant\sources\org
[2025-02-18 19:43:31.231]:         deleting directory: C:\Program Files\NetBeans-2\netbeans\enterprise\config\Modules
[2025-02-18 19:43:31.231]:         deleting file: C:\Program Files\NetBeans-2\netbeans\enterprise\.lastModified
[2025-02-18 19:43:31.232]:         deleting directory: C:\Program Files\NetBeans-2\netbeans\enterprise\modules\ext
[2025-02-18 19:43:31.235]:         deleting directory: C:\Program Files\NetBeans-2\netbeans\enterprise\ant\sources
[2025-02-18 19:43:31.235]:         deleting directory: C:\Program Files\NetBeans-2\netbeans\groovy\update_tracking
[2025-02-18 19:43:31.236]:         deleting file: C:\Program Files\NetBeans-2\netbeans\enterprise\VERSION.txt
[2025-02-18 19:43:31.236]:         deleting directory: C:\Program Files\NetBeans-2\netbeans\groovy\config\Modules
[2025-02-18 19:43:31.237]:         deleting directory: C:\Program Files\NetBeans-2\netbeans\enterprise\ant\nblib
[2025-02-18 19:43:31.237]:         deleting directory: C:\Program Files\NetBeans-2\netbeans\enterprise\ant\extra
[2025-02-18 19:43:31.237]:         deleting file: C:\Program Files\NetBeans-2\netbeans\groovy\.lastModified
[2025-02-18 19:43:31.237]:         deleting directory: C:\Program Files\NetBeans-2\netbeans\enterprise\modules
[2025-02-18 19:43:31.238]:         deleting directory: C:\Program Files\NetBeans-2\netbeans\groovy\modules\ext
[2025-02-18 19:43:31.238]:         deleting file: C:\Program Files\NetBeans-2\netbeans\groovy\VERSION.txt
[2025-02-18 19:43:31.239]:         deleting directory: C:\Program Files\NetBeans-2\netbeans\enterprise\config
[2025-02-18 19:43:31.239]:         deleting directory: C:\Program Files\NetBeans-2\netbeans\enterprise\docs
[2025-02-18 19:43:31.239]:         deleting file: C:\Program Files\NetBeans-2\enterprise\.lastModified
[2025-02-18 19:43:31.239]:             ... file does not exist
[2025-02-18 19:43:31.239]:         deleting directory: C:\Program Files\NetBeans-2\netbeans\enterprise\ant
[2025-02-18 19:43:31.240]:         deleting directory: C:\Program Files\NetBeans-2\netbeans\groovy\modules
[2025-02-18 19:43:31.240]:         deleting directory: C:\Program Files\NetBeans-2\netbeans\groovy\config
[2025-02-18 19:43:31.240]:         deleting directory: C:\Program Files\NetBeans-2\netbeans\enterprise
[2025-02-18 19:43:31.240]:         deleting directory: C:\Program Files\NetBeans-2\netbeans\groovy
[2025-02-18 19:43:31.240]:         deleting directory: C:\Program Files\NetBeans-2\netbeans
[2025-02-18 19:43:31.240]:         ... removing the system integration
[2025-02-18 19:43:31.241]:         ... removing installation files list
[2025-02-18 19:43:31.241]:         deleting file: C:\Users\Durgi\.nbi\product-cache\nb-javaee\21.0.0.240215.0\installed-files.xml.gz
[2025-02-18 19:43:31.241]:     ...finished uninstallation of Java EE(nb-javaee/21.0.0.240215.0)
[2025-02-18 19:43:31.451]:     NameResolver - to parse Uninstalling {0}
[2025-02-18 19:43:31.451]:     Start uninstallation of Java SE(nb-javase/21.0.0.240215.0)
[2025-02-18 19:43:31.528]:         ... running uninstallation logic
[2025-02-18 19:43:31.528]:         NameResolver - to parse C:\Program Files\NetBeans-21
[2025-02-18 19:43:31.529]:         System.getProperty(netbeans.default_userdir_root): C:\Users\Durgi\AppData\Roaming\NetBeans
[2025-02-18 19:43:31.530]:         NameResolver - to parse C:\Program Files\NetBeans-21
[2025-02-18 19:43:31.530]:         NameResolver - to parse C:\Program Files\NetBeans-21
[2025-02-18 19:43:31.531]:             child = apisupport
[2025-02-18 19:43:31.531]:             child = bin
[2025-02-18 19:43:31.531]:             child = cpplite
[2025-02-18 19:43:31.531]:             child = DEPENDENCIES
[2025-02-18 19:43:31.531]:             child = enterprise
[2025-02-18 19:43:31.531]:             child = ergonomics
[2025-02-18 19:43:31.531]:             child = etc
[2025-02-18 19:43:31.531]:             child = extide
[2025-02-18 19:43:31.531]:             child = groovy
[2025-02-18 19:43:31.531]:             child = harness
[2025-02-18 19:43:31.531]:             child = ide
[2025-02-18 19:43:31.531]:             child = java
[2025-02-18 19:43:31.531]:             child = javafx
[2025-02-18 19:43:31.532]:             child = LICENSE
[2025-02-18 19:43:31.532]:             child = licenses
[2025-02-18 19:43:31.532]:             child = nb
[2025-02-18 19:43:31.540]:         ... removing installation files
[2025-02-18 19:43:31.544]:         deleting file: C:\Program Files\NetBeans-2\netbeans\java\modules\ext\eclipselink\org.eclipse.persistence.jpa.modelgen.processor-2.7.12.jar
[2025-02-18 19:43:31.546]:         deleting file: C:\Program Files\NetBeans-2\netbeans\apisupport\update_tracking\org-netbeans-modules-apisupport-installer-maven.xml
[2025-02-18 19:43:31.548]:         deleting file: C:\Program Files\NetBeans-2\netbeans\ergonomics\config\Modules\org-netbeans-modules-j2ee-metadata-model-support.xml
[2025-02-18 19:43:31.551]:         deleting file: C:\Program Files\NetBeans-2\netbeans\apisupport\config\Modules\org-netbeans-modules-apisupport-installer-maven.xml
[2025-02-18 19:43:31.553]:         deleting file: C:\Program Files\NetBeans-2\netbeans\ergonomics\config\Modules\org-netbeans-modules-projectimport-eclipse-core.xml
[2025-02-18 19:43:31.554]:         deleting file: C:\Program Files\NetBeans-2\netbeans\ergonomics\config\Modules\org-netbeans-modules-cordova-platforms-android.xml
[2025-02-18 19:43:31.556]:         deleting file: C:\Program Files\NetBeans-2\netbeans\ergonomics\config\Modules\org-netbeans-modules-java-nativeimage-debugger.xml
[2025-02-18 19:43:31.557]:         deleting file: C:\Program Files\NetBeans-2\netbeans\ergonomics\config\Modules\org-netbeans-modules-websvc-saas-codegen-j2ee.xml
[2025-02-18 19:43:31.558]:         deleting file: C:\Program Files\NetBeans-2\netbeans\ergonomics\config\Modules\org-netbeans-modules-j2ee-eclipselinkmodelgen.xml
[2025-02-18 19:43:31.559]:         deleting file: C:\Program Files\NetBeans-2\netbeans\apisupport\update_tracking\org-netbeans-modules-apisupport-refactoring.xml
[2025-02-18 19:43:31.560]:         deleting file: C:\Program Files\NetBeans-2\netbeans\ergonomics\config\Modules\org-netbeans-modules-web-javascript-debugger.xml
[2025-02-18 19:43:31.561]:         deleting file: C:\Program Files\NetBeans-2\netbeans\ergonomics\config\Modules\org-netbeans-modules-javascript2-prototypejs.xml
[2025-02-18 19:43:31.562]:         deleting file: C:\Program Files\NetBeans-2\netbeans\ergonomics\config\Modules\org-netbeans-modules-javascript-jstestdriver.xml
[2025-02-18 19:43:31.564]:         deleting file: C:\Program Files\NetBeans-2\netbeans\apisupport\config\Modules\org-netbeans-modules-apisupport-refactoring.xml
[2025-02-18 19:43:31.565]:         deleting file: C:\Program Files\NetBeans-2\netbeans\profiler\update_tracking\org-netbeans-modules-profiler-projectsupport.xml
[2025-02-18 19:43:31.567]:         deleting file: C:\Program Files\NetBeans-2\netbeans\java\update_tracking\org-netbeans-modules-java-hints-declarative-test.xml
[2025-02-18 19:43:31.568]:         deleting file: C:\Program Files\NetBeans-2\netbeans\java\update_tracking\org-netbeans-modules-j2ee-metadata-model-support.xml
[2025-02-18 19:43:31.569]:         deleting file: C:\Program Files\NetBeans-2\netbeans\ergonomics\config\Modules\org-netbeans-modules-java-hints-declarative.xml
[2025-02-18 19:43:31.570]:         deleting file: C:\Program Files\NetBeans-2\netbeans\apisupport\update_tracking\org-netbeans-modules-apisupport-installer.xml
[2025-02-18 19:43:31.571]:         deleting file: C:\Program Files\NetBeans-2\netbeans\profiler\config\Modules\org-netbeans-modules-profiler-projectsupport.xml
[2025-02-18 19:43:31.572]:         deleting file: C:\Program Files\NetBeans-2\netbeans\profiler\update_tracking\org-netbeans-modules-debugger-jpda-heapwalk.xml
[2025-02-18 19:43:31.573]:         deleting file: C:\Program Files\NetBeans-2\netbeans\java\config\Modules\org-netbeans-modules-java-hints-declarative-test.xml
[2025-02-18 19:43:31.574]:         deleting file: C:\Program Files\NetBeans-2\netbeans\java\config\Modules\org-netbeans-modules-j2ee-metadata-model-support.xml
[2025-02-18 19:43:31.575]:         deleting file: C:\Program Files\NetBeans-2\netbeans\java\modules\ext\eclipselink\org.eclipse.persistence.jpa.jpql-2.7.12.jar
[2025-02-18 19:43:31.575]:         deleting file: C:\Program Files\NetBeans-2\netbeans\java\update_tracking\org-netbeans-modules-projectimport-eclipse-j2se.xml
[2025-02-18 19:43:31.576]:         deleting file: C:\Program Files\NetBeans-2\netbeans\java\update_tracking\org-netbeans-modules-spellchecker-bindings-java.xml
[2025-02-18 19:43:31.576]:         deleting file: C:\Program Files\NetBeans-2\netbeans\java\update_tracking\org-netbeans-modules-projectimport-eclipse-core.xml
[2025-02-18 19:43:31.577]:         deleting file: C:\Program Files\NetBeans-2\netbeans\ergonomics\config\Modules\org-netbeans-modules-profiler-oql-language.xml
[2025-02-18 19:43:31.578]:         deleting file: C:\Program Files\NetBeans-2\netbeans\ergonomics\config\Modules\org-netbeans-modules-javaee-beanvalidation.xml
[2025-02-18 19:43:31.579]:         deleting file: C:\Program Files\NetBeans-2\netbeans\ergonomics\config\Modules\org-netbeans-modules-javascript2-requirejs.xml
[2025-02-18 19:43:31.580]:         deleting file: C:\Program Files\NetBeans-2\netbeans\ergonomics\config\Modules\org-netbeans-modules-debugger-jpda-truffle.xml
[2025-02-18 19:43:31.581]:         deleting file: C:\Program Files\NetBeans-2\netbeans\ergonomics\config\Modules\org-netbeans-modules-j2ee-jpa-verification.xml
[2025-02-18 19:43:31.581]:         deleting file: C:\Program Files\NetBeans-2\netbeans\apisupport\config\Modules\org-netbeans-modules-apisupport-installer.xml
[2025-02-18 19:43:31.582]:         deleting file: C:\Program Files\NetBeans-2\netbeans\profiler\config\Modules\org-netbeans-modules-debugger-jpda-heapwalk.xml
[2025-02-18 19:43:31.582]:         deleting file: C:\Program Files\NetBeans-2\netbeans\profiler\update_tracking\org-netbeans-modules-profiler-oql-language.xml
[2025-02-18 19:43:31.583]:         deleting file: C:\Program Files\NetBeans-2\netbeans\java\config\Modules\org-netbeans-modules-projectimport-eclipse-j2se.xml
[2025-02-18 19:43:31.583]:         deleting file: C:\Program Files\NetBeans-2\netbeans\java\config\Modules\org-netbeans-modules-spellchecker-bindings-java.xml
[2025-02-18 19:43:31.584]:         deleting file: C:\Program Files\NetBeans-2\netbeans\java\config\Modules\org-netbeans-modules-projectimport-eclipse-core.xml
[2025-02-18 19:43:31.585]:         deleting file: C:\Program Files\NetBeans-2\netbeans\java\modules\ext\spring-3.0\spring-instrument-tomcat-3.2.18.RELEASE.jar
[2025-02-18 19:43:31.586]:         deleting file: C:\Program Files\NetBeans-2\netbeans\java\update_tracking\org-netbeans-modules-debugger-jpda-trufflenode.xml
[2025-02-18 19:43:31.587]:         deleting file: C:\Program Files\NetBeans-2\netbeans\java\update_tracking\org-netbeans-modules-java-nativeimage-debugger.xml
[2025-02-18 19:43:31.589]:         deleting file: C:\Program Files\NetBeans-2\netbeans\ergonomics\config\Modules\org-netbeans-modules-websvc-customization.xml
[2025-02-18 19:43:31.589]:         deleting file: C:\Program Files\NetBeans-2\netbeans\ergonomics\config\Modules\org-netbeans-modules-j2ee-jpa-refactoring.xml
[2025-02-18 19:43:31.590]:         deleting file: C:\Program Files\NetBeans-2\netbeans\ergonomics\config\Modules\org-netbeans-modules-languages-apacheconf.xml
[2025-02-18 19:43:31.590]:         deleting file: C:\Program Files\NetBeans-2\netbeans\ergonomics\config\Modules\org-netbeans-modules-j2ee-persistence-kit.xml
[2025-02-18 19:43:31.590]:         deleting file: C:\Program Files\NetBeans-2\netbeans\ergonomics\config\Modules\org-netbeans-modules-apisupport-installer.xml
[2025-02-18 19:43:31.592]:         deleting file: C:\Program Files\NetBeans-2\netbeans\ergonomics\config\Modules\org-netbeans-modules-javafx2-scenebuilder.xml
[2025-02-18 19:43:31.592]:         deleting file: C:\Program Files\NetBeans-2\netbeans\ergonomics\config\Modules\org-netbeans-modules-websvc-jaxwsmodelapi.xml
[2025-02-18 19:43:31.592]:         deleting file: C:\Program Files\NetBeans-2\netbeans\ergonomics\config\Modules\org-netbeans-modules-j2ee-ejbverification.xml
[2025-02-18 19:43:31.593]:         deleting file: C:\Program Files\NetBeans-2\netbeans\ergonomics\config\Modules\org-netbeans-modules-java-openjdk-project.xml
[2025-02-18 19:43:31.593]:         deleting file: C:\Program Files\NetBeans-2\netbeans\ergonomics\config\Modules\org-netbeans-modules-debugger-jpda-visual.xml
[2025-02-18 19:43:31.594]:         deleting file: C:\Program Files\NetBeans-2\netbeans\apisupport\modules\org-netbeans-modules-apisupport-installer-maven.jar
[2025-02-18 19:43:31.595]:         deleting file: C:\Program Files\NetBeans-2\netbeans\apisupport\update_tracking\org-netbeans-modules-apisupport-project.xml
[2025-02-18 19:43:31.595]:         deleting file: C:\Program Files\NetBeans-2\netbeans\apisupport\update_tracking\org-netbeans-modules-apisupport-wizards.xml
[2025-02-18 19:43:31.595]:         deleting file: C:\Program Files\NetBeans-2\netbeans\profiler\config\Modules\org-netbeans-modules-profiler-oql-language.xml
[2025-02-18 19:43:31.596]:         deleting file: C:\Program Files\NetBeans-2\netbeans\profiler\lib\deployed\jdk16\linux-arm-vfp-hflt\libprofilerinterface.so
[2025-02-18 19:43:31.597]:         deleting file: C:\Program Files\NetBeans-2\netbeans\java\config\Modules\org-netbeans-modules-debugger-jpda-trufflenode.xml
[2025-02-18 19:43:31.597]:         deleting file: C:\Program Files\NetBeans-2\netbeans\java\config\Modules\org-netbeans-modules-java-nativeimage-debugger.xml
[2025-02-18 19:43:31.598]:         deleting file: C:\Program Files\NetBeans-2\netbeans\java\update_tracking\org-netbeans-modules-debugger-jpda-projectsui.xml
[2025-02-18 19:43:31.599]:         deleting file: C:\Program Files\NetBeans-2\netbeans\java\update_tracking\org-netbeans-modules-j2ee-eclipselinkmodelgen.xml
[2025-02-18 19:43:31.600]:         deleting file: C:\Program Files\NetBeans-2\netbeans\java\update_tracking\org-netbeans-modules-websvc-saas-codegen-java.xml
[2025-02-18 19:43:31.600]:         deleting file: C:\Program Files\NetBeans-2\netbeans\ergonomics\config\Modules\org-netbeans-modules-j2ee-ejbrefactoring.xml
[2025-02-18 19:43:31.601]:         deleting file: C:\Program Files\NetBeans-2\netbeans\ergonomics\config\Modules\org-netbeans-modules-jakartaee8-platform.xml
[2025-02-18 19:43:31.601]:         deleting file: C:\Program Files\NetBeans-2\netbeans\ergonomics\config\Modules\org-netbeans-modules-profiler-snaptracer.xml
[2025-02-18 19:43:31.601]:         deleting file: C:\Program Files\NetBeans-2\netbeans\ergonomics\config\Modules\org-netbeans-modules-profiler-heapwalker.xml
[2025-02-18 19:43:31.602]:         deleting file: C:\Program Files\NetBeans-2\netbeans\ergonomics\config\Modules\org-netbeans-modules-j2ee-persistenceapi.xml
[2025-02-18 19:43:31.602]:         deleting file: C:\Program Files\NetBeans-2\netbeans\ergonomics\config\Modules\org-netbeans-modules-websvc-saas-codegen.xml
[2025-02-18 19:43:31.603]:         deleting file: C:\Program Files\NetBeans-2\netbeans\ergonomics\config\Modules\org-netbeans-modules-gradle-dependencies.xml
[2025-02-18 19:43:31.603]:         deleting file: C:\Program Files\NetBeans-2\netbeans\ergonomics\config\Modules\org-netbeans-modules-jakartaee9-platform.xml
[2025-02-18 19:43:31.605]:         deleting file: C:\Program Files\NetBeans-2\netbeans\ergonomics\config\Modules\org-netbeans-modules-websvc-editor-hints.xml
[2025-02-18 19:43:31.605]:         deleting file: C:\Program Files\NetBeans-2\netbeans\ergonomics\config\Modules\org-netbeans-modules-jakarta-transformer.xml
[2025-02-18 19:43:31.606]:         deleting file: C:\Program Files\NetBeans-2\netbeans\apisupport\config\Modules\org-netbeans-modules-apisupport-project.xml
[2025-02-18 19:43:31.606]:         deleting file: C:\Program Files\NetBeans-2\netbeans\apisupport\config\Modules\org-netbeans-modules-apisupport-wizards.xml
[2025-02-18 19:43:31.607]:         deleting file: C:\Program Files\NetBeans-2\netbeans\profiler\update_tracking\org-netbeans-modules-profiler-snaptracer.xml
[2025-02-18 19:43:31.607]:         deleting file: C:\Program Files\NetBeans-2\netbeans\profiler\update_tracking\org-netbeans-modules-profiler-heapwalker.xml
[2025-02-18 19:43:31.607]:         deleting file: C:\Program Files\NetBeans-2\netbeans\java\config\Modules\org-netbeans-modules-debugger-jpda-projectsui.xml
[2025-02-18 19:43:31.608]:         deleting file: C:\Program Files\NetBeans-2\netbeans\java\config\Modules\org-netbeans-modules-j2ee-eclipselinkmodelgen.xml
[2025-02-18 19:43:31.609]:         deleting file: C:\Program Files\NetBeans-2\netbeans\java\config\Modules\org-netbeans-modules-websvc-saas-codegen-java.xml
[2025-02-18 19:43:31.610]:         deleting file: C:\Program Files\NetBeans-2\netbeans\java\modules\ext\spring-3.0\spring-context-support-3.2.18.RELEASE.jar
[2025-02-18 19:43:31.610]:         deleting file: C:\Program Files\NetBeans-2\netbeans\java\modules\ext\spring-4\spring-instrument-tomcat-4.3.29.RELEASE.jar
[2025-02-18 19:43:31.611]:         deleting file: C:\Program Files\NetBeans-2\netbeans\java\modules\ext\eclipselink\org.eclipse.persistence.antlr-2.7.12.jar
[2025-02-18 19:43:31.611]:         deleting file: C:\Program Files\NetBeans-2\netbeans\java\ant\extra\org-netbeans-modules-java-j2seproject-copylibstask.jar
[2025-02-18 19:43:31.612]:         deleting file: C:\Program Files\NetBeans-2\netbeans\java\update_tracking\org-netbeans-modules-java-preprocessorbridge.xml
[2025-02-18 19:43:31.612]:         deleting file: C:\Program Files\NetBeans-2\netbeans\java\update_tracking\org-netbeans-modules-java-source-queriesimpl.xml
[2025-02-18 19:43:31.613]:         deleting file: C:\Program Files\NetBeans-2\netbeans\ergonomics\config\Modules\org-netbeans-modules-j2ee-ejbjarproject.xml
[2025-02-18 19:43:31.614]:         deleting file: C:\Program Files\NetBeans-2\netbeans\ergonomics\config\Modules\org-netbeans-modules-web-webkit-tooling.xml
[2025-02-18 19:43:31.614]:         deleting file: C:\Program Files\NetBeans-2\netbeans\ergonomics\config\Modules\org-netbeans-modules-apisupport-project.xml
[2025-02-18 19:43:31.615]:         deleting file: C:\Program Files\NetBeans-2\netbeans\ergonomics\config\Modules\org-netbeans-modules-web-jsf-navigation.xml
[2025-02-18 19:43:31.615]:         deleting file: C:\Program Files\NetBeans-2\netbeans\ergonomics\config\Modules\org-netbeans-modules-java-file-launcher.xml
[2025-02-18 19:43:31.616]:         deleting file: C:\Program Files\NetBeans-2\netbeans\ergonomics\config\Modules\org-netbeans-modules-j2ee-clientproject.xml
[2025-02-18 19:43:31.617]:         deleting file: C:\Program Files\NetBeans-2\netbeans\ergonomics\config\Modules\org-netbeans-modules-javascript2-nodejs.xml
[2025-02-18 19:43:31.617]:         deleting file: C:\Program Files\NetBeans-2\netbeans\ergonomics\config\Modules\org-netbeans-modules-javascript2-editor.xml
[2025-02-18 19:43:31.618]:         deleting file: C:\Program Files\NetBeans-2\netbeans\ergonomics\config\Modules\org-netbeans-modules-web-client-samples.xml
[2025-02-18 19:43:31.619]:         deleting file: C:\Program Files\NetBeans-2\netbeans\ergonomics\config\Modules\org-netbeans-modules-debugger-jpda-jsui.xml
[2025-02-18 19:43:31.620]:         deleting file: C:\Program Files\NetBeans-2\netbeans\ergonomics\config\Modules\org-netbeans-modules-apisupport-wizards.xml
[2025-02-18 19:43:31.620]:         deleting file: C:\Program Files\NetBeans-2\netbeans\ergonomics\config\Modules\org-netbeans-modules-javascript2-jquery.xml
[2025-02-18 19:43:31.621]:         deleting file: C:\Program Files\NetBeans-2\netbeans\ergonomics\config\Modules\org-netbeans-modules-groovy-refactoring.xml
[2025-02-18 19:43:31.621]:         deleting file: C:\Program Files\NetBeans-2\netbeans\ergonomics\config\Modules\org-netbeans-modules-j2ee-genericserver.xml
[2025-02-18 19:43:31.622]:         deleting file: C:\Program Files\NetBeans-2\netbeans\ergonomics\config\Modules\org-netbeans-modules-javascript2-extdoc.xml
[2025-02-18 19:43:31.623]:         deleting file: C:\Program Files\NetBeans-2\netbeans\javafx\update_tracking\org-netbeans-modules-javafx2-scenebuilder.xml
[2025-02-18 19:43:31.623]:         deleting file: C:\Program Files\NetBeans-2\netbeans\apisupport\update_tracking\org-netbeans-modules-maven-apisupport.xml
[2025-02-18 19:43:31.624]:         deleting file: C:\Program Files\NetBeans-2\netbeans\profiler\config\Modules\org-netbeans-modules-profiler-snaptracer.xml
[2025-02-18 19:43:31.624]:         deleting file: C:\Program Files\NetBeans-2\netbeans\profiler\config\Modules\org-netbeans-modules-profiler-heapwalker.xml
[2025-02-18 19:43:31.626]:         deleting file: C:\Program Files\NetBeans-2\netbeans\profiler\lib\deployed\jdk15\hpux-pa_risc2.0w\libprofilerinterface.sl
[2025-02-18 19:43:31.627]:         deleting file: C:\Program Files\NetBeans-2\netbeans\profiler\lib\deployed\jdk16\hpux-pa_risc2.0w\libprofilerinterface.sl
[2025-02-18 19:43:31.628]:         deleting file: C:\Program Files\NetBeans-2\netbeans\profiler\update_tracking\org-netbeans-modules-profiler-utilities.xml
[2025-02-18 19:43:31.629]:         deleting file: C:\Program Files\NetBeans-2\netbeans\java\config\Modules\org-netbeans-modules-java-preprocessorbridge.xml
[2025-02-18 19:43:31.629]:         deleting file: C:\Program Files\NetBeans-2\netbeans\java\config\Modules\org-netbeans-modules-java-source-queriesimpl.xml
[2025-02-18 19:43:31.630]:         deleting file: C:\Program Files\NetBeans-2\netbeans\java\modules\ext\spring-3.0\spring-webmvc-portlet-3.2.18.RELEASE.jar
[2025-02-18 19:43:31.631]:         deleting file: C:\Program Files\NetBeans-2\netbeans\java\modules\ext\eclipselink\org.eclipse.persistence.core-2.7.12.jar
[2025-02-18 19:43:31.631]:         deleting file: C:\Program Files\NetBeans-2\netbeans\java\modules\ext\eclipselink\org.eclipse.persistence.moxy-2.7.12.jar
[2025-02-18 19:43:31.632]:         deleting file: C:\Program Files\NetBeans-2\netbeans\java\update_tracking\org-netbeans-modules-java-hints-declarative.xml
[2025-02-18 19:43:31.633]:         deleting file: C:\Program Files\NetBeans-2\netbeans\java\update_tracking\org-netbeans-modules-debugger-jpda-projects.xml
[2025-02-18 19:43:31.634]:         deleting file: C:\Program Files\NetBeans-2\netbeans\ergonomics\config\Modules\org-netbeans-modules-web-jsf-richfaces.xml
[2025-02-18 19:43:31.635]:         deleting file: C:\Program Files\NetBeans-2\netbeans\ergonomics\config\Modules\org-netbeans-modules-jakarta-web-beans.xml
[2025-02-18 19:43:31.636]:         deleting file: C:\Program Files\NetBeans-2\netbeans\ergonomics\config\Modules\org-netbeans-modules-websvc-jaxwsmodel.xml
[2025-02-18 19:43:31.636]:         deleting file: C:\Program Files\NetBeans-2\netbeans\ergonomics\config\Modules\org-netbeans-modules-maven-refactoring.xml
[2025-02-18 19:43:31.637]:         deleting file: C:\Program Files\NetBeans-2\netbeans\ergonomics\config\Modules\org-netbeans-modules-nashorn-execution.xml
[2025-02-18 19:43:31.637]:         deleting file: C:\Program Files\NetBeans-2\netbeans\ergonomics\config\Modules\org-netbeans-modules-debugger-jpda-kit.xml
[2025-02-18 19:43:31.639]:         deleting file: C:\Program Files\NetBeans-2\netbeans\ergonomics\config\Modules\org-netbeans-modules-javascript2-jsdoc.xml
[2025-02-18 19:43:31.639]:         deleting file: C:\Program Files\NetBeans-2\netbeans\ergonomics\config\Modules\org-netbeans-modules-web-clientproject.xml
[2025-02-18 19:43:31.640]:         deleting file: C:\Program Files\NetBeans-2\netbeans\ergonomics\config\Modules\org-netbeans-modules-extbrowser-chrome.xml
[2025-02-18 19:43:31.641]:         deleting file: C:\Program Files\NetBeans-2\netbeans\ergonomics\config\Modules\org-netbeans-modules-java-j2seprofiles.xml
[2025-02-18 19:43:31.641]:         deleting file: C:\Program Files\NetBeans-2\netbeans\ergonomics\config\Modules\org-netbeans-modules-groovy-antproject.xml
[2025-02-18 19:43:31.642]:         deleting file: C:\Program Files\NetBeans-2\netbeans\ergonomics\config\Modules\org-netbeans-modules-websvc-wsstackapi.xml
[2025-02-18 19:43:31.642]:         deleting file: C:\Program Files\NetBeans-2\netbeans\ergonomics\config\Modules\org-netbeans-modules-java-j2seembedded.xml
[2025-02-18 19:43:31.643]:         deleting file: C:\Program Files\NetBeans-2\netbeans\ergonomics\config\Modules\org-netbeans-modules-javascript2-extjs.xml
[2025-02-18 19:43:31.643]:         deleting file: C:\Program Files\NetBeans-2\netbeans\ergonomics\config\Modules\org-netbeans-modules-java-j2seplatform.xml
[2025-02-18 19:43:31.644]:         deleting file: C:\Program Files\NetBeans-2\netbeans\ergonomics\config\Modules\org-netbeans-modules-php-code-analysis.xml
[2025-02-18 19:43:31.645]:         deleting file: C:\Program Files\NetBeans-2\netbeans\ergonomics\config\Modules\org-netbeans-modules-glassfish-tooling.xml
[2025-02-18 19:43:31.646]:         deleting file: C:\Program Files\NetBeans-2\netbeans\ergonomics\config\Modules\org-netbeans-modules-typescript-editor.xml
[2025-02-18 19:43:31.646]:         deleting file: C:\Program Files\NetBeans-2\netbeans\ergonomics\config\Modules\org-netbeans-modules-java-module-graph.xml
[2025-02-18 19:43:31.646]:         deleting file: C:\Program Files\NetBeans-2\netbeans\ergonomics\config\Modules\org-netbeans-modules-javascript2-react.xml
[2025-02-18 19:43:31.647]:         deleting file: C:\Program Files\NetBeans-2\netbeans\ergonomics\config\Modules\org-netbeans-modules-websvc-projectapi.xml
[2025-02-18 19:43:31.647]:         deleting file: C:\Program Files\NetBeans-2\netbeans\ergonomics\config\Modules\org-netbeans-modules-javascript-nodejs.xml
[2025-02-18 19:43:31.648]:         deleting file: C:\Program Files\NetBeans-2\netbeans\javafx\config\Modules\org-netbeans-modules-javafx2-scenebuilder.xml
[2025-02-18 19:43:31.648]:         deleting file: C:\Program Files\NetBeans-2\netbeans\apisupport\config\Modules\org-netbeans-modules-maven-apisupport.xml
[2025-02-18 19:43:31.649]:         deleting file: C:\Program Files\NetBeans-2\netbeans\profiler\config\Modules\org-netbeans-modules-profiler-utilities.xml
[2025-02-18 19:43:31.650]:         deleting file: C:\Program Files\NetBeans-2\netbeans\profiler\lib\deployed\jdk15\hpux-pa_risc2.0\libprofilerinterface.sl
[2025-02-18 19:43:31.650]:         deleting file: C:\Program Files\NetBeans-2\netbeans\profiler\lib\deployed\jdk15\solaris-sparcv9\libprofilerinterface.so
[2025-02-18 19:43:31.652]:         deleting file: C:\Program Files\NetBeans-2\netbeans\profiler\lib\deployed\jdk16\hpux-pa_risc2.0\libprofilerinterface.sl
[2025-02-18 19:43:31.653]:         deleting file: C:\Program Files\NetBeans-2\netbeans\profiler\lib\deployed\jdk16\solaris-sparcv9\libprofilerinterface.so
[2025-02-18 19:43:31.653]:         deleting file: C:\Program Files\NetBeans-2\netbeans\profiler\update_tracking\org-netbeans-modules-profiler-nbmodule.xml
[2025-02-18 19:43:31.654]:         deleting file: C:\Program Files\NetBeans-2\netbeans\profiler\update_tracking\org-netbeans-modules-profiler-freeform.xml
[2025-02-18 19:43:31.655]:         deleting file: C:\Program Files\NetBeans-2\netbeans\java\config\Modules\org-netbeans-modules-java-hints-declarative.xml
[2025-02-18 19:43:31.656]:         deleting file: C:\Program Files\NetBeans-2\netbeans\java\config\Modules\org-netbeans-modules-debugger-jpda-projects.xml
[2025-02-18 19:43:31.656]:         deleting file: C:\Program Files\NetBeans-2\netbeans\java\modules\ext\spring-4\spring-context-support-4.3.29.RELEASE.jar
[2025-02-18 19:43:31.657]:         deleting file: C:\Program Files\NetBeans-2\netbeans\java\modules\ext\eclipselink\org.eclipse.persistence.jpa-2.7.12.jar
[2025-02-18 19:43:31.657]:         deleting file: C:\Program Files\NetBeans-2\netbeans\java\update_tracking\org-netbeans-modules-java-hints-legacy-spi.xml
[2025-02-18 19:43:31.658]:         deleting file: C:\Program Files\NetBeans-2\netbeans\java\update_tracking\org-netbeans-modules-debugger-jpda-truffle.xml
[2025-02-18 19:43:31.658]:         deleting file: C:\Program Files\NetBeans-2\netbeans\java\update_tracking\org-netbeans-modules-j2ee-jpa-verification.xml
[2025-02-18 19:43:31.659]:         deleting file: C:\Program Files\NetBeans-2\netbeans\ergonomics\config\Modules\org-netbeans-modules-debugger-jpda-js.xml
[2025-02-18 19:43:31.659]:         deleting file: C:\Program Files\NetBeans-2\netbeans\ergonomics\config\Modules\org-netbeans-modules-websvc-metro-lib.xml
[2025-02-18 19:43:31.659]:         deleting file: C:\Program Files\NetBeans-2\netbeans\ergonomics\config\Modules\org-netbeans-modules-glassfish-javaee.xml
[2025-02-18 19:43:31.660]:         deleting file: C:\Program Files\NetBeans-2\netbeans\ergonomics\config\Modules\org-netbeans-modules-debugger-jpda-ui.xml
[2025-02-18 19:43:31.660]:         deleting file: C:\Program Files\NetBeans-2\netbeans\ergonomics\config\Modules\org-netbeans-modules-refactoring-java.xml
[2025-02-18 19:43:31.661]:         deleting file: C:\Program Files\NetBeans-2\netbeans\ergonomics\config\Modules\org-netbeans-modules-javascript-bower.xml
[2025-02-18 19:43:31.661]:         deleting file: C:\Program Files\NetBeans-2\netbeans\ergonomics\config\Modules\org-netbeans-modules-javaee-injection.xml
[2025-02-18 19:43:31.662]:         deleting file: C:\Program Files\NetBeans-2\netbeans\ergonomics\config\Modules\org-netbeans-modules-maven-repository.xml
[2025-02-18 19:43:31.662]:         deleting file: C:\Program Files\NetBeans-2\netbeans\ergonomics\config\Modules\org-netbeans-modules-web-jsf-icefaces.xml
[2025-02-18 19:43:31.662]:         deleting file: C:\Program Files\NetBeans-2\netbeans\ergonomics\config\Modules\org-netbeans-modules-javascript2-jade.xml
[2025-02-18 19:43:31.663]:         deleting file: C:\Program Files\NetBeans-2\netbeans\ergonomics\config\Modules\org-netbeans-modules-javascript2-sdoc.xml
[2025-02-18 19:43:31.663]:         deleting file: C:\Program Files\NetBeans-2\netbeans\ergonomics\config\Modules\org-netbeans-modules-payara-jakartaee.xml
[2025-02-18 19:43:31.664]:         deleting file: C:\Program Files\NetBeans-2\netbeans\ergonomics\config\Modules\org-netbeans-modules-cpplite-debugger.xml
[2025-02-18 19:43:31.664]:         deleting file: C:\Program Files\NetBeans-2\netbeans\ergonomics\config\Modules\org-netbeans-modules-java-j2seproject.xml
[2025-02-18 19:43:31.665]:         deleting file: C:\Program Files\NetBeans-2\netbeans\ergonomics\config\Modules\org-netbeans-modules-javascript-grunt.xml
[2025-02-18 19:43:31.666]:         deleting file: C:\Program Files\NetBeans-2\netbeans\ergonomics\config\Modules\org-netbeans-modules-websvc-websvcapi.xml
[2025-02-18 19:43:31.666]:         deleting file: C:\Program Files\NetBeans-2\netbeans\ergonomics\config\Modules\org-netbeans-modules-php-nette-tester.xml
[2025-02-18 19:43:31.666]:         deleting file: C:\Program Files\NetBeans-2\netbeans\ergonomics\config\Modules\org-netbeans-modules-javascript-cdnjs.xml
[2025-02-18 19:43:31.667]:         deleting file: C:\Program Files\NetBeans-2\netbeans\ergonomics\config\Modules\org-netbeans-modules-websvc-clientapi.xml
[2025-02-18 19:43:31.667]:         deleting file: C:\Program Files\NetBeans-2\netbeans\ergonomics\config\Modules\org-netbeans-modules-glassfish-common.xml
[2025-02-18 19:43:31.668]:         deleting file: C:\Program Files\NetBeans-2\netbeans\ergonomics\config\Modules\org-netbeans-modules-maven-checkstyle.xml
[2025-02-18 19:43:31.668]:         deleting file: C:\Program Files\NetBeans-2\netbeans\ergonomics\config\Modules\org-netbeans-modules-javafx2-platform.xml
[2025-02-18 19:43:31.669]:         deleting file: C:\Program Files\NetBeans-2\netbeans\ergonomics\config\Modules\org-netbeans-modules-javascript-karma.xml
[2025-02-18 19:43:31.670]:         deleting file: C:\Program Files\NetBeans-2\netbeans\ergonomics\config\Modules\org-netbeans-modules-j2ee-persistence.xml
[2025-02-18 19:43:31.670]:         deleting file: C:\Program Files\NetBeans-2\netbeans\ergonomics\config\Modules\org-netbeans-modules-profiler-options.xml
[2025-02-18 19:43:31.671]:         deleting file: C:\Program Files\NetBeans-2\netbeans\apisupport\modules\org-netbeans-modules-apisupport-refactoring.jar
[2025-02-18 19:43:31.671]:         deleting file: C:\Program Files\NetBeans-2\netbeans\apisupport\update_tracking\org-netbeans-modules-apisupport-ant.xml
[2025-02-18 19:43:31.671]:         deleting file: C:\Program Files\NetBeans-2\netbeans\apisupport\update_tracking\org-netbeans-modules-apisupport-kit.xml
[2025-02-18 19:43:31.673]:         deleting file: C:\Program Files\NetBeans-2\netbeans\profiler\config\Modules\org-netbeans-modules-profiler-nbmodule.xml
[2025-02-18 19:43:31.673]:         deleting file: C:\Program Files\NetBeans-2\netbeans\profiler\config\Modules\org-netbeans-modules-profiler-freeform.xml
[2025-02-18 19:43:31.673]:         deleting file: C:\Program Files\NetBeans-2\netbeans\profiler\update_tracking\org-netbeans-modules-profiler-ppoints.xml
[2025-02-18 19:43:31.674]:         deleting file: C:\Program Files\NetBeans-2\netbeans\profiler\update_tracking\org-netbeans-modules-profiler-options.xml
[2025-02-18 19:43:31.675]:         deleting file: C:\Program Files\NetBeans-2\netbeans\java\config\Modules\org-netbeans-modules-java-hints-legacy-spi.xml
[2025-02-18 19:43:31.675]:         deleting file: C:\Program Files\NetBeans-2\netbeans\java\config\Modules\org-netbeans-modules-debugger-jpda-truffle.xml
[2025-02-18 19:43:31.675]:         deleting file: C:\Program Files\NetBeans-2\netbeans\java\config\Modules\org-netbeans-modules-j2ee-jpa-verification.xml
[2025-02-18 19:43:31.676]:         deleting file: C:\Program Files\NetBeans-2\netbeans\java\modules\ext\spring-4\spring-webmvc-portlet-4.3.29.RELEASE.jar
[2025-02-18 19:43:31.676]:         deleting file: C:\Program Files\NetBeans-2\netbeans\java\modules\ext\eclipselink\org.eclipse.persistence.asm-9.4.0.jar
[2025-02-18 19:43:31.677]:         deleting file: C:\Program Files\NetBeans-2\netbeans\java\modules\ext\spring-5\spring-context-support-5.2.9.RELEASE.jar
[2025-02-18 19:43:31.677]:         deleting file: C:\Program Files\NetBeans-2\netbeans\java\modules\ext\spring-5\spring-context-indexer-5.2.9.RELEASE.jar
[2025-02-18 19:43:31.678]:         deleting file: C:\Program Files\NetBeans-2\netbeans\java\update_tracking\org-netbeans-modules-j2ee-jpa-refactoring.xml
[2025-02-18 19:43:31.678]:         deleting file: C:\Program Files\NetBeans-2\netbeans\java\update_tracking\org-netbeans-modules-gradle-java-coverage.xml
[2025-02-18 19:43:31.682]:         deleting file: C:\Program Files\NetBeans-2\netbeans\java\update_tracking\org-netbeans-modules-j2ee-persistence-kit.xml
[2025-02-18 19:43:31.682]:         deleting file: C:\Program Files\NetBeans-2\netbeans\java\update_tracking\org-netbeans-modules-java-openjdk-project.xml
[2025-02-18 19:43:31.682]:         deleting file: C:\Program Files\NetBeans-2\netbeans\java\update_tracking\org-netbeans-modules-debugger-jpda-visual.xml
[2025-02-18 19:43:31.683]:         deleting file: C:\Program Files\NetBeans-2\netbeans\ergonomics\config\Modules\org-netbeans-modules-java-mx-project.xml
[2025-02-18 19:43:31.685]:         deleting file: C:\Program Files\NetBeans-2\netbeans\ergonomics\config\Modules\org-netbeans-modules-websvc-saas-kit.xml
[2025-02-18 19:43:31.685]:         deleting file: C:\Program Files\NetBeans-2\netbeans\ergonomics\config\Modules\org-netbeans-modules-profiler-nbimpl.xml
[2025-02-18 19:43:31.686]:         deleting file: C:\Program Files\NetBeans-2\netbeans\ergonomics\config\Modules\org-netbeans-modules-javafx2-project.xml
[2025-02-18 19:43:31.687]:         deleting file: C:\Program Files\NetBeans-2\netbeans\ergonomics\config\Modules\org-netbeans-modules-websvc-saas-api.xml
[2025-02-18 19:43:31.688]:         deleting file: C:\Program Files\NetBeans-2\netbeans\ergonomics\config\Modules\org-netbeans-modules-java-navigation.xml
[2025-02-18 19:43:31.689]:         deleting file: C:\Program Files\NetBeans-2\netbeans\ergonomics\config\Modules\org-netbeans-modules-cpplite-project.xml
[2025-02-18 19:43:31.689]:         deleting file: C:\Program Files\NetBeans-2\netbeans\ergonomics\config\Modules\org-netbeans-modules-web-core-syntax.xml
[2025-02-18 19:43:31.690]:         deleting file: C:\Program Files\NetBeans-2\netbeans\ergonomics\config\Modules\org-netbeans-modules-web-refactoring.xml
[2025-02-18 19:43:31.690]:         deleting file: C:\Program Files\NetBeans-2\netbeans\ergonomics\config\Modules\org-netbeans-modules-java-j2sedeploy.xml
[2025-02-18 19:43:31.690]:         deleting file: C:\Program Files\NetBeans-2\netbeans\ergonomics\config\Modules\org-netbeans-modules-javascript2-kit.xml
[2025-02-18 19:43:31.691]:         deleting file: C:\Program Files\NetBeans-2\netbeans\ergonomics\config\Modules\org-netbeans-modules-java-lsp-server.xml
[2025-02-18 19:43:31.691]:         deleting file: C:\Program Files\NetBeans-2\netbeans\ergonomics\config\Modules\org-netbeans-modules-java-j2semodule.xml
[2025-02-18 19:43:31.691]:         deleting file: C:\Program Files\NetBeans-2\netbeans\ergonomics\config\Modules\org-netbeans-modules-java-source-ant.xml
[2025-02-18 19:43:31.692]:         deleting file: C:\Program Files\NetBeans-2\netbeans\ergonomics\config\Modules\org-netbeans-modules-websvc-jaxwsapi.xml
[2025-02-18 19:43:31.692]:         deleting file: C:\Program Files\NetBeans-2\netbeans\ergonomics\config\Modules\org-netbeans-modules-j2ee-earproject.xml
[2025-02-18 19:43:31.692]:         deleting file: C:\Program Files\NetBeans-2\netbeans\ergonomics\config\Modules\org-netbeans-modules-j2ee-sun-appsrv.xml
[2025-02-18 19:43:31.693]:         deleting file: C:\Program Files\NetBeans-2\netbeans\ergonomics\config\Modules\org-netbeans-modules-php-refactoring.xml
[2025-02-18 19:43:31.693]:         deleting file: C:\Program Files\NetBeans-2\netbeans\ergonomics\config\Modules\org-netbeans-modules-javafx2-samples.xml
[2025-02-18 19:43:31.694]:         deleting file: C:\Program Files\NetBeans-2\netbeans\ergonomics\config\Modules\org-netbeans-modules-javascript-gulp.xml
[2025-02-18 19:43:31.694]:         deleting file: C:\Program Files\NetBeans-2\netbeans\ergonomics\config\Modules\org-netbeans-modules-languages-antlr.xml
[2025-02-18 19:43:31.695]:         deleting file: C:\Program Files\NetBeans-2\netbeans\ergonomics\config\Modules\org-netbeans-modules-php-codeception.xml
[2025-02-18 19:43:31.696]:         deleting file: C:\Program Files\NetBeans-2\netbeans\ergonomics\config\Modules\org-netbeans-modules-web-client-rest.xml
[2025-02-18 19:43:31.696]:         deleting file: C:\Program Files\NetBeans-2\netbeans\ergonomics\update_tracking\org-netbeans-modules-ide-ergonomics.xml
[2025-02-18 19:43:31.697]:         deleting file: C:\Program Files\NetBeans-2\netbeans\apisupport\config\Modules\org-netbeans-modules-apisupport-ant.xml
[2025-02-18 19:43:31.698]:         deleting file: C:\Program Files\NetBeans-2\netbeans\apisupport\config\Modules\org-netbeans-modules-apisupport-kit.xml
[2025-02-18 19:43:31.698]:         deleting file: C:\Program Files\NetBeans-2\netbeans\profiler\config\Modules\org-netbeans-modules-profiler-ppoints.xml
[2025-02-18 19:43:31.698]:         deleting file: C:\Program Files\NetBeans-2\netbeans\profiler\config\Modules\org-netbeans-modules-profiler-options.xml
[2025-02-18 19:43:31.700]:         deleting file: C:\Program Files\NetBeans-2\netbeans\profiler\modules\org-netbeans-modules-profiler-projectsupport.jar
[2025-02-18 19:43:31.700]:         deleting file: C:\Program Files\NetBeans-2\netbeans\profiler\lib\deployed\jdk15\solaris-amd64\libprofilerinterface.so
[2025-02-18 19:43:31.701]:         deleting file: C:\Program Files\NetBeans-2\netbeans\profiler\lib\deployed\jdk15\solaris-sparc\libprofilerinterface.so
[2025-02-18 19:43:31.702]:         deleting file: C:\Program Files\NetBeans-2\netbeans\profiler\lib\deployed\jdk16\solaris-amd64\libprofilerinterface.so
[2025-02-18 19:43:31.703]:         deleting file: C:\Program Files\NetBeans-2\netbeans\profiler\lib\deployed\jdk16\solaris-sparc\libprofilerinterface.so
[2025-02-18 19:43:31.703]:         deleting file: C:\Program Files\NetBeans-2\netbeans\profiler\update_tracking\org-netbeans-modules-profiler-nbimpl.xml
[2025-02-18 19:43:31.704]:         deleting file: C:\Program Files\NetBeans-2\netbeans\profiler\update_tracking\org-netbeans-modules-profiler-attach.xml
[2025-02-18 19:43:31.704]:         deleting file: C:\Program Files\NetBeans-2\netbeans\java\config\ModuleAutoDeps\org-netbeans-modules-java-platform.xml
[2025-02-18 19:43:31.706]:         deleting file: C:\Program Files\NetBeans-2\netbeans\java\config\Modules\org-netbeans-modules-j2ee-jpa-refactoring.xml
[2025-02-18 19:43:31.706]:         deleting file: C:\Program Files\NetBeans-2\netbeans\java\config\Modules\org-netbeans-modules-gradle-java-coverage.xml
[2025-02-18 19:43:31.707]:         deleting file: C:\Program Files\NetBeans-2\netbeans\java\config\Modules\org-netbeans-modules-j2ee-persistence-kit.xml
[2025-02-18 19:43:31.708]:         deleting file: C:\Program Files\NetBeans-2\netbeans\java\config\Modules\org-netbeans-modules-java-openjdk-project.xml
[2025-02-18 19:43:31.708]:         deleting file: C:\Program Files\NetBeans-2\netbeans\java\config\Modules\org-netbeans-modules-debugger-jpda-visual.xml
[2025-02-18 19:43:31.708]:         deleting file: C:\Program Files\NetBeans-2\netbeans\java\modules\org-netbeans-modules-java-hints-declarative-test.jar
[2025-02-18 19:43:31.709]:         deleting file: C:\Program Files\NetBeans-2\netbeans\java\modules\org-netbeans-modules-j2ee-metadata-model-support.jar
[2025-02-18 19:43:31.710]:         deleting file: C:\Program Files\NetBeans-2\netbeans\java\modules\ext\org-netbeans-modules-java-j2seembedded-probe.jar
[2025-02-18 19:43:31.710]:         deleting file: C:\Program Files\NetBeans-2\netbeans\java\update_tracking\org-netbeans-modules-j2ee-core-utilities.xml
[2025-02-18 19:43:31.711]:         deleting file: C:\Program Files\NetBeans-2\netbeans\java\update_tracking\org-netbeans-modules-java-source-queries.xml
[2025-02-18 19:43:31.711]:         deleting file: C:\Program Files\NetBeans-2\netbeans\java\update_tracking\org-netbeans-modules-java-testrunner-ant.xml
[2025-02-18 19:43:31.712]:         deleting file: C:\Program Files\NetBeans-2\netbeans\java\update_tracking\org-netbeans-modules-j2ee-persistenceapi.xml
[2025-02-18 19:43:31.712]:         deleting file: C:\Program Files\NetBeans-2\netbeans\java\update_tracking\org-netbeans-modules-gradle-dependencies.xml
[2025-02-18 19:43:31.713]:         deleting file: C:\Program Files\NetBeans-2\netbeans\java\update_tracking\org-netbeans-modules-java-source-compat8.xml
[2025-02-18 19:43:31.713]:         deleting file: C:\Program Files\NetBeans-2\netbeans\ergonomics\config\Modules\org-netbeans-modules-j2ee-ddloaders.xml
[2025-02-18 19:43:31.714]:         deleting file: C:\Program Files\NetBeans-2\netbeans\ergonomics\config\Modules\org-netbeans-modules-websvc-saas-ui.xml
[2025-02-18 19:43:31.714]:         deleting file: C:\Program Files\NetBeans-2\netbeans\ergonomics\config\Modules\org-netbeans-modules-jakartaee8-api.xml
[2025-02-18 19:43:31.714]:         deleting file: C:\Program Files\NetBeans-2\netbeans\ergonomics\config\Modules\org-netbeans-modules-websvc-restkit.xml
[2025-02-18 19:43:31.715]:         deleting file: C:\Program Files\NetBeans-2\netbeans\ergonomics\config\Modules\org-netbeans-modules-javaee-project.xml
[2025-02-18 19:43:31.716]:         deleting file: C:\Program Files\NetBeans-2\netbeans\ergonomics\config\Modules\org-netbeans-modules-payara-tooling.xml
[2025-02-18 19:43:31.716]:         deleting file: C:\Program Files\NetBeans-2\netbeans\ergonomics\config\Modules\org-netbeans-modules-web-client-kit.xml
[2025-02-18 19:43:31.717]:         deleting file: C:\Program Files\NetBeans-2\netbeans\ergonomics\config\Modules\org-netbeans-modules-javaee-wildfly.xml
[2025-02-18 19:43:31.717]:         deleting file: C:\Program Files\NetBeans-2\netbeans\ergonomics\config\Modules\org-netbeans-modules-web-jsf-editor.xml
[2025-02-18 19:43:31.718]:         deleting file: C:\Program Files\NetBeans-2\netbeans\ergonomics\config\Modules\org-netbeans-modules-javafx2-editor.xml
[2025-02-18 19:43:31.718]:         deleting file: C:\Program Files\NetBeans-2\netbeans\ergonomics\config\Modules\org-netbeans-modules-web-bootsfaces.xml
[2025-02-18 19:43:31.719]:         deleting file: C:\Program Files\NetBeans-2\netbeans\ergonomics\config\Modules\org-netbeans-modules-apisupport-ant.xml
[2025-02-18 19:43:31.720]:         deleting file: C:\Program Files\NetBeans-2\netbeans\ergonomics\config\Modules\org-netbeans-modules-groovy-support.xml
[2025-02-18 19:43:31.720]:         deleting file: C:\Program Files\NetBeans-2\netbeans\ergonomics\config\Modules\org-netbeans-modules-web-primefaces.xml
[2025-02-18 19:43:31.720]:         deleting file: C:\Program Files\NetBeans-2\netbeans\ergonomics\config\Modules\org-netbeans-modules-maven-coverage.xml
[2025-02-18 19:43:31.720]:         deleting file: C:\Program Files\NetBeans-2\netbeans\ergonomics\config\Modules\org-netbeans-modules-xml-tools-java.xml
[2025-02-18 19:43:31.721]:         deleting file: C:\Program Files\NetBeans-2\netbeans\ergonomics\config\Modules\org-netbeans-modules-groovy-samples.xml
[2025-02-18 19:43:31.721]:         deleting file: C:\Program Files\NetBeans-2\netbeans\ergonomics\config\Modules\org-netbeans-modules-ide-ergonomics.xml
[2025-02-18 19:43:31.722]:         deleting file: C:\Program Files\NetBeans-2\netbeans\ergonomics\config\Modules\org-netbeans-modules-jakartaee9-api.xml
[2025-02-18 19:43:31.723]:         deleting file: C:\Program Files\NetBeans-2\netbeans\ergonomics\config\Modules\org-netbeans-modules-ant-browsetask.xml
[2025-02-18 19:43:31.723]:         deleting file: C:\Program Files\NetBeans-2\netbeans\ergonomics\config\Modules\org-netbeans-modules-cpplite-editor.xml
[2025-02-18 19:43:31.725]:         deleting file: C:\Program Files\NetBeans-2\netbeans\ergonomics\config\Modules\org-netbeans-modules-websvc-manager.xml
[2025-02-18 19:43:31.725]:         deleting file: C:\Program Files\NetBeans-2\netbeans\ergonomics\config\Modules\org-netbeans-modules-apisupport-kit.xml
[2025-02-18 19:43:31.725]:         deleting file: C:\Program Files\NetBeans-2\netbeans\javafx\update_tracking\org-netbeans-modules-javafx2-platform.xml
[2025-02-18 19:43:31.728]:         deleting file: C:\Program Files\NetBeans-2\netbeans\apisupport\modules\org-netbeans-modules-apisupport-installer.jar
[2025-02-18 19:43:31.729]:         deleting file: C:\Program Files\NetBeans-2\netbeans\profiler\config\Modules\org-netbeans-modules-profiler-nbimpl.xml
[2025-02-18 19:43:31.729]:         deleting file: C:\Program Files\NetBeans-2\netbeans\profiler\config\Modules\org-netbeans-modules-profiler-attach.xml
[2025-02-18 19:43:31.729]:         deleting file: C:\Program Files\NetBeans-2\netbeans\profiler\modules\org-netbeans-modules-debugger-jpda-heapwalk.jar
[2025-02-18 19:43:31.730]:         deleting file: C:\Program Files\NetBeans-2\netbeans\profiler\lib\deployed\jdk15\solaris-i386\libprofilerinterface.so
[2025-02-18 19:43:31.730]:         deleting file: C:\Program Files\NetBeans-2\netbeans\profiler\lib\deployed\jdk16\solaris-i386\libprofilerinterface.so
[2025-02-18 19:43:31.731]:         deleting file: C:\Program Files\NetBeans-2\netbeans\profiler\update_tracking\org-netbeans-modules-maven-profiler.xml
[2025-02-18 19:43:31.731]:         deleting file: C:\Program Files\NetBeans-2\netbeans\java\config\ModuleAutoDeps\org-netbeans-modules-java-project.xml
[2025-02-18 19:43:31.731]:         deleting file: C:\Program Files\NetBeans-2\netbeans\java\config\Modules\org-netbeans-modules-j2ee-core-utilities.xml
[2025-02-18 19:43:31.732]:         deleting file: C:\Program Files\NetBeans-2\netbeans\java\config\Modules\org-netbeans-modules-java-source-queries.xml
[2025-02-18 19:43:31.732]:         deleting file: C:\Program Files\NetBeans-2\netbeans\java\config\Modules\org-netbeans-modules-java-testrunner-ant.xml
[2025-02-18 19:43:31.733]:         deleting file: C:\Program Files\NetBeans-2\netbeans\java\config\Modules\org-netbeans-modules-j2ee-persistenceapi.xml
[2025-02-18 19:43:31.733]:         deleting file: C:\Program Files\NetBeans-2\netbeans\java\config\Modules\org-netbeans-modules-gradle-dependencies.xml
[2025-02-18 19:43:31.733]:         deleting file: C:\Program Files\NetBeans-2\netbeans\java\config\Modules\org-netbeans-modules-java-source-compat8.xml
[2025-02-18 19:43:31.734]:         deleting file: C:\Program Files\NetBeans-2\netbeans\java\modules\ext\spring-3.0\spring-instrument-3.2.18.RELEASE.jar
[2025-02-18 19:43:31.734]:         deleting file: C:\Program Files\NetBeans-2\netbeans\java\modules\ext\spring-3.0\spring-expression-3.2.18.RELEASE.jar
[2025-02-18 19:43:31.735]:         deleting file: C:\Program Files\NetBeans-2\netbeans\java\modules\org-netbeans-modules-projectimport-eclipse-core.jar
[2025-02-18 19:43:31.735]:         deleting file: C:\Program Files\NetBeans-2\netbeans\java\modules\org-netbeans-modules-projectimport-eclipse-j2se.jar
[2025-02-18 19:43:31.737]:         deleting file: C:\Program Files\NetBeans-2\netbeans\java\modules\org-netbeans-modules-spellchecker-bindings-java.jar
[2025-02-18 19:43:31.737]:         deleting file: C:\Program Files\NetBeans-2\netbeans\java\update_tracking\org-netbeans-modules-gradle-persistence.xml
[2025-02-18 19:43:31.738]:         deleting file: C:\Program Files\NetBeans-2\netbeans\java\update_tracking\org-netbeans-modules-java-file-launcher.xml
[2025-02-18 19:43:31.738]:         deleting file: C:\Program Files\NetBeans-2\netbeans\java\update_tracking\org-netbeans-modules-debugger-jpda-jsui.xml
[2025-02-18 19:43:31.739]:         deleting file: C:\Program Files\NetBeans-2\netbeans\java\update_tracking\org-netbeans-modules-java-testrunner-ui.xml
[2025-02-18 19:43:31.739]:         deleting file: C:\Program Files\NetBeans-2\netbeans\ergonomics\config\Modules\org-netbeans-modules-java-examples.xml
[2025-02-18 19:43:31.740]:         deleting file: C:\Program Files\NetBeans-2\netbeans\ergonomics\config\Modules\org-netbeans-modules-j2ee-platform.xml
[2025-02-18 19:43:31.740]:         deleting file: C:\Program Files\NetBeans-2\netbeans\ergonomics\config\Modules\org-netbeans-modules-java-sourceui.xml
[2025-02-18 19:43:31.740]:         deleting file: C:\Program Files\NetBeans-2\netbeans\ergonomics\config\Modules\org-netbeans-modules-j2ee-metadata.xml
[2025-02-18 19:43:31.743]:         deleting file: C:\Program Files\NetBeans-2\netbeans\ergonomics\config\Modules\org-netbeans-modules-spring-webmvc.xml
[2025-02-18 19:43:31.744]:         deleting file: C:\Program Files\NetBeans-2\netbeans\ergonomics\config\Modules\org-netbeans-modules-j2ee-sun-ddui.xml
[2025-02-18 19:43:31.744]:         deleting file: C:\Program Files\NetBeans-2\netbeans\ergonomics\config\Modules\org-netbeans-modules-groovy-editor.xml
[2025-02-18 19:43:31.744]:         deleting file: C:\Program Files\NetBeans-2\netbeans\ergonomics\config\Modules\org-netbeans-modules-kotlin-editor.xml
[2025-02-18 19:43:31.744]:         deleting file: C:\Program Files\NetBeans-2\netbeans\ergonomics\config\Modules\org-netbeans-modules-php-doctrine2.xml
[2025-02-18 19:43:31.746]:         deleting file: C:\Program Files\NetBeans-2\netbeans\ergonomics\config\Modules\org-netbeans-modules-maven-grammar.xml
[2025-02-18 19:43:31.746]:         deleting file: C:\Program Files\NetBeans-2\netbeans\ergonomics\config\Modules\org-netbeans-modules-payara-common.xml
[2025-02-18 19:43:31.746]:         deleting file: C:\Program Files\NetBeans-2\netbeans\ergonomics\config\Modules\org-netbeans-modules-gradle-editor.xml
[2025-02-18 19:43:31.747]:         deleting file: C:\Program Files\NetBeans-2\netbeans\ergonomics\config\Modules\org-netbeans-modules-java-hints-ui.xml
[2025-02-18 19:43:31.747]:         deleting file: C:\Program Files\NetBeans-2\netbeans\ergonomics\config\Modules\org-netbeans-modules-websvc-design.xml
[2025-02-18 19:43:31.747]:         deleting file: C:\Program Files\NetBeans-2\netbeans\ergonomics\config\Modules\org-netbeans-modules-java-freeform.xml
[2025-02-18 19:43:31.748]:         deleting file: C:\Program Files\NetBeans-2\netbeans\ergonomics\config\Modules\org-netbeans-modules-languages-ini.xml
[2025-02-18 19:43:31.748]:         deleting file: C:\Program Files\NetBeans-2\netbeans\javafx\config\Modules\org-netbeans-modules-javafx2-platform.xml
[2025-02-18 19:43:31.748]:         deleting file: C:\Program Files\NetBeans-2\netbeans\javafx\update_tracking\org-netbeans-modules-javafx2-project.xml
[2025-02-18 19:43:31.749]:         deleting file: C:\Program Files\NetBeans-2\netbeans\javafx\update_tracking\org-netbeans-modules-javafx2-samples.xml
[2025-02-18 19:43:31.749]:         deleting file: C:\Program Files\NetBeans-2\netbeans\profiler\config\Modules\org-netbeans-modules-maven-profiler.xml
[2025-02-18 19:43:31.749]:         deleting file: C:\Program Files\NetBeans-2\netbeans\profiler\modules\org-netbeans-modules-profiler-oql-language.jar
[2025-02-18 19:43:31.750]:         deleting file: C:\Program Files\NetBeans-2\netbeans\profiler\lib\deployed\jdk15\linux-amd64\libprofilerinterface.so
[2025-02-18 19:43:31.750]:         deleting file: C:\Program Files\NetBeans-2\netbeans\profiler\lib\deployed\jdk15\windows-amd64\profilerinterface.map
[2025-02-18 19:43:31.751]:         deleting file: C:\Program Files\NetBeans-2\netbeans\profiler\lib\deployed\jdk15\windows-amd64\profilerinterface.dll
[2025-02-18 19:43:31.751]:         deleting file: C:\Program Files\NetBeans-2\netbeans\profiler\lib\deployed\jdk16\linux-amd64\libprofilerinterface.so
[2025-02-18 19:43:31.752]:         deleting file: C:\Program Files\NetBeans-2\netbeans\profiler\lib\deployed\jdk16\windows-amd64\profilerinterface.map
[2025-02-18 19:43:31.752]:         deleting file: C:\Program Files\NetBeans-2\netbeans\profiler\lib\deployed\jdk16\windows-amd64\profilerinterface.dll
[2025-02-18 19:43:31.754]:         deleting file: C:\Program Files\NetBeans-2\netbeans\profiler\update_tracking\org-netbeans-modules-profiler-j2se.xml
[2025-02-18 19:43:31.754]:         deleting file: C:\Program Files\NetBeans-2\netbeans\java\config\ModuleAutoDeps\org-netbeans-modules-java-source.xml
[2025-02-18 19:43:31.754]:         deleting file: C:\Program Files\NetBeans-2\netbeans\java\config\ModuleAutoDeps\org-netbeans-modules-java-editor.xml
[2025-02-18 19:43:31.754]:         deleting file: C:\Program Files\NetBeans-2\netbeans\java\config\Modules\org-netbeans-modules-gradle-persistence.xml
[2025-02-18 19:43:31.758]:         deleting file: C:\Program Files\NetBeans-2\netbeans\java\config\Modules\org-netbeans-modules-java-file-launcher.xml
[2025-02-18 19:43:31.759]:         deleting file: C:\Program Files\NetBeans-2\netbeans\java\config\Modules\org-netbeans-modules-debugger-jpda-jsui.xml
[2025-02-18 19:43:31.759]:         deleting file: C:\Program Files\NetBeans-2\netbeans\java\config\Modules\org-netbeans-modules-java-testrunner-ui.xml
[2025-02-18 19:43:31.759]:         deleting file: C:\Program Files\NetBeans-2\netbeans\java\modules\org-netbeans-modules-java-nativeimage-debugger.jar
[2025-02-18 19:43:31.761]:         deleting file: C:\Program Files\NetBeans-2\netbeans\java\modules\org-netbeans-modules-debugger-jpda-trufflenode.jar
[2025-02-18 19:43:31.762]:         deleting file: C:\Program Files\NetBeans-2\netbeans\java\update_tracking\org-netbeans-modules-maven-persistence.xml
[2025-02-18 19:43:31.762]:         deleting file: C:\Program Files\NetBeans-2\netbeans\java\update_tracking\org-netbeans-modules-maven-refactoring.xml
[2025-02-18 19:43:31.763]:         deleting file: C:\Program Files\NetBeans-2\netbeans\java\update_tracking\org-netbeans-modules-nashorn-execution.xml
[2025-02-18 19:43:31.763]:         deleting file: C:\Program Files\NetBeans-2\netbeans\java\update_tracking\org-netbeans-modules-debugger-jpda-kit.xml
[2025-02-18 19:43:31.763]:         deleting file: C:\Program Files\NetBeans-2\netbeans\java\update_tracking\org-netbeans-modules-java-j2seprofiles.xml
[2025-02-18 19:43:31.764]:         deleting file: C:\Program Files\NetBeans-2\netbeans\java\update_tracking\org-netbeans-modules-libs-corba-omgapi.xml
[2025-02-18 19:43:31.764]:         deleting file: C:\Program Files\NetBeans-2\netbeans\java\update_tracking\org-netbeans-modules-java-j2seembedded.xml
[2025-02-18 19:43:31.765]:         deleting file: C:\Program Files\NetBeans-2\netbeans\java\update_tracking\org-netbeans-modules-debugger-jpda-ant.xml
[2025-02-18 19:43:31.765]:         deleting file: C:\Program Files\NetBeans-2\netbeans\java\update_tracking\org-netbeans-modules-websvc-jaxws21api.xml
[2025-02-18 19:43:31.765]:         deleting file: C:\Program Files\NetBeans-2\netbeans\java\update_tracking\org-netbeans-modules-java-j2seplatform.xml
[2025-02-18 19:43:31.766]:         deleting file: C:\Program Files\NetBeans-2\netbeans\java\update_tracking\org-netbeans-modules-java-module-graph.xml
[2025-02-18 19:43:31.766]:         deleting file: C:\Program Files\NetBeans-2\netbeans\java\sources\org\netbeans\lib\awtextra\AbsoluteConstraints.java
[2025-02-18 19:43:31.767]:         deleting file: C:\Program Files\NetBeans-2\netbeans\ergonomics\config\Modules\org-netbeans-modules-php-composer.xml
[2025-02-18 19:43:31.767]:         deleting file: C:\Program Files\NetBeans-2\netbeans\ergonomics\config\Modules\org-netbeans-modules-maven-groovy.xml
[2025-02-18 19:43:31.768]:         deleting file: C:\Program Files\NetBeans-2\netbeans\ergonomics\config\Modules\org-netbeans-modules-cloud-amazon.xml
[2025-02-18 19:43:31.768]:         deleting file: C:\Program Files\NetBeans-2\netbeans\ergonomics\config\Modules\org-netbeans-modules-php-symfony2.xml
[2025-02-18 19:43:31.768]:         deleting file: C:\Program Files\NetBeans-2\netbeans\ergonomics\config\Modules\org-netbeans-modules-payara-micro.xml
[2025-02-18 19:43:31.768]:         deleting file: C:\Program Files\NetBeans-2\netbeans\ergonomics\config\Modules\org-netbeans-modules-groovy-debug.xml
[2025-02-18 19:43:31.768]:         deleting file: C:\Program Files\NetBeans-2\netbeans\ergonomics\config\Modules\org-netbeans-modules-html-angular.xml
[2025-02-18 19:43:31.769]:         deleting file: C:\Program Files\NetBeans-2\netbeans\ergonomics\config\Modules\org-netbeans-modules-gradle-dists.xml
[2025-02-18 19:43:31.770]:         deleting file: C:\Program Files\NetBeans-2\netbeans\ergonomics\config\Modules\org-netbeans-modules-cloud-oracle.xml
[2025-02-18 19:43:31.770]:         deleting file: C:\Program Files\NetBeans-2\netbeans\ergonomics\config\Modules\org-netbeans-modules-spring-beans.xml
[2025-02-18 19:43:31.774]:         deleting file: C:\Program Files\NetBeans-2\netbeans\ergonomics\config\Modules\org-netbeans-modules-web-freeform.xml
[2025-02-18 19:43:31.775]:         deleting file: C:\Program Files\NetBeans-2\netbeans\ergonomics\config\Modules\org-netbeans-modules-options-java.xml
[2025-02-18 19:43:31.775]:         deleting file: C:\Program Files\NetBeans-2\netbeans\ergonomics\config\Modules\org-netbeans-modules-j2ee-ejbcore.xml
[2025-02-18 19:43:31.775]:         deleting file: C:\Program Files\NetBeans-2\netbeans\ergonomics\config\Modules\org-netbeans-modules-cloud-common.xml
[2025-02-18 19:43:31.776]:         deleting file: C:\Program Files\NetBeans-2\netbeans\ergonomics\config\Modules\org-netbeans-modules-profiler-kit.xml
[2025-02-18 19:43:31.776]:         deleting file: C:\Program Files\NetBeans-2\netbeans\ergonomics\config\Modules\org-netbeans-modules-ant-debugger.xml
[2025-02-18 19:43:31.777]:         deleting file: C:\Program Files\NetBeans-2\netbeans\ergonomics\config\Modules\org-netbeans-modules-javawebstart.xml
[2025-02-18 19:43:31.777]:         deleting file: C:\Program Files\NetBeans-2\netbeans\ergonomics\config\Modules\org-netbeans-modules-ant-freeform.xml
[2025-02-18 19:43:31.777]:         deleting file: C:\Program Files\NetBeans-2\netbeans\javafx\config\Modules\org-netbeans-modules-javafx2-project.xml
[2025-02-18 19:43:31.777]:         deleting file: C:\Program Files\NetBeans-2\netbeans\javafx\config\Modules\org-netbeans-modules-javafx2-samples.xml
[2025-02-18 19:43:31.778]:         deleting file: C:\Program Files\NetBeans-2\netbeans\javafx\update_tracking\org-netbeans-modules-javafx2-editor.xml
[2025-02-18 19:43:31.778]:         deleting file: C:\Program Files\NetBeans-2\netbeans\apisupport\modules\org-netbeans-modules-apisupport-wizards.jar
[2025-02-18 19:43:31.778]:         deleting file: C:\Program Files\NetBeans-2\netbeans\apisupport\modules\org-netbeans-modules-apisupport-project.jar
[2025-02-18 19:43:31.779]:         deleting file: C:\Program Files\NetBeans-2\netbeans\profiler\config\Modules\org-netbeans-modules-profiler-j2se.xml
[2025-02-18 19:43:31.779]:         deleting file: C:\Program Files\NetBeans-2\netbeans\profiler\update_tracking\org-netbeans-modules-profiler-oql.xml
[2025-02-18 19:43:31.779]:         deleting file: C:\Program Files\NetBeans-2\netbeans\profiler\update_tracking\org-netbeans-modules-profiler-api.xml
[2025-02-18 19:43:31.779]:         deleting file: C:\Program Files\NetBeans-2\netbeans\profiler\update_tracking\org-netbeans-modules-profiler-kit.xml
[2025-02-18 19:43:31.781]:         deleting file: C:\Program Files\NetBeans-2\netbeans\java\config\Modules\org-netbeans-modules-maven-persistence.xml
[2025-02-18 19:43:31.781]:         deleting file: C:\Program Files\NetBeans-2\netbeans\java\config\Modules\org-netbeans-modules-maven-refactoring.xml
[2025-02-18 19:43:31.781]:         deleting file: C:\Program Files\NetBeans-2\netbeans\java\config\Modules\org-netbeans-modules-nashorn-execution.xml
[2025-02-18 19:43:31.782]:         deleting file: C:\Program Files\NetBeans-2\netbeans\java\config\Modules\org-netbeans-modules-debugger-jpda-kit.xml
[2025-02-18 19:43:31.782]:         deleting file: C:\Program Files\NetBeans-2\netbeans\java\config\Modules\org-netbeans-modules-java-j2seprofiles.xml
[2025-02-18 19:43:31.782]:         deleting file: C:\Program Files\NetBeans-2\netbeans\java\config\Modules\org-netbeans-modules-libs-corba-omgapi.xml
[2025-02-18 19:43:31.783]:         deleting file: C:\Program Files\NetBeans-2\netbeans\java\config\Modules\org-netbeans-modules-java-j2seembedded.xml
[2025-02-18 19:43:31.783]:         deleting file: C:\Program Files\NetBeans-2\netbeans\java\config\Modules\org-netbeans-modules-debugger-jpda-ant.xml
[2025-02-18 19:43:31.783]:         deleting file: C:\Program Files\NetBeans-2\netbeans\java\config\Modules\org-netbeans-modules-websvc-jaxws21api.xml
[2025-02-18 19:43:31.784]:         deleting file: C:\Program Files\NetBeans-2\netbeans\java\config\Modules\org-netbeans-modules-java-j2seplatform.xml
[2025-02-18 19:43:31.784]:         deleting file: C:\Program Files\NetBeans-2\netbeans\java\config\Modules\org-netbeans-modules-java-module-graph.xml
[2025-02-18 19:43:31.789]:         deleting file: C:\Program Files\NetBeans-2\netbeans\java\modules\org-netbeans-modules-websvc-saas-codegen-java.jar
[2025-02-18 19:43:31.790]:         deleting file: C:\Program Files\NetBeans-2\netbeans\java\modules\org-netbeans-modules-debugger-jpda-projectsui.jar
[2025-02-18 19:43:31.790]:         deleting file: C:\Program Files\NetBeans-2\netbeans\java\modules\ext\spring-4\spring-instrument-4.3.29.RELEASE.jar
[2025-02-18 19:43:31.791]:         deleting file: C:\Program Files\NetBeans-2\netbeans\java\modules\ext\spring-4\spring-expression-4.3.29.RELEASE.jar
[2025-02-18 19:43:31.791]:         deleting file: C:\Program Files\NetBeans-2\netbeans\java\modules\org-netbeans-modules-j2ee-eclipselinkmodelgen.jar
[2025-02-18 19:43:31.792]:         deleting file: C:\Program Files\NetBeans-2\netbeans\java\update_tracking\org-netbeans-modules-debugger-jpda-js.xml
[2025-02-18 19:43:31.792]:         deleting file: C:\Program Files\NetBeans-2\netbeans\java\update_tracking\org-netbeans-modules-form-refactoring.xml
[2025-02-18 19:43:31.792]:         deleting file: C:\Program Files\NetBeans-2\netbeans\java\update_tracking\org-netbeans-modules-debugger-jpda-ui.xml
[2025-02-18 19:43:31.793]:         deleting file: C:\Program Files\NetBeans-2\netbeans\java\update_tracking\org-netbeans-modules-refactoring-java.xml
[2025-02-18 19:43:31.793]:         deleting file: C:\Program Files\NetBeans-2\netbeans\java\update_tracking\org-netbeans-modules-java-source-base.xml
[2025-02-18 19:43:31.793]:         deleting file: C:\Program Files\NetBeans-2\netbeans\java\update_tracking\org-netbeans-modules-javaee-injection.xml
[2025-02-18 19:43:31.794]:         deleting file: C:\Program Files\NetBeans-2\netbeans\java\update_tracking\org-netbeans-modules-maven-repository.xml
[2025-02-18 19:43:31.794]:         deleting file: C:\Program Files\NetBeans-2\netbeans\java\update_tracking\org-netbeans-modules-java-j2seproject.xml
[2025-02-18 19:43:31.794]:         deleting file: C:\Program Files\NetBeans-2\netbeans\java\update_tracking\org-netbeans-modules-java-platform-ui.xml
[2025-02-18 19:43:31.794]:         deleting file: C:\Program Files\NetBeans-2\netbeans\java\update_tracking\org-netbeans-modules-java-editor-base.xml
[2025-02-18 19:43:31.795]:         deleting file: C:\Program Files\NetBeans-2\netbeans\java\update_tracking\org-netbeans-modules-maven-indexer-ui.xml
[2025-02-18 19:43:31.795]:         deleting file: C:\Program Files\NetBeans-2\netbeans\java\update_tracking\org-netbeans-modules-j2ee-eclipselink.xml
[2025-02-18 19:43:31.796]:         deleting file: C:\Program Files\NetBeans-2\netbeans\java\update_tracking\org-netbeans-modules-maven-checkstyle.xml
[2025-02-18 19:43:31.796]:         deleting file: C:\Program Files\NetBeans-2\netbeans\java\update_tracking\org-netbeans-modules-j2ee-persistence.xml
[2025-02-18 19:43:31.797]:         deleting file: C:\Program Files\NetBeans-2\netbeans\ergonomics\config\Modules\org-netbeans-modules-php-samples.xml
[2025-02-18 19:43:31.797]:         deleting file: C:\Program Files\NetBeans-2\netbeans\ergonomics\config\Modules\org-netbeans-modules-java-source.xml
[2025-02-18 19:43:31.797]:         deleting file: C:\Program Files\NetBeans-2\netbeans\ergonomics\config\Modules\org-netbeans-modules-web-project.xml
[2025-02-18 19:43:31.798]:         deleting file: C:\Program Files\NetBeans-2\netbeans\ergonomics\config\Modules\org-netbeans-modules-websvc-owsm.xml
[2025-02-18 19:43:31.799]:         deleting file: C:\Program Files\NetBeans-2\netbeans\ergonomics\config\Modules\org-netbeans-modules-libs-gradle.xml
[2025-02-18 19:43:31.799]:         deleting file: C:\Program Files\NetBeans-2\netbeans\ergonomics\config\Modules\org-netbeans-modules-javaee8-api.xml
[2025-02-18 19:43:31.799]:         deleting file: C:\Program Files\NetBeans-2\netbeans\ergonomics\config\Modules\org-netbeans-modules-web-monitor.xml
[2025-02-18 19:43:31.801]:         deleting file: C:\Program Files\NetBeans-2\netbeans\ergonomics\config\Modules\org-netbeans-modules-php-symfony.xml
[2025-02-18 19:43:31.801]:         deleting file: C:\Program Files\NetBeans-2\netbeans\ergonomics\config\Modules\org-netbeans-modules-web-jsf-kit.xml
[2025-02-18 19:43:31.805]:         deleting file: C:\Program Files\NetBeans-2\netbeans\ergonomics\config\Modules\org-netbeans-modules-web-jsf12ri.xml
[2025-02-18 19:43:31.805]:         deleting file: C:\Program Files\NetBeans-2\netbeans\ergonomics\config\Modules\org-netbeans-modules-javaee7-api.xml
[2025-02-18 19:43:31.805]:         deleting file: C:\Program Files\NetBeans-2\netbeans\ergonomics\config\Modules\org-netbeans-modules-cpplite-kit.xml
[2025-02-18 19:43:31.807]:         deleting file: C:\Program Files\NetBeans-2\netbeans\ergonomics\config\Modules\org-netbeans-modules-javafx2-kit.xml
[2025-02-18 19:43:31.807]:         deleting file: C:\Program Files\NetBeans-2\netbeans\ergonomics\config\Modules\org-netbeans-modules-j2ee-common.xml
[2025-02-18 19:43:31.807]:         deleting file: C:\Program Files\NetBeans-2\netbeans\ergonomics\config\Modules\org-netbeans-modules-websvc-core.xml
[2025-02-18 19:43:31.807]:         deleting file: C:\Program Files\NetBeans-2\netbeans\ergonomics\config\Modules\org-netbeans-modules-web-inspect.xml
[2025-02-18 19:43:31.807]:         deleting file: C:\Program Files\NetBeans-2\netbeans\ergonomics\config\Modules\org-netbeans-modules-php-project.xml
[2025-02-18 19:43:31.808]:         deleting file: C:\Program Files\NetBeans-2\netbeans\ergonomics\config\Modules\org-netbeans-modules-php-phpunit.xml
[2025-02-18 19:43:31.808]:         deleting file: C:\Program Files\NetBeans-2\netbeans\ergonomics\config\Modules\org-netbeans-modules-maven-graph.xml
[2025-02-18 19:43:31.808]:         deleting file: C:\Program Files\NetBeans-2\netbeans\ergonomics\config\Modules\org-netbeans-modules-java-editor.xml
[2025-02-18 19:43:31.809]:         deleting file: C:\Program Files\NetBeans-2\netbeans\javafx\config\Modules\org-netbeans-modules-javafx2-editor.xml
[2025-02-18 19:43:31.809]:         deleting file: C:\Program Files\NetBeans-2\netbeans\profiler\config\Modules\org-netbeans-modules-profiler-oql.xml
[2025-02-18 19:43:31.810]:         deleting file: C:\Program Files\NetBeans-2\netbeans\profiler\config\Modules\org-netbeans-modules-profiler-api.xml
[2025-02-18 19:43:31.810]:         deleting file: C:\Program Files\NetBeans-2\netbeans\profiler\config\Modules\org-netbeans-modules-profiler-kit.xml
[2025-02-18 19:43:31.810]:         deleting file: C:\Program Files\NetBeans-2\netbeans\profiler\modules\org-netbeans-modules-profiler-heapwalker.jar
[2025-02-18 19:43:31.811]:         deleting file: C:\Program Files\NetBeans-2\netbeans\profiler\modules\org-netbeans-modules-profiler-snaptracer.jar
[2025-02-18 19:43:31.811]:         deleting file: C:\Program Files\NetBeans-2\netbeans\profiler\lib\deployed\jdk16\linux-arm\libprofilerinterface.so
[2025-02-18 19:43:31.812]:         deleting file: C:\Program Files\NetBeans-2\netbeans\profiler\update_tracking\org-netbeans-lib-profiler-charts.xml
[2025-02-18 19:43:31.812]:         deleting file: C:\Program Files\NetBeans-2\netbeans\profiler\update_tracking\org-netbeans-lib-profiler-common.xml
[2025-02-18 19:43:31.813]:         deleting file: C:\Program Files\NetBeans-2\netbeans\java\config\ModuleAutoDeps\org-netbeans-api-debugger-jpda.xml
[2025-02-18 19:43:31.813]:         deleting file: C:\Program Files\NetBeans-2\netbeans\java\config\Modules\org-netbeans-modules-debugger-jpda-js.xml
[2025-02-18 19:43:31.813]:         deleting file: C:\Program Files\NetBeans-2\netbeans\java\config\Modules\org-netbeans-modules-form-refactoring.xml
[2025-02-18 19:43:31.813]:         deleting file: C:\Program Files\NetBeans-2\netbeans\java\config\Modules\org-netbeans-modules-debugger-jpda-ui.xml
[2025-02-18 19:43:31.815]:         deleting file: C:\Program Files\NetBeans-2\netbeans\java\config\Modules\org-netbeans-modules-refactoring-java.xml
[2025-02-18 19:43:31.815]:         deleting file: C:\Program Files\NetBeans-2\netbeans\java\config\Modules\org-netbeans-modules-java-source-base.xml
[2025-02-18 19:43:31.815]:         deleting file: C:\Program Files\NetBeans-2\netbeans\java\config\Modules\org-netbeans-modules-javaee-injection.xml
[2025-02-18 19:43:31.815]:         deleting file: C:\Program Files\NetBeans-2\netbeans\java\config\Modules\org-netbeans-modules-maven-repository.xml
[2025-02-18 19:43:31.820]:         deleting file: C:\Program Files\NetBeans-2\netbeans\java\config\Modules\org-netbeans-modules-java-j2seproject.xml
[2025-02-18 19:43:31.820]:         deleting file: C:\Program Files\NetBeans-2\netbeans\java\config\Modules\org-netbeans-modules-java-platform-ui.xml
[2025-02-18 19:43:31.821]:         deleting file: C:\Program Files\NetBeans-2\netbeans\java\config\Modules\org-netbeans-modules-java-editor-base.xml
[2025-02-18 19:43:31.821]:         deleting file: C:\Program Files\NetBeans-2\netbeans\java\config\Modules\org-netbeans-modules-maven-indexer-ui.xml
[2025-02-18 19:43:31.821]:         deleting file: C:\Program Files\NetBeans-2\netbeans\java\config\Modules\org-netbeans-modules-j2ee-eclipselink.xml
[2025-02-18 19:43:31.822]:         deleting file: C:\Program Files\NetBeans-2\netbeans\java\config\Modules\org-netbeans-modules-maven-checkstyle.xml
[2025-02-18 19:43:31.822]:         deleting file: C:\Program Files\NetBeans-2\netbeans\java\config\Modules\org-netbeans-modules-j2ee-persistence.xml
[2025-02-18 19:43:31.822]:         deleting file: C:\Program Files\NetBeans-2\netbeans\java\modules\org-netbeans-modules-java-source-queriesimpl.jar
[2025-02-18 19:43:31.823]:         deleting file: C:\Program Files\NetBeans-2\netbeans\java\modules\org-netbeans-modules-java-preprocessorbridge.jar
[2025-02-18 19:43:31.823]:         deleting file: C:\Program Files\NetBeans-2\netbeans\java\modules\ext\spring-3.0\spring-context-3.2.18.RELEASE.jar
[2025-02-18 19:43:31.824]:         deleting file: C:\Program Files\NetBeans-2\netbeans\java\modules\ext\spring-3.0\spring-aspects-3.2.18.RELEASE.jar
[2025-02-18 19:43:31.824]:         deleting file: C:\Program Files\NetBeans-2\netbeans\java\modules\ext\spring-4\spring-messaging-4.3.29.RELEASE.jar
[2025-02-18 19:43:31.824]:         deleting file: C:\Program Files\NetBeans-2\netbeans\java\modules\ext\spring-4\spring-websocket-4.3.29.RELEASE.jar
[2025-02-18 19:43:31.825]:         deleting file: C:\Program Files\NetBeans-2\netbeans\java\modules\ext\spring-5\spring-instrument-5.2.9.RELEASE.jar
[2025-02-18 19:43:31.825]:         deleting file: C:\Program Files\NetBeans-2\netbeans\java\modules\ext\spring-5\spring-expression-5.2.9.RELEASE.jar
[2025-02-18 19:43:31.825]:         deleting file: C:\Program Files\NetBeans-2\netbeans\java\ant\extra\org-netbeans-modules-javawebstart-anttasks.jar
[2025-02-18 19:43:31.826]:         deleting file: C:\Program Files\NetBeans-2\netbeans\java\update_tracking\org-netbeans-modules-java-mx-project.xml
[2025-02-18 19:43:31.826]:         deleting file: C:\Program Files\NetBeans-2\netbeans\java\update_tracking\org-netbeans-modules-java-hints-test.xml
[2025-02-18 19:43:31.826]:         deleting file: C:\Program Files\NetBeans-2\netbeans\java\update_tracking\org-netbeans-modules-java-navigation.xml
[2025-02-18 19:43:31.827]:         deleting file: C:\Program Files\NetBeans-2\netbeans\java\update_tracking\org-netbeans-modules-java-j2sedeploy.xml
[2025-02-18 19:43:31.827]:         deleting file: C:\Program Files\NetBeans-2\netbeans\java\update_tracking\org-netbeans-modules-java-testrunner.xml
[2025-02-18 19:43:31.827]:         deleting file: C:\Program Files\NetBeans-2\netbeans\java\update_tracking\org-netbeans-modules-jellytools-java.xml
[2025-02-18 19:43:31.827]:         deleting file: C:\Program Files\NetBeans-2\netbeans\java\update_tracking\org-netbeans-modules-java-lsp-server.xml
[2025-02-18 19:43:31.829]:         deleting file: C:\Program Files\NetBeans-2\netbeans\java\update_tracking\org-netbeans-modules-java-api-common.xml
[2025-02-18 19:43:31.829]:         deleting file: C:\Program Files\NetBeans-2\netbeans\java\update_tracking\org-netbeans-modules-java-project-ui.xml
[2025-02-18 19:43:31.829]:         deleting file: C:\Program Files\NetBeans-2\netbeans\java\update_tracking\org-netbeans-modules-java-j2semodule.xml
[2025-02-18 19:43:31.830]:         deleting file: C:\Program Files\NetBeans-2\netbeans\java\update_tracking\org-netbeans-modules-java-source-ant.xml
[2025-02-18 19:43:31.830]:         deleting file: C:\Program Files\NetBeans-2\netbeans\java\update_tracking\org-netbeans-modules-selenium2-maven.xml
[2025-02-18 19:43:31.836]:         deleting file: C:\Program Files\NetBeans-2\netbeans\java\update_tracking\org-netbeans-modules-java-completion.xml
[2025-02-18 19:43:31.836]:         deleting file: C:\Program Files\NetBeans-2\netbeans\java\update_tracking\org-netbeans-modules-languages-antlr.xml
[2025-02-18 19:43:31.837]:         deleting file: C:\Program Files\NetBeans-2\netbeans\java\update_tracking\org-netbeans-modules-java-editor-lib.xml
[2025-02-18 19:43:31.837]:         deleting file: C:\Program Files\NetBeans-2\netbeans\ergonomics\config\Modules\org-netbeans-modules-websvc-kit.xml
[2025-02-18 19:43:31.839]:         deleting file: C:\Program Files\NetBeans-2\netbeans\ergonomics\config\Modules\org-netbeans-modules-maven-osgi.xml
[2025-02-18 19:43:31.839]:         deleting file: C:\Program Files\NetBeans-2\netbeans\ergonomics\config\Modules\org-netbeans-modules-groovy-gsp.xml
[2025-02-18 19:43:31.840]:         deleting file: C:\Program Files\NetBeans-2\netbeans\ergonomics\config\Modules\org-netbeans-modules-java-hints.xml
[2025-02-18 19:43:31.840]:         deleting file: C:\Program Files\NetBeans-2\netbeans\ergonomics\config\Modules\org-netbeans-modules-gradle-kit.xml
[2025-02-18 19:43:31.841]:         deleting file: C:\Program Files\NetBeans-2\netbeans\ergonomics\config\Modules\org-netbeans-modules-php-apigen.xml
[2025-02-18 19:43:31.841]:         deleting file: C:\Program Files\NetBeans-2\netbeans\ergonomics\config\Modules\org-netbeans-modules-javaee-api.xml
[2025-02-18 19:43:31.842]:         deleting file: C:\Program Files\NetBeans-2\netbeans\ergonomics\config\Modules\org-netbeans-modules-web-struts.xml
[2025-02-18 19:43:31.842]:         deleting file: C:\Program Files\NetBeans-2\netbeans\ergonomics\config\Modules\org-netbeans-modules-java-graph.xml
[2025-02-18 19:43:31.843]:         deleting file: C:\Program Files\NetBeans-2\netbeans\ergonomics\config\Modules\org-netbeans-modules-web-jsfapi.xml
[2025-02-18 19:43:31.843]:         deleting file: C:\Program Files\NetBeans-2\netbeans\ergonomics\config\Modules\org-netbeans-modules-groovy-kit.xml
[2025-02-18 19:43:31.843]:         deleting file: C:\Program Files\NetBeans-2\netbeans\ergonomics\config\Modules\org-netbeans-modules-php-nette2.xml
[2025-02-18 19:43:31.844]:         deleting file: C:\Program Files\NetBeans-2\netbeans\ergonomics\config\Modules\org-netbeans-modules-php-phpdoc.xml
[2025-02-18 19:43:31.844]:         deleting file: C:\Program Files\NetBeans-2\netbeans\ergonomics\config\Modules\org-netbeans-modules-php-editor.xml
[2025-02-18 19:43:31.845]:         deleting file: C:\Program Files\NetBeans-2\netbeans\ergonomics\config\Modules\org-netbeans-modules-java-debug.xml
[2025-02-18 19:43:31.845]:         deleting file: C:\Program Files\NetBeans-2\netbeans\ergonomics\config\Modules\org-netbeans-modules-php-smarty.xml
[2025-02-18 19:43:31.846]:         deleting file: C:\Program Files\NetBeans-2\netbeans\javafx\modules\org-netbeans-modules-javafx2-scenebuilder.jar
[2025-02-18 19:43:31.846]:         deleting file: C:\Program Files\NetBeans-2\netbeans\javafx\update_tracking\org-netbeans-modules-maven-htmlui.xml
[2025-02-18 19:43:31.847]:         deleting file: C:\Program Files\NetBeans-2\netbeans\apisupport\modules\org-netbeans-modules-maven-apisupport.jar
[2025-02-18 19:43:31.847]:         deleting file: C:\Program Files\NetBeans-2\netbeans\apisupport\ant\nblib\org-netbeans-modules-apisupport-ant.jar
[2025-02-18 19:43:31.848]:         deleting file: C:\Program Files\NetBeans-2\netbeans\profiler\config\Modules\org-netbeans-lib-profiler-charts.xml
[2025-02-18 19:43:31.848]:         deleting file: C:\Program Files\NetBeans-2\netbeans\profiler\config\Modules\org-netbeans-lib-profiler-common.xml
[2025-02-18 19:43:31.849]:         deleting file: C:\Program Files\NetBeans-2\netbeans\profiler\modules\org-netbeans-modules-profiler-utilities.jar
[2025-02-18 19:43:31.849]:         deleting file: C:\Program Files\NetBeans-2\netbeans\java\config\Modules\org-netbeans-modules-java-mx-project.xml
[2025-02-18 19:43:31.849]:         deleting file: C:\Program Files\NetBeans-2\netbeans\java\config\Modules\org-netbeans-modules-java-hints-test.xml
[2025-02-18 19:43:31.852]:         deleting file: C:\Program Files\NetBeans-2\netbeans\java\config\Modules\org-netbeans-modules-java-navigation.xml
[2025-02-18 19:43:31.853]:         deleting file: C:\Program Files\NetBeans-2\netbeans\java\config\Modules\org-netbeans-modules-java-j2sedeploy.xml
[2025-02-18 19:43:31.854]:         deleting file: C:\Program Files\NetBeans-2\netbeans\java\config\Modules\org-netbeans-modules-java-testrunner.xml
[2025-02-18 19:43:31.854]:         deleting file: C:\Program Files\NetBeans-2\netbeans\java\config\Modules\org-netbeans-modules-jellytools-java.xml
[2025-02-18 19:43:31.854]:         deleting file: C:\Program Files\NetBeans-2\netbeans\java\config\Modules\org-netbeans-modules-java-lsp-server.xml
[2025-02-18 19:43:31.854]:         deleting file: C:\Program Files\NetBeans-2\netbeans\java\config\Modules\org-netbeans-modules-java-api-common.xml
[2025-02-18 19:43:31.855]:         deleting file: C:\Program Files\NetBeans-2\netbeans\java\config\Modules\org-netbeans-modules-java-project-ui.xml
[2025-02-18 19:43:31.855]:         deleting file: C:\Program Files\NetBeans-2\netbeans\java\config\Modules\org-netbeans-modules-java-j2semodule.xml
[2025-02-18 19:43:31.856]:         deleting file: C:\Program Files\NetBeans-2\netbeans\java\config\Modules\org-netbeans-modules-java-source-ant.xml
[2025-02-18 19:43:31.856]:         deleting file: C:\Program Files\NetBeans-2\netbeans\java\config\Modules\org-netbeans-modules-selenium2-maven.xml
[2025-02-18 19:43:31.857]:         deleting file: C:\Program Files\NetBeans-2\netbeans\java\config\Modules\org-netbeans-modules-java-completion.xml
[2025-02-18 19:43:31.857]:         deleting file: C:\Program Files\NetBeans-2\netbeans\java\config\Modules\org-netbeans-modules-languages-antlr.xml
[2025-02-18 19:43:31.858]:         deleting file: C:\Program Files\NetBeans-2\netbeans\java\config\Modules\org-netbeans-modules-java-editor-lib.xml
[2025-02-18 19:43:31.858]:         deleting file: C:\Program Files\NetBeans-2\netbeans\java\modules\org-netbeans-modules-debugger-jpda-projects.jar
[2025-02-18 19:43:31.859]:         deleting file: C:\Program Files\NetBeans-2\netbeans\java\modules\ext\spring-3.0\spring-struts-3.2.18.RELEASE.jar
[2025-02-18 19:43:31.859]:         deleting file: C:\Program Files\NetBeans-2\netbeans\java\modules\ext\spring-3.0\spring-webmvc-3.2.18.RELEASE.jar
[2025-02-18 19:43:31.859]:         deleting file: C:\Program Files\NetBeans-2\netbeans\java\modules\ext\spring-5\spring-websocket-5.2.9.RELEASE.jar
[2025-02-18 19:43:31.860]:         deleting file: C:\Program Files\NetBeans-2\netbeans\java\modules\ext\spring-5\spring-messaging-5.2.9.RELEASE.jar
[2025-02-18 19:43:31.860]:         deleting file: C:\Program Files\NetBeans-2\netbeans\java\modules\org-netbeans-modules-java-hints-declarative.jar
[2025-02-18 19:43:31.860]:         deleting file: C:\Program Files\NetBeans-2\netbeans\java\update_tracking\org-netbeans-modules-jshell-support.xml
[2025-02-18 19:43:31.861]:         deleting file: C:\Program Files\NetBeans-2\netbeans\java\update_tracking\org-netbeans-modules-maven-embedder.xml
[2025-02-18 19:43:31.861]:         deleting file: C:\Program Files\NetBeans-2\netbeans\java\update_tracking\org-netbeans-modules-websvc-jaxws21.xml
[2025-02-18 19:43:31.861]:         deleting file: C:\Program Files\NetBeans-2\netbeans\java\update_tracking\org-netbeans-modules-selenium2-java.xml
[2025-02-18 19:43:31.863]:         deleting file: C:\Program Files\NetBeans-2\netbeans\java\update_tracking\org-netbeans-modules-maven-coverage.xml
[2025-02-18 19:43:31.863]:         deleting file: C:\Program Files\NetBeans-2\netbeans\java\update_tracking\org-netbeans-modules-xml-tools-java.xml
[2025-02-18 19:43:31.864]:         deleting file: C:\Program Files\NetBeans-2\netbeans\java\update_tracking\org-netbeans-modules-maven-junit-ui.xml
[2025-02-18 19:43:31.865]:         deleting file: C:\Program Files\NetBeans-2\netbeans\java\update_tracking\org-netbeans-modules-ant-browsetask.xml
[2025-02-18 19:43:31.865]:         deleting file: C:\Program Files\NetBeans-2\netbeans\java\update_tracking\org-netbeans-modules-ko4j-debugging.xml
[2025-02-18 19:43:31.867]:         deleting file: C:\Program Files\NetBeans-2\netbeans\ergonomics\config\Modules\org-netbeans-modules-php-latte.xml
[2025-02-18 19:43:31.868]:         deleting file: C:\Program Files\NetBeans-2\netbeans\ergonomics\config\Modules\org-netbeans-modules-web-debug.xml
[2025-02-18 19:43:31.869]:         deleting file: C:\Program Files\NetBeans-2\netbeans\ergonomics\config\Modules\org-netbeans-modules-web-beans.xml
[2025-02-18 19:43:31.869]:         deleting file: C:\Program Files\NetBeans-2\netbeans\ergonomics\config\Modules\org-netbeans-modules-maven-kit.xml
[2025-02-18 19:43:31.870]:         deleting file: C:\Program Files\NetBeans-2\netbeans\ergonomics\config\Modules\org-netbeans-modules-php-atoum.xml
[2025-02-18 19:43:31.871]:         deleting file: C:\Program Files\NetBeans-2\netbeans\ergonomics\config\Modules\org-netbeans-modules-micronaut.xml
[2025-02-18 19:43:31.871]:         deleting file: C:\Program Files\NetBeans-2\netbeans\ergonomics\config\Modules\org-netbeans-modules-web-jsf20.xml
[2025-02-18 19:43:31.871]:         deleting file: C:\Program Files\NetBeans-2\netbeans\ergonomics\config\Modules\org-netbeans-modules-web-jsf12.xml
[2025-02-18 19:43:31.872]:         deleting file: C:\Program Files\NetBeans-2\netbeans\ergonomics\config\Modules\org-netbeans-modules-php-zend2.xml
[2025-02-18 19:43:31.872]:         deleting file: C:\Program Files\NetBeans-2\netbeans\ergonomics\config\Modules\org-netbeans-modules-php-phing.xml
[2025-02-18 19:43:31.872]:         deleting file: C:\Program Files\NetBeans-2\netbeans\ergonomics\config\Modules\org-netbeans-modules-websocket.xml
[2025-02-18 19:43:31.873]:         deleting file: C:\Program Files\NetBeans-2\netbeans\javafx\config\Modules\org-netbeans-modules-maven-htmlui.xml
[2025-02-18 19:43:31.873]:         deleting file: C:\Program Files\NetBeans-2\netbeans\javafx\update_tracking\org-netbeans-modules-javafx2-kit.xml
[2025-02-18 19:43:31.874]:         deleting file: C:\Program Files\NetBeans-2\netbeans\profiler\modules\org-netbeans-modules-profiler-nbmodule.jar
[2025-02-18 19:43:31.874]:         deleting file: C:\Program Files\NetBeans-2\netbeans\profiler\modules\org-netbeans-modules-profiler-freeform.jar
[2025-02-18 19:43:31.875]:         deleting file: C:\Program Files\NetBeans-2\netbeans\profiler\lib\deployed\jdk15\mac\libprofilerinterface.jnilib
[2025-02-18 19:43:31.876]:         deleting file: C:\Program Files\NetBeans-2\netbeans\profiler\lib\deployed\jdk16\mac\libprofilerinterface.jnilib
[2025-02-18 19:43:31.877]:         deleting file: C:\Program Files\NetBeans-2\netbeans\profiler\ant\nblib\org-netbeans-modules-profiler-nbimpl.jar
[2025-02-18 19:43:31.877]:         deleting file: C:\Program Files\NetBeans-2\netbeans\java\config\Modules\org-netbeans-modules-jshell-support.xml
[2025-02-18 19:43:31.877]:         deleting file: C:\Program Files\NetBeans-2\netbeans\java\config\Modules\org-netbeans-modules-maven-embedder.xml
[2025-02-18 19:43:31.878]:         deleting file: C:\Program Files\NetBeans-2\netbeans\java\config\Modules\org-netbeans-modules-websvc-jaxws21.xml
[2025-02-18 19:43:31.878]:         deleting file: C:\Program Files\NetBeans-2\netbeans\java\config\Modules\org-netbeans-modules-selenium2-java.xml
[2025-02-18 19:43:31.878]:         deleting file: C:\Program Files\NetBeans-2\netbeans\java\config\Modules\org-netbeans-modules-maven-coverage.xml
[2025-02-18 19:43:31.879]:         deleting file: C:\Program Files\NetBeans-2\netbeans\java\config\Modules\org-netbeans-modules-xml-tools-java.xml
[2025-02-18 19:43:31.879]:         deleting file: C:\Program Files\NetBeans-2\netbeans\java\config\Modules\org-netbeans-modules-maven-junit-ui.xml
[2025-02-18 19:43:31.879]:         deleting file: C:\Program Files\NetBeans-2\netbeans\java\config\Modules\org-netbeans-modules-ant-browsetask.xml
[2025-02-18 19:43:31.880]:         deleting file: C:\Program Files\NetBeans-2\netbeans\java\config\Modules\org-netbeans-modules-ko4j-debugging.xml
[2025-02-18 19:43:31.880]:         deleting file: C:\Program Files\NetBeans-2\netbeans\java\modules\org-netbeans-modules-java-hints-legacy-spi.jar
[2025-02-18 19:43:31.882]:         deleting file: C:\Program Files\NetBeans-2\netbeans\java\modules\ext\spring-3.0\spring-beans-3.2.18.RELEASE.jar
[2025-02-18 19:43:31.883]:         deleting file: C:\Program Files\NetBeans-2\netbeans\java\modules\ext\org.eclipse.lsp4j.jsonrpc.debug-0.13.0.jar
[2025-02-18 19:43:31.883]:         deleting file: C:\Program Files\NetBeans-2\netbeans\java\modules\ext\spring-4\spring-aspects-4.3.29.RELEASE.jar
[2025-02-18 19:43:31.883]:         deleting file: C:\Program Files\NetBeans-2\netbeans\java\modules\ext\spring-4\spring-context-4.3.29.RELEASE.jar
[2025-02-18 19:43:31.884]:         deleting file: C:\Program Files\NetBeans-2\netbeans\java\modules\org-netbeans-modules-j2ee-jpa-verification.jar
[2025-02-18 19:43:31.884]:         deleting file: C:\Program Files\NetBeans-2\netbeans\java\modules\org-netbeans-modules-debugger-jpda-truffle.jar
[2025-02-18 19:43:31.884]:         deleting file: C:\Program Files\NetBeans-2\netbeans\java\update_tracking\org-netbeans-modules-java-examples.xml
[2025-02-18 19:43:31.885]:         deleting file: C:\Program Files\NetBeans-2\netbeans\java\update_tracking\org-netbeans-modules-java-sourceui.xml
[2025-02-18 19:43:31.885]:         deleting file: C:\Program Files\NetBeans-2\netbeans\java\update_tracking\org-netbeans-modules-maven-indexer.xml
[2025-02-18 19:43:31.887]:         deleting file: C:\Program Files\NetBeans-2\netbeans\java\update_tracking\org-netbeans-modules-java-platform.xml
[2025-02-18 19:43:31.887]:         deleting file: C:\Program Files\NetBeans-2\netbeans\java\update_tracking\org-netbeans-modules-j2ee-metadata.xml
[2025-02-18 19:43:31.888]:         deleting file: C:\Program Files\NetBeans-2\netbeans\java\update_tracking\org-netbeans-modules-kotlin-editor.xml
[2025-02-18 19:43:31.888]:         deleting file: C:\Program Files\NetBeans-2\netbeans\java\update_tracking\org-netbeans-modules-maven-grammar.xml
[2025-02-18 19:43:31.889]:         deleting file: C:\Program Files\NetBeans-2\netbeans\java\update_tracking\org-netbeans-modules-gradle-htmlui.xml
[2025-02-18 19:43:31.889]:         deleting file: C:\Program Files\NetBeans-2\netbeans\java\update_tracking\org-netbeans-modules-java-hints-ui.xml
[2025-02-18 19:43:31.890]:         deleting file: C:\Program Files\NetBeans-2\netbeans\java\update_tracking\org-netbeans-modules-gradle-spring.xml
[2025-02-18 19:43:31.890]:         deleting file: C:\Program Files\NetBeans-2\netbeans\java\update_tracking\org-netbeans-modules-editor-htmlui.xml
[2025-02-18 19:43:31.890]:         deleting file: C:\Program Files\NetBeans-2\netbeans\java\update_tracking\org-netbeans-modules-java-freeform.xml
[2025-02-18 19:43:31.890]:         deleting file: C:\Program Files\NetBeans-2\netbeans\java\update_tracking\org-netbeans-modules-debugger-jpda.xml
[2025-02-18 19:43:31.891]:         deleting file: C:\Program Files\NetBeans-2\netbeans\ergonomics\config\Modules\org-netbeans-modules-xml-jaxb.xml
[2025-02-18 19:43:31.891]:         deleting file: C:\Program Files\NetBeans-2\netbeans\ergonomics\config\Modules\org-netbeans-modules-j2ee-kit.xml
[2025-02-18 19:43:31.892]:         deleting file: C:\Program Files\NetBeans-2\netbeans\ergonomics\config\Modules\org-netbeans-modules-j2ee-ant.xml
[2025-02-18 19:43:31.892]:         deleting file: C:\Program Files\NetBeans-2\netbeans\ergonomics\config\Modules\org-netbeans-modules-php-twig.xml
[2025-02-18 19:43:31.892]:         deleting file: C:\Program Files\NetBeans-2\netbeans\ergonomics\config\Modules\org-netbeans-modules-java-kit.xml
[2025-02-18 19:43:31.893]:         deleting file: C:\Program Files\NetBeans-2\netbeans\ergonomics\config\Modules\org-netbeans-modules-form-kit.xml
[2025-02-18 19:43:31.893]:         deleting file: C:\Program Files\NetBeans-2\netbeans\ergonomics\config\Modules\org-netbeans-modules-php-dbgp.xml
[2025-02-18 19:43:31.893]:         deleting file: C:\Program Files\NetBeans-2\netbeans\ergonomics\config\Modules\org-netbeans-modules-dbschema.xml
[2025-02-18 19:43:31.895]:         deleting file: C:\Program Files\NetBeans-2\netbeans\ergonomics\config\Modules\org-netbeans-modules-web-core.xml
[2025-02-18 19:43:31.898]:         deleting file: C:\Program Files\NetBeans-2\netbeans\ergonomics\config\Modules\org-netbeans-modules-php-zend.xml
[2025-02-18 19:43:31.899]:         deleting file: C:\Program Files\NetBeans-2\netbeans\javafx\config\Modules\org-netbeans-modules-javafx2-kit.xml
[2025-02-18 19:43:31.899]:         deleting file: C:\Program Files\NetBeans-2\netbeans\apisupport\modules\org-netbeans-modules-apisupport-ant.jar
[2025-02-18 19:43:31.899]:         deleting file: C:\Program Files\NetBeans-2\netbeans\apisupport\modules\org-netbeans-modules-apisupport-kit.jar
[2025-02-18 19:43:31.900]:         deleting file: C:\Program Files\NetBeans-2\netbeans\apisupport\update_tracking\org-netbeans-modules-timers.xml
[2025-02-18 19:43:31.900]:         deleting file: C:\Program Files\NetBeans-2\netbeans\profiler\modules\org-netbeans-modules-profiler-ppoints.jar
[2025-02-18 19:43:31.901]:         deleting file: C:\Program Files\NetBeans-2\netbeans\profiler\modules\org-netbeans-modules-profiler-options.jar
[2025-02-18 19:43:31.901]:         deleting file: C:\Program Files\NetBeans-2\netbeans\profiler\update_tracking\org-netbeans-modules-profiler.xml
[2025-02-18 19:43:31.902]:         deleting file: C:\Program Files\NetBeans-2\netbeans\java\config\Modules\org-netbeans-modules-java-examples.xml
[2025-02-18 19:43:31.902]:         deleting file: C:\Program Files\NetBeans-2\netbeans\java\config\Modules\org-netbeans-modules-java-sourceui.xml
[2025-02-18 19:43:31.902]:         deleting file: C:\Program Files\NetBeans-2\netbeans\java\config\Modules\org-netbeans-modules-maven-indexer.xml
[2025-02-18 19:43:31.903]:         deleting file: C:\Program Files\NetBeans-2\netbeans\java\config\Modules\org-netbeans-modules-java-platform.xml
[2025-02-18 19:43:31.903]:         deleting file: C:\Program Files\NetBeans-2\netbeans\java\config\Modules\org-netbeans-modules-j2ee-metadata.xml
[2025-02-18 19:43:31.904]:         deleting file: C:\Program Files\NetBeans-2\netbeans\java\config\Modules\org-netbeans-modules-kotlin-editor.xml
[2025-02-18 19:43:31.904]:         deleting file: C:\Program Files\NetBeans-2\netbeans\java\config\Modules\org-netbeans-modules-maven-grammar.xml
[2025-02-18 19:43:31.905]:         deleting file: C:\Program Files\NetBeans-2\netbeans\java\config\Modules\org-netbeans-modules-gradle-htmlui.xml
[2025-02-18 19:43:31.905]:         deleting file: C:\Program Files\NetBeans-2\netbeans\java\config\Modules\org-netbeans-modules-java-hints-ui.xml
[2025-02-18 19:43:31.906]:         deleting file: C:\Program Files\NetBeans-2\netbeans\java\config\Modules\org-netbeans-modules-gradle-spring.xml
[2025-02-18 19:43:31.906]:         deleting file: C:\Program Files\NetBeans-2\netbeans\java\config\Modules\org-netbeans-modules-editor-htmlui.xml
[2025-02-18 19:43:31.907]:         deleting file: C:\Program Files\NetBeans-2\netbeans\java\config\Modules\org-netbeans-modules-java-freeform.xml
[2025-02-18 19:43:31.907]:         deleting file: C:\Program Files\NetBeans-2\netbeans\java\config\Modules\org-netbeans-modules-debugger-jpda.xml
[2025-02-18 19:43:31.908]:         deleting file: C:\Program Files\NetBeans-2\netbeans\java\modules\org-netbeans-modules-j2ee-persistence-kit.jar
[2025-02-18 19:43:31.908]:         deleting file: C:\Program Files\NetBeans-2\netbeans\java\modules\org-netbeans-modules-j2ee-jpa-refactoring.jar
[2025-02-18 19:43:31.909]:         deleting file: C:\Program Files\NetBeans-2\netbeans\java\modules\ext\spring-3.0\spring-test-3.2.18.RELEASE.jar
[2025-02-18 19:43:31.910]:         deleting file: C:\Program Files\NetBeans-2\netbeans\java\modules\ext\spring-3.0\spring-jdbc-3.2.18.RELEASE.jar
[2025-02-18 19:43:31.910]:         deleting file: C:\Program Files\NetBeans-2\netbeans\java\modules\ext\spring-3.0\spring-core-3.2.18.RELEASE.jar
[2025-02-18 19:43:31.911]:         deleting file: C:\Program Files\NetBeans-2\netbeans\java\modules\ext\spring-4\spring-webmvc-4.3.29.RELEASE.jar
[2025-02-18 19:43:31.911]:         deleting file: C:\Program Files\NetBeans-2\netbeans\java\modules\ext\eclipselink\jakarta.persistence-2.2.3.jar
[2025-02-18 19:43:31.914]:         deleting file: C:\Program Files\NetBeans-2\netbeans\java\modules\ext\spring-5\spring-aspects-5.2.9.RELEASE.jar
[2025-02-18 19:43:31.914]:         deleting file: C:\Program Files\NetBeans-2\netbeans\java\modules\ext\spring-5\spring-context-5.2.9.RELEASE.jar
[2025-02-18 19:43:31.914]:         deleting file: C:\Program Files\NetBeans-2\netbeans\java\modules\ext\spring-5\spring-webflux-5.2.9.RELEASE.jar
[2025-02-18 19:43:31.915]:         deleting file: C:\Program Files\NetBeans-2\netbeans\java\modules\org-netbeans-modules-gradle-java-coverage.jar
[2025-02-18 19:43:31.915]:         deleting file: C:\Program Files\NetBeans-2\netbeans\java\modules\org-netbeans-modules-debugger-jpda-visual.jar
[2025-02-18 19:43:31.916]:         deleting file: C:\Program Files\NetBeans-2\netbeans\java\modules\org-netbeans-modules-java-openjdk-project.jar
[2025-02-18 19:43:31.916]:         deleting file: C:\Program Files\NetBeans-2\netbeans\java\update_tracking\org-netbeans-modules-junit-ant-ui.xml
[2025-02-18 19:43:31.916]:         deleting file: C:\Program Files\NetBeans-2\netbeans\java\update_tracking\org-netbeans-modules-maven-spring.xml
[2025-02-18 19:43:31.917]:         deleting file: C:\Program Files\NetBeans-2\netbeans\java\update_tracking\org-netbeans-modules-hudson-maven.xml
[2025-02-18 19:43:31.917]:         deleting file: C:\Program Files\NetBeans-2\netbeans\java\update_tracking\org-netbeans-modules-java-metrics.xml
[2025-02-18 19:43:31.918]:         deleting file: C:\Program Files\NetBeans-2\netbeans\java\update_tracking\org-netbeans-spi-debugger-jpda-ui.xml
[2025-02-18 19:43:31.918]:         deleting file: C:\Program Files\NetBeans-2\netbeans\java\update_tracking\org-netbeans-modules-java-project.xml
[2025-02-18 19:43:31.919]:         deleting file: C:\Program Files\NetBeans-2\netbeans\java\update_tracking\org-netbeans-modules-maven-search.xml
[2025-02-18 19:43:31.919]:         deleting file: C:\Program Files\NetBeans-2\netbeans\java\update_tracking\org-netbeans-modules-spring-beans.xml
[2025-02-18 19:43:31.920]:         deleting file: C:\Program Files\NetBeans-2\netbeans\java\update_tracking\org-netbeans-libs-springframework.xml
[2025-02-18 19:43:31.920]:         deleting file: C:\Program Files\NetBeans-2\netbeans\java\update_tracking\org-netbeans-modules-ant-debugger.xml
[2025-02-18 19:43:31.921]:         deleting file: C:\Program Files\NetBeans-2\netbeans\java\update_tracking\org-netbeans-modules-testng-maven.xml
[2025-02-18 19:43:31.921]:         deleting file: C:\Program Files\NetBeans-2\netbeans\java\update_tracking\org-netbeans-modules-javawebstart.xml
[2025-02-18 19:43:31.922]:         deleting file: C:\Program Files\NetBeans-2\netbeans\java\update_tracking\org-netbeans-modules-ant-freeform.xml
[2025-02-18 19:43:31.922]:         deleting file: C:\Program Files\NetBeans-2\netbeans\java\sources\org\netbeans\lib\awtextra\AbsoluteLayout.java
[2025-02-18 19:43:31.923]:         deleting file: C:\Program Files\NetBeans-2\netbeans\ergonomics\config\Modules\org-netbeans-modules-php-kit.xml
[2025-02-18 19:43:31.924]:         deleting file: C:\Program Files\NetBeans-2\netbeans\ergonomics\config\Modules\org-netbeans-modules-cordova.xml
[2025-02-18 19:43:31.924]:         deleting file: C:\Program Files\NetBeans-2\netbeans\ergonomics\config\Modules\org-netbeans-modules-ant-kit.xml
[2025-02-18 19:43:31.925]:         deleting file: C:\Program Files\NetBeans-2\netbeans\ergonomics\config\Modules\org-netbeans-modules-tomcat5.xml
[2025-02-18 19:43:31.925]:         deleting file: C:\Program Files\NetBeans-2\netbeans\ergonomics\config\Modules\org-netbeans-modules-javadoc.xml
[2025-02-18 19:43:31.926]:         deleting file: C:\Program Files\NetBeans-2\netbeans\ergonomics\config\Modules\org-netbeans-modules-web-kit.xml
[2025-02-18 19:43:31.926]:         deleting file: C:\Program Files\NetBeans-2\netbeans\ergonomics\config\Modules\org-netbeans-modules-web-jsf.xml
[2025-02-18 19:43:31.931]:         deleting file: C:\Program Files\NetBeans-2\netbeans\ergonomics\config\Modules\org-netbeans-libs-nbjavacapi.xml
[2025-02-18 19:43:31.932]:         deleting file: C:\Program Files\NetBeans-2\netbeans\ergonomics\modules\org-netbeans-modules-ide-ergonomics.jar
[2025-02-18 19:43:31.932]:         deleting file: C:\Program Files\NetBeans-2\netbeans\apisupport\config\Modules\org-netbeans-modules-timers.xml
[2025-02-18 19:43:31.933]:         deleting file: C:\Program Files\NetBeans-2\netbeans\profiler\config\Modules\org-netbeans-modules-profiler.xml
[2025-02-18 19:43:31.934]:         deleting file: C:\Program Files\NetBeans-2\netbeans\profiler\modules\org-netbeans-modules-profiler-attach.jar
[2025-02-18 19:43:31.934]:         deleting file: C:\Program Files\NetBeans-2\netbeans\profiler\modules\org-netbeans-modules-profiler-nbimpl.jar
[2025-02-18 19:43:31.935]:         deleting file: C:\Program Files\NetBeans-2\netbeans\profiler\lib\deployed\cvm\linux\libprofilerinterface_g.so
[2025-02-18 19:43:31.935]:         deleting file: C:\Program Files\NetBeans-2\netbeans\profiler\lib\deployed\cvm\windows\profilerinterface_g.dll
[2025-02-18 19:43:31.936]:         deleting file: C:\Program Files\NetBeans-2\netbeans\profiler\lib\deployed\cvm\windows\profilerinterface_g.map
[2025-02-18 19:43:31.937]:         deleting file: C:\Program Files\NetBeans-2\netbeans\profiler\lib\deployed\jdk15\linux\libprofilerinterface.so
[2025-02-18 19:43:31.937]:         deleting file: C:\Program Files\NetBeans-2\netbeans\profiler\lib\deployed\jdk15\windows\profilerinterface.map
[2025-02-18 19:43:31.938]:         deleting file: C:\Program Files\NetBeans-2\netbeans\profiler\lib\deployed\jdk15\windows\profilerinterface.dll
[2025-02-18 19:43:31.938]:         deleting file: C:\Program Files\NetBeans-2\netbeans\profiler\lib\deployed\jdk16\linux\libprofilerinterface.so
[2025-02-18 19:43:31.939]:         deleting file: C:\Program Files\NetBeans-2\netbeans\profiler\lib\deployed\jdk16\windows\profilerinterface.map
[2025-02-18 19:43:31.939]:         deleting file: C:\Program Files\NetBeans-2\netbeans\profiler\lib\deployed\jdk16\windows\profilerinterface.dll
[2025-02-18 19:43:31.940]:         deleting file: C:\Program Files\NetBeans-2\netbeans\profiler\update_tracking\org-netbeans-lib-profiler-ui.xml
[2025-02-18 19:43:31.940]:         deleting file: C:\Program Files\NetBeans-2\netbeans\java\config\Modules\org-netbeans-modules-junit-ant-ui.xml
[2025-02-18 19:43:31.940]:         deleting file: C:\Program Files\NetBeans-2\netbeans\java\config\Modules\org-netbeans-modules-maven-spring.xml
[2025-02-18 19:43:31.941]:         deleting file: C:\Program Files\NetBeans-2\netbeans\java\config\Modules\org-netbeans-modules-hudson-maven.xml
[2025-02-18 19:43:31.941]:         deleting file: C:\Program Files\NetBeans-2\netbeans\java\config\Modules\org-netbeans-modules-java-metrics.xml
[2025-02-18 19:43:31.942]:         deleting file: C:\Program Files\NetBeans-2\netbeans\java\config\Modules\org-netbeans-spi-debugger-jpda-ui.xml
[2025-02-18 19:43:31.942]:         deleting file: C:\Program Files\NetBeans-2\netbeans\java\config\Modules\org-netbeans-modules-java-project.xml
[2025-02-18 19:43:31.942]:         deleting file: C:\Program Files\NetBeans-2\netbeans\java\config\Modules\org-netbeans-modules-maven-search.xml
[2025-02-18 19:43:31.944]:         deleting file: C:\Program Files\NetBeans-2\netbeans\java\config\Modules\org-netbeans-modules-spring-beans.xml
[2025-02-18 19:43:31.945]:         deleting file: C:\Program Files\NetBeans-2\netbeans\java\config\Modules\org-netbeans-libs-springframework.xml
[2025-02-18 19:43:31.946]:         deleting file: C:\Program Files\NetBeans-2\netbeans\java\config\Modules\org-netbeans-modules-ant-debugger.xml
[2025-02-18 19:43:31.947]:         deleting file: C:\Program Files\NetBeans-2\netbeans\java\config\Modules\org-netbeans-modules-testng-maven.xml
[2025-02-18 19:43:31.948]:         deleting file: C:\Program Files\NetBeans-2\netbeans\java\config\Modules\org-netbeans-modules-javawebstart.xml
[2025-02-18 19:43:31.949]:         deleting file: C:\Program Files\NetBeans-2\netbeans\java\config\Modules\org-netbeans-modules-ant-freeform.xml
[2025-02-18 19:43:31.949]:         deleting file: C:\Program Files\NetBeans-2\netbeans\java\modules\org-netbeans-modules-java-source-compat8.jar
[2025-02-18 19:43:31.950]:         deleting file: C:\Program Files\NetBeans-2\netbeans\java\modules\org-netbeans-modules-gradle-dependencies.jar
[2025-02-18 19:43:31.950]:         deleting file: C:\Program Files\NetBeans-2\netbeans\java\modules\org-netbeans-modules-java-testrunner-ant.jar
[2025-02-18 19:43:31.951]:         deleting file: C:\Program Files\NetBeans-2\netbeans\java\modules\org-netbeans-modules-java-source-queries.jar
[2025-02-18 19:43:31.951]:         deleting file: C:\Program Files\NetBeans-2\netbeans\java\modules\ext\spring-3.0\spring-oxm-3.2.18.RELEASE.jar
[2025-02-18 19:43:31.952]:         deleting file: C:\Program Files\NetBeans-2\netbeans\java\modules\ext\spring-3.0\spring-jms-3.2.18.RELEASE.jar
[2025-02-18 19:43:31.952]:         deleting file: C:\Program Files\NetBeans-2\netbeans\java\modules\ext\spring-3.0\spring-aop-3.2.18.RELEASE.jar
[2025-02-18 19:43:31.954]:         deleting file: C:\Program Files\NetBeans-2\netbeans\java\modules\ext\spring-3.0\spring-web-3.2.18.RELEASE.jar
[2025-02-18 19:43:31.955]:         deleting file: C:\Program Files\NetBeans-2\netbeans\java\modules\ext\spring-3.0\spring-orm-3.2.18.RELEASE.jar
[2025-02-18 19:43:31.955]:         deleting file: C:\Program Files\NetBeans-2\netbeans\java\modules\ext\spring-4\spring-beans-4.3.29.RELEASE.jar
[2025-02-18 19:43:31.956]:         deleting file: C:\Program Files\NetBeans-2\netbeans\java\modules\ext\spring-5\spring-webmvc-5.2.9.RELEASE.jar
[2025-02-18 19:43:31.957]:         deleting file: C:\Program Files\NetBeans-2\netbeans\java\modules\org-netbeans-modules-j2ee-persistenceapi.jar
[2025-02-18 19:43:31.959]:         deleting file: C:\Program Files\NetBeans-2\netbeans\java\modules\org-netbeans-modules-j2ee-core-utilities.jar
[2025-02-18 19:43:31.960]:         deleting file: C:\Program Files\NetBeans-2\netbeans\java\ant\nblib\org-netbeans-modules-debugger-jpda-ant.jar
[2025-02-18 19:43:31.961]:         deleting file: C:\Program Files\NetBeans-2\netbeans\java\update_tracking\org-netbeans-modules-java-source.xml
[2025-02-18 19:43:31.963]:         deleting file: C:\Program Files\NetBeans-2\netbeans\java\update_tracking\org-netbeans-modules-gradle-test.xml
[2025-02-18 19:43:31.963]:         deleting file: C:\Program Files\NetBeans-2\netbeans\java\update_tracking\org-netbeans-modules-maven-model.xml
[2025-02-18 19:43:31.964]:         deleting file: C:\Program Files\NetBeans-2\netbeans\java\update_tracking\org-netbeans-modules-maven-junit.xml
[2025-02-18 19:43:31.965]:         deleting file: C:\Program Files\NetBeans-2\netbeans\java\update_tracking\org-netbeans-modules-maven-hints.xml
[2025-02-18 19:43:31.966]:         deleting file: C:\Program Files\NetBeans-2\netbeans\java\update_tracking\org-netbeans-modules-java-guards.xml
[2025-02-18 19:43:31.966]:         deleting file: C:\Program Files\NetBeans-2\netbeans\java\update_tracking\org-netbeans-modules-gradle-java.xml
[2025-02-18 19:43:31.966]:         deleting file: C:\Program Files\NetBeans-2\netbeans\java\update_tracking\org-netbeans-modules-maven-graph.xml
[2025-02-18 19:43:31.967]:         deleting file: C:\Program Files\NetBeans-2\netbeans\java\update_tracking\org-netbeans-modules-ant-grammar.xml
[2025-02-18 19:43:31.967]:         deleting file: C:\Program Files\NetBeans-2\netbeans\java\update_tracking\org-netbeans-modules-java-editor.xml
[2025-02-18 19:43:31.968]:         deleting file: C:\Program Files\NetBeans-2\netbeans\ergonomics\config\Modules\org-netbeans-modules-timers.xml
[2025-02-18 19:43:31.968]:         deleting file: C:\Program Files\NetBeans-2\netbeans\ergonomics\config\Modules\org-netbeans-modules-web-el.xml
[2025-02-18 19:43:31.970]:         deleting file: C:\Program Files\NetBeans-2\netbeans\ergonomics\config\Modules\org-apache-tools-ant-module.xml
[2025-02-18 19:43:31.970]:         deleting file: C:\Program Files\NetBeans-2\netbeans\javafx\modules\org-netbeans-modules-javafx2-platform.jar
[2025-02-18 19:43:31.971]:         deleting file: C:\Program Files\NetBeans-2\netbeans\profiler\config\Modules\org-netbeans-lib-profiler-ui.xml
[2025-02-18 19:43:31.972]:         deleting file: C:\Program Files\NetBeans-2\netbeans\profiler\modules\org-netbeans-modules-maven-profiler.jar
[2025-02-18 19:43:31.973]:         deleting file: C:\Program Files\NetBeans-2\netbeans\java\config\Modules\org-netbeans-modules-java-source.xml
[2025-02-18 19:43:31.973]:         deleting file: C:\Program Files\NetBeans-2\netbeans\java\config\Modules\org-netbeans-modules-gradle-test.xml
[2025-02-18 19:43:31.975]:         deleting file: C:\Program Files\NetBeans-2\netbeans\java\config\Modules\org-netbeans-modules-maven-model.xml
[2025-02-18 19:43:31.976]:         deleting file: C:\Program Files\NetBeans-2\netbeans\java\config\Modules\org-netbeans-modules-maven-junit.xml
[2025-02-18 19:43:31.977]:         deleting file: C:\Program Files\NetBeans-2\netbeans\java\config\Modules\org-netbeans-modules-maven-hints.xml
[2025-02-18 19:43:31.978]:         deleting file: C:\Program Files\NetBeans-2\netbeans\java\config\Modules\org-netbeans-modules-java-guards.xml
[2025-02-18 19:43:31.978]:         deleting file: C:\Program Files\NetBeans-2\netbeans\java\config\Modules\org-netbeans-modules-gradle-java.xml
[2025-02-18 19:43:31.979]:         deleting file: C:\Program Files\NetBeans-2\netbeans\java\config\Modules\org-netbeans-modules-maven-graph.xml
[2025-02-18 19:43:31.979]:         deleting file: C:\Program Files\NetBeans-2\netbeans\java\config\Modules\org-netbeans-modules-ant-grammar.xml
[2025-02-18 19:43:31.980]:         deleting file: C:\Program Files\NetBeans-2\netbeans\java\config\Modules\org-netbeans-modules-java-editor.xml
[2025-02-18 19:43:31.981]:         deleting file: C:\Program Files\NetBeans-2\netbeans\java\modules\org-netbeans-modules-java-testrunner-ui.jar
[2025-02-18 19:43:31.981]:         deleting file: C:\Program Files\NetBeans-2\netbeans\java\modules\org-netbeans-modules-java-file-launcher.jar
[2025-02-18 19:43:31.982]:         deleting file: C:\Program Files\NetBeans-2\netbeans\java\modules\org-netbeans-modules-debugger-jpda-jsui.jar
[2025-02-18 19:43:31.982]:         deleting file: C:\Program Files\NetBeans-2\netbeans\java\modules\ext\spring-3.0\spring-tx-3.2.18.RELEASE.jar
[2025-02-18 19:43:31.983]:         deleting file: C:\Program Files\NetBeans-2\netbeans\java\modules\ext\spring-4\spring-test-4.3.29.RELEASE.jar
[2025-02-18 19:43:31.983]:         deleting file: C:\Program Files\NetBeans-2\netbeans\java\modules\ext\spring-4\spring-jdbc-4.3.29.RELEASE.jar
[2025-02-18 19:43:31.984]:         deleting file: C:\Program Files\NetBeans-2\netbeans\java\modules\ext\spring-4\spring-core-4.3.29.RELEASE.jar
[2025-02-18 19:43:31.985]:         deleting file: C:\Program Files\NetBeans-2\netbeans\java\modules\ext\corba\omgapi\glassfish-corba-omgapi.jar
[2025-02-18 19:43:31.985]:         deleting file: C:\Program Files\NetBeans-2\netbeans\java\modules\ext\spring-5\spring-beans-5.2.9.RELEASE.jar
[2025-02-18 19:43:31.987]:         deleting file: C:\Program Files\NetBeans-2\netbeans\java\modules\org-netbeans-modules-gradle-persistence.jar
[2025-02-18 19:43:31.989]:         deleting file: C:\Program Files\NetBeans-2\netbeans\java\maven\lib\maven-resolver-connector-basic-1.9.18.jar
[2025-02-18 19:43:31.991]:         deleting file: C:\Program Files\NetBeans-2\netbeans\java\maven\lib\maven-resolver-transport-wagon-1.9.18.jar
[2025-02-18 19:43:31.992]:         deleting file: C:\Program Files\NetBeans-2\netbeans\java\update_tracking\org-netbeans-modules-maven-osgi.xml
[2025-02-18 19:43:31.992]:         deleting file: C:\Program Files\NetBeans-2\netbeans\java\update_tracking\org-netbeans-modules-java-hints.xml
[2025-02-18 19:43:31.993]:         deleting file: C:\Program Files\NetBeans-2\netbeans\java\update_tracking\org-netbeans-modules-gradle-kit.xml
[2025-02-18 19:43:31.993]:         deleting file: C:\Program Files\NetBeans-2\netbeans\java\update_tracking\org-netbeans-modules-java-graph.xml
[2025-02-18 19:43:31.994]:         deleting file: C:\Program Files\NetBeans-2\netbeans\java\update_tracking\org-netbeans-modules-testng-ant.xml
[2025-02-18 19:43:31.994]:         deleting file: C:\Program Files\NetBeans-2\netbeans\java\update_tracking\org-netbeans-modules-java-disco.xml
[2025-02-18 19:43:31.994]:         deleting file: C:\Program Files\NetBeans-2\netbeans\java\update_tracking\org-netbeans-modules-java-lexer.xml
[2025-02-18 19:43:31.995]:         deleting file: C:\Program Files\NetBeans-2\netbeans\java\update_tracking\org-netbeans-modules-java-debug.xml
[2025-02-18 19:43:31.995]:         deleting file: C:\Program Files\NetBeans-2\netbeans\java\update_tracking\org-netbeans-modules-hudson-ant.xml
[2025-02-18 19:43:31.996]:         deleting file: C:\Program Files\NetBeans-2\netbeans\ergonomics\config\Modules\org-netbeans-modules-beans.xml
[2025-02-18 19:43:31.996]:         deleting file: C:\Program Files\NetBeans-2\netbeans\ergonomics\config\Modules\org-netbeans-modules-maven.xml
[2025-02-18 19:43:31.996]:         deleting file: C:\Program Files\NetBeans-2\netbeans\javafx\modules\org-netbeans-modules-javafx2-project.jar
[2025-02-18 19:43:31.997]:         deleting file: C:\Program Files\NetBeans-2\netbeans\javafx\modules\org-netbeans-modules-javafx2-samples.jar
[2025-02-18 19:43:31.998]:         deleting file: C:\Program Files\NetBeans-2\netbeans\profiler\modules\org-netbeans-modules-profiler-j2se.jar
[2025-02-18 19:43:31.998]:         deleting file: C:\Program Files\NetBeans-2\netbeans\profiler\lib\deployed\cvm\linux\libprofilerinterface.so
[2025-02-18 19:43:31.999]:         deleting file: C:\Program Files\NetBeans-2\netbeans\profiler\lib\deployed\cvm\windows\profilerinterface.map
[2025-02-18 19:43:31.999]:         deleting file: C:\Program Files\NetBeans-2\netbeans\profiler\lib\deployed\cvm\windows\profilerinterface.dll
[2025-02-18 19:43:32.000]:         deleting file: C:\Program Files\NetBeans-2\netbeans\profiler\remote-pack-defs\profile-linuxarmvfphflt-16.sh
[2025-02-18 19:43:32.000]:         deleting file: C:\Program Files\NetBeans-2\netbeans\java\config\Modules\org-netbeans-modules-maven-osgi.xml
[2025-02-18 19:43:32.001]:         deleting file: C:\Program Files\NetBeans-2\netbeans\java\config\Modules\org-netbeans-modules-java-hints.xml
[2025-02-18 19:43:32.002]:         deleting file: C:\Program Files\NetBeans-2\netbeans\java\config\Modules\org-netbeans-modules-gradle-kit.xml
[2025-02-18 19:43:32.003]:         deleting file: C:\Program Files\NetBeans-2\netbeans\java\config\Modules\org-netbeans-modules-java-graph.xml
[2025-02-18 19:43:32.003]:         deleting file: C:\Program Files\NetBeans-2\netbeans\java\config\Modules\org-netbeans-modules-testng-ant.xml
[2025-02-18 19:43:32.004]:         deleting file: C:\Program Files\NetBeans-2\netbeans\java\config\Modules\org-netbeans-modules-java-disco.xml
[2025-02-18 19:43:32.005]:         deleting file: C:\Program Files\NetBeans-2\netbeans\java\config\Modules\org-netbeans-modules-java-lexer.xml
[2025-02-18 19:43:32.005]:         deleting file: C:\Program Files\NetBeans-2\netbeans\java\config\Modules\org-netbeans-modules-java-debug.xml
[2025-02-18 19:43:32.005]:         deleting file: C:\Program Files\NetBeans-2\netbeans\java\config\Modules\org-netbeans-modules-hudson-ant.xml
[2025-02-18 19:43:32.007]:         deleting file: C:\Program Files\NetBeans-2\netbeans\java\modules\org-netbeans-modules-java-j2seplatform.jar
[2025-02-18 19:43:32.007]:         deleting file: C:\Program Files\NetBeans-2\netbeans\java\modules\org-netbeans-modules-nashorn-execution.jar
[2025-02-18 19:43:32.008]:         deleting file: C:\Program Files\NetBeans-2\netbeans\java\modules\org-netbeans-modules-java-j2seembedded.jar
[2025-02-18 19:43:32.008]:         deleting file: C:\Program Files\NetBeans-2\netbeans\java\modules\org-netbeans-modules-maven-persistence.jar
[2025-02-18 19:43:32.009]:         deleting file: C:\Program Files\NetBeans-2\netbeans\java\modules\org-netbeans-modules-java-j2seprofiles.jar
[2025-02-18 19:43:32.010]:         deleting file: C:\Program Files\NetBeans-2\netbeans\java\modules\org-netbeans-modules-maven-refactoring.jar
[2025-02-18 19:43:32.010]:         deleting file: C:\Program Files\NetBeans-2\netbeans\java\modules\ext\spring-4\spring-web-4.3.29.RELEASE.jar
[2025-02-18 19:43:32.011]:         deleting file: C:\Program Files\NetBeans-2\netbeans\java\modules\ext\spring-4\spring-jms-4.3.29.RELEASE.jar
[2025-02-18 19:43:32.011]:         deleting file: C:\Program Files\NetBeans-2\netbeans\java\modules\ext\spring-4\spring-aop-4.3.29.RELEASE.jar
[2025-02-18 19:43:32.011]:         deleting file: C:\Program Files\NetBeans-2\netbeans\java\modules\ext\spring-4\spring-oxm-4.3.29.RELEASE.jar
[2025-02-18 19:43:32.012]:         deleting file: C:\Program Files\NetBeans-2\netbeans\java\modules\ext\spring-4\spring-orm-4.3.29.RELEASE.jar
[2025-02-18 19:43:32.012]:         deleting file: C:\Program Files\NetBeans-2\netbeans\java\modules\ext\org.eclipse.lsp4j.generator-0.13.0.jar
[2025-02-18 19:43:32.013]:         deleting file: C:\Program Files\NetBeans-2\netbeans\java\modules\ext\maven\lucene-analysis-common-9.9.1.jar
[2025-02-18 19:43:32.014]:         deleting file: C:\Program Files\NetBeans-2\netbeans\java\modules\ext\maven\lucene-backward-codecs-9.9.1.jar
[2025-02-18 19:43:32.015]:         deleting file: C:\Program Files\NetBeans-2\netbeans\java\modules\ext\org.eclipse.xtext.xbase.lib-2.24.0.jar
[2025-02-18 19:43:32.015]:         deleting file: C:\Program Files\NetBeans-2\netbeans\java\modules\ext\docs\jakarta.persistence-2.2.3-doc.zip
[2025-02-18 19:43:32.016]:         deleting file: C:\Program Files\NetBeans-2\netbeans\java\modules\ext\org.eclipse.xtend.lib.macro-2.24.0.jar
[2025-02-18 19:43:32.016]:         deleting file: C:\Program Files\NetBeans-2\netbeans\java\modules\ext\spring-5\spring-test-5.2.9.RELEASE.jar
[2025-02-18 19:43:32.016]:         deleting file: C:\Program Files\NetBeans-2\netbeans\java\modules\ext\spring-5\spring-core-5.2.9.RELEASE.jar
[2025-02-18 19:43:32.017]:         deleting file: C:\Program Files\NetBeans-2\netbeans\java\modules\ext\spring-5\spring-jdbc-5.2.9.RELEASE.jar
[2025-02-18 19:43:32.017]:         deleting file: C:\Program Files\NetBeans-2\netbeans\java\modules\org-netbeans-modules-libs-corba-omgapi.jar
[2025-02-18 19:43:32.017]:         deleting file: C:\Program Files\NetBeans-2\netbeans\java\modules\org-netbeans-modules-java-module-graph.jar
[2025-02-18 19:43:32.018]:         deleting file: C:\Program Files\NetBeans-2\netbeans\java\modules\org-netbeans-modules-debugger-jpda-ant.jar
[2025-02-18 19:43:32.019]:         deleting file: C:\Program Files\NetBeans-2\netbeans\java\modules\org-netbeans-modules-websvc-jaxws21api.jar
[2025-02-18 19:43:32.020]:         deleting file: C:\Program Files\NetBeans-2\netbeans\java\modules\org-netbeans-modules-debugger-jpda-kit.jar
[2025-02-18 19:43:32.020]:         deleting file: C:\Program Files\NetBeans-2\netbeans\java\ant\nblib\org-netbeans-modules-java-source-ant.jar
[2025-02-18 19:43:32.021]:         deleting file: C:\Program Files\NetBeans-2\netbeans\java\maven\lib\maven-resolver-transport-http-1.9.18.jar
[2025-02-18 19:43:32.021]:         deleting file: C:\Program Files\NetBeans-2\netbeans\java\maven\lib\maven-resolver-transport-file-1.9.18.jar
[2025-02-18 19:43:32.022]:         deleting file: C:\Program Files\NetBeans-2\netbeans\java\update_tracking\org-netbeans-api-debugger-jpda.xml
[2025-02-18 19:43:32.023]:         deleting file: C:\Program Files\NetBeans-2\netbeans\java\update_tracking\org-netbeans-modules-ant-hints.xml
[2025-02-18 19:43:32.023]:         deleting file: C:\Program Files\NetBeans-2\netbeans\java\update_tracking\org-netbeans-modules-classfile.xml
[2025-02-18 19:43:32.024]:         deleting file: C:\Program Files\NetBeans-2\netbeans\java\update_tracking\org-netbeans-modules-maven-kit.xml
[2025-02-18 19:43:32.025]:         deleting file: C:\Program Files\NetBeans-2\netbeans\java\update_tracking\org-netbeans-modules-testng-ui.xml
[2025-02-18 19:43:32.025]:         deleting file: C:\Program Files\NetBeans-2\netbeans\java\update_tracking\org-netbeans-modules-junit-ant.xml
[2025-02-18 19:43:32.026]:         deleting file: C:\Program Files\NetBeans-2\netbeans\java\update_tracking\org-netbeans-modules-i18n-form.xml
[2025-02-18 19:43:32.026]:         deleting file: C:\Program Files\NetBeans-2\netbeans\java\update_tracking\org-netbeans-modules-whitelist.xml
[2025-02-18 19:43:32.027]:         deleting file: C:\Program Files\NetBeans-2\netbeans\ergonomics\config\Modules\org-netbeans-modules-i18n.xml
[2025-02-18 19:43:32.027]:         deleting file: C:\Program Files\NetBeans-2\netbeans\ergonomics\config\Modules\org-netbeans-modules-form.xml
[2025-02-18 19:43:32.030]:         deleting file: C:\Program Files\NetBeans-2\netbeans\javafx\modules\org-netbeans-modules-javafx2-editor.jar
[2025-02-18 19:43:32.030]:         deleting file: C:\Program Files\NetBeans-2\netbeans\profiler\modules\org-netbeans-modules-profiler-kit.jar
[2025-02-18 19:43:32.030]:         deleting file: C:\Program Files\NetBeans-2\netbeans\profiler\modules\org-netbeans-modules-profiler-api.jar
[2025-02-18 19:43:32.032]:         deleting file: C:\Program Files\NetBeans-2\netbeans\profiler\modules\org-netbeans-modules-profiler-oql.jar
[2025-02-18 19:43:32.032]:         deleting file: C:\Program Files\NetBeans-2\netbeans\profiler\update_tracking\org-netbeans-lib-profiler.xml
[2025-02-18 19:43:32.032]:         deleting file: C:\Program Files\NetBeans-2\netbeans\java\config\Modules\org-netbeans-api-debugger-jpda.xml
[2025-02-18 19:43:32.033]:         deleting file: C:\Program Files\NetBeans-2\netbeans\java\config\Modules\org-netbeans-modules-ant-hints.xml
[2025-02-18 19:43:32.033]:         deleting file: C:\Program Files\NetBeans-2\netbeans\java\config\Modules\org-netbeans-modules-classfile.xml
[2025-02-18 19:43:32.034]:         deleting file: C:\Program Files\NetBeans-2\netbeans\java\config\Modules\org-netbeans-modules-maven-kit.xml
[2025-02-18 19:43:32.035]:         deleting file: C:\Program Files\NetBeans-2\netbeans\java\config\Modules\org-netbeans-modules-testng-ui.xml
[2025-02-18 19:43:32.035]:         deleting file: C:\Program Files\NetBeans-2\netbeans\java\config\Modules\org-netbeans-modules-junit-ant.xml
[2025-02-18 19:43:32.036]:         deleting file: C:\Program Files\NetBeans-2\netbeans\java\config\Modules\org-netbeans-modules-i18n-form.xml
[2025-02-18 19:43:32.036]:         deleting file: C:\Program Files\NetBeans-2\netbeans\java\config\Modules\org-netbeans-modules-whitelist.xml
[2025-02-18 19:43:32.037]:         deleting file: C:\Program Files\NetBeans-2\netbeans\java\modules\org-netbeans-modules-j2ee-eclipselink.jar
[2025-02-18 19:43:32.037]:         deleting file: C:\Program Files\NetBeans-2\netbeans\java\modules\org-netbeans-modules-java-editor-base.jar
[2025-02-18 19:43:32.038]:         deleting file: C:\Program Files\NetBeans-2\netbeans\java\modules\org-netbeans-modules-debugger-jpda-js.jar
[2025-02-18 19:43:32.038]:         deleting file: C:\Program Files\NetBeans-2\netbeans\java\modules\org-netbeans-modules-j2ee-persistence.jar
[2025-02-18 19:43:32.038]:         deleting file: C:\Program Files\NetBeans-2\netbeans\java\modules\org-netbeans-modules-refactoring-java.jar
[2025-02-18 19:43:32.039]:         deleting file: C:\Program Files\NetBeans-2\netbeans\java\modules\ext\spring-4\spring-tx-4.3.29.RELEASE.jar
[2025-02-18 19:43:32.039]:         deleting file: C:\Program Files\NetBeans-2\netbeans\java\modules\ext\spring-5\spring-oxm-5.2.9.RELEASE.jar
[2025-02-18 19:43:32.040]:         deleting file: C:\Program Files\NetBeans-2\netbeans\java\modules\ext\spring-5\spring-jms-5.2.9.RELEASE.jar
[2025-02-18 19:43:32.040]:         deleting file: C:\Program Files\NetBeans-2\netbeans\java\modules\ext\spring-5\spring-jcl-5.2.9.RELEASE.jar
[2025-02-18 19:43:32.040]:         deleting file: C:\Program Files\NetBeans-2\netbeans\java\modules\ext\spring-5\spring-aop-5.2.9.RELEASE.jar
[2025-02-18 19:43:32.041]:         deleting file: C:\Program Files\NetBeans-2\netbeans\java\modules\ext\spring-5\spring-web-5.2.9.RELEASE.jar
[2025-02-18 19:43:32.041]:         deleting file: C:\Program Files\NetBeans-2\netbeans\java\modules\ext\spring-5\spring-orm-5.2.9.RELEASE.jar
[2025-02-18 19:43:32.041]:         deleting file: C:\Program Files\NetBeans-2\netbeans\java\modules\org-netbeans-modules-javaee-injection.jar
[2025-02-18 19:43:32.042]:         deleting file: C:\Program Files\NetBeans-2\netbeans\java\modules\org-netbeans-modules-maven-indexer-ui.jar
[2025-02-18 19:43:32.043]:         deleting file: C:\Program Files\NetBeans-2\netbeans\java\modules\org-netbeans-modules-java-source-base.jar
[2025-02-18 19:43:32.043]:         deleting file: C:\Program Files\NetBeans-2\netbeans\java\modules\org-netbeans-modules-debugger-jpda-ui.jar
[2025-02-18 19:43:32.045]:         deleting file: C:\Program Files\NetBeans-2\netbeans\java\modules\org-netbeans-modules-java-platform-ui.jar
[2025-02-18 19:43:32.045]:         deleting file: C:\Program Files\NetBeans-2\netbeans\java\modules\org-netbeans-modules-maven-repository.jar
[2025-02-18 19:43:32.045]:         deleting file: C:\Program Files\NetBeans-2\netbeans\java\modules\org-netbeans-modules-form-refactoring.jar
[2025-02-18 19:43:32.046]:         deleting file: C:\Program Files\NetBeans-2\netbeans\java\modules\org-netbeans-modules-maven-checkstyle.jar
[2025-02-18 19:43:32.046]:         deleting file: C:\Program Files\NetBeans-2\netbeans\java\modules\org-netbeans-modules-java-j2seproject.jar
[2025-02-18 19:43:32.046]:         deleting file: C:\Program Files\NetBeans-2\netbeans\java\ant\nblib\org-netbeans-modules-ant-browsetask.jar
[2025-02-18 19:43:32.047]:         deleting file: C:\Program Files\NetBeans-2\netbeans\java\update_tracking\org-netbeans-modules-xml-jaxb.xml
[2025-02-18 19:43:32.047]:         deleting file: C:\Program Files\NetBeans-2\netbeans\java\update_tracking\org-netbeans-lib-jshell-agent.xml
[2025-02-18 19:43:32.048]:         deleting file: C:\Program Files\NetBeans-2\netbeans\java\update_tracking\org-netbeans-modules-java-kit.xml
[2025-02-18 19:43:32.048]:         deleting file: C:\Program Files\NetBeans-2\netbeans\java\update_tracking\org-netbeans-modules-form-kit.xml
[2025-02-18 19:43:32.049]:         deleting file: C:\Program Files\NetBeans-2\netbeans\java\update_tracking\org-netbeans-modules-junit-ui.xml
[2025-02-18 19:43:32.049]:         deleting file: C:\Program Files\NetBeans-2\netbeans\java\update_tracking\org-netbeans-modules-dbschema.xml
[2025-02-18 19:43:32.049]:         deleting file: C:\Program Files\NetBeans-2\netbeans\profiler\config\Modules\org-netbeans-lib-profiler.xml
[2025-02-18 19:43:32.053]:         deleting file: C:\Program Files\NetBeans-2\netbeans\profiler\modules\org-netbeans-lib-profiler-common.jar
[2025-02-18 19:43:32.054]:         deleting file: C:\Program Files\NetBeans-2\netbeans\profiler\modules\org-netbeans-lib-profiler-charts.jar
[2025-02-18 19:43:32.055]:         deleting file: C:\Program Files\NetBeans-2\netbeans\java\config\Modules\org-netbeans-modules-xml-jaxb.xml
[2025-02-18 19:43:32.055]:         deleting file: C:\Program Files\NetBeans-2\netbeans\java\config\Modules\org-netbeans-lib-jshell-agent.xml
[2025-02-18 19:43:32.056]:         deleting file: C:\Program Files\NetBeans-2\netbeans\java\config\Modules\org-netbeans-modules-java-kit.xml
[2025-02-18 19:43:32.056]:         deleting file: C:\Program Files\NetBeans-2\netbeans\java\config\Modules\org-netbeans-modules-form-kit.xml
[2025-02-18 19:43:32.058]:         deleting file: C:\Program Files\NetBeans-2\netbeans\java\config\Modules\org-netbeans-modules-junit-ui.xml
[2025-02-18 19:43:32.058]:         deleting file: C:\Program Files\NetBeans-2\netbeans\java\config\Modules\org-netbeans-modules-dbschema.xml
[2025-02-18 19:43:32.058]:         deleting file: C:\Program Files\NetBeans-2\netbeans\java\modules\org-netbeans-modules-java-j2semodule.jar
[2025-02-18 19:43:32.059]:         deleting file: C:\Program Files\NetBeans-2\netbeans\java\modules\org-netbeans-modules-java-lsp-server.jar
[2025-02-18 19:43:32.059]:         deleting file: C:\Program Files\NetBeans-2\netbeans\java\modules\org-netbeans-modules-jellytools-java.jar
[2025-02-18 19:43:32.060]:         deleting file: C:\Program Files\NetBeans-2\netbeans\java\modules\org-netbeans-modules-java-project-ui.jar
[2025-02-18 19:43:32.060]:         deleting file: C:\Program Files\NetBeans-2\netbeans\java\modules\org-netbeans-modules-selenium2-maven.jar
[2025-02-18 19:43:32.061]:         deleting file: C:\Program Files\NetBeans-2\netbeans\java\modules\org-netbeans-modules-java-hints-test.jar
[2025-02-18 19:43:32.061]:         deleting file: C:\Program Files\NetBeans-2\netbeans\java\modules\org-netbeans-modules-languages-antlr.jar
[2025-02-18 19:43:32.062]:         deleting file: C:\Program Files\NetBeans-2\netbeans\java\modules\ext\maven\rootpackage\default-report.xml
[2025-02-18 19:43:32.062]:         deleting file: C:\Program Files\NetBeans-2\netbeans\java\modules\ext\org.eclipse.lsp4j.jsonrpc-0.13.0.jar
[2025-02-18 19:43:32.063]:         deleting file: C:\Program Files\NetBeans-2\netbeans\java\modules\ext\spring-5\spring-tx-5.2.9.RELEASE.jar
[2025-02-18 19:43:32.064]:         deleting file: C:\Program Files\NetBeans-2\netbeans\java\modules\ext\jaxws22\api\jakarta.xml.soap-api.jar
[2025-02-18 19:43:32.065]:         deleting file: C:\Program Files\NetBeans-2\netbeans\java\modules\org-netbeans-modules-java-mx-project.jar
[2025-02-18 19:43:32.065]:         deleting file: C:\Program Files\NetBeans-2\netbeans\java\modules\org-netbeans-modules-java-editor-lib.jar
[2025-02-18 19:43:32.066]:         deleting file: C:\Program Files\NetBeans-2\netbeans\java\modules\org-netbeans-modules-java-testrunner.jar
[2025-02-18 19:43:32.066]:         deleting file: C:\Program Files\NetBeans-2\netbeans\java\modules\org-netbeans-modules-java-j2sedeploy.jar
[2025-02-18 19:43:32.067]:         deleting file: C:\Program Files\NetBeans-2\netbeans\java\modules\org-netbeans-modules-java-api-common.jar
[2025-02-18 19:43:32.067]:         deleting file: C:\Program Files\NetBeans-2\netbeans\java\modules\org-netbeans-modules-java-source-ant.jar
[2025-02-18 19:43:32.068]:         deleting file: C:\Program Files\NetBeans-2\netbeans\java\modules\org-netbeans-modules-java-completion.jar
[2025-02-18 19:43:32.068]:         deleting file: C:\Program Files\NetBeans-2\netbeans\java\modules\org-netbeans-modules-java-navigation.jar
[2025-02-18 19:43:32.069]:         deleting file: C:\Program Files\NetBeans-2\netbeans\java\maven\lib\plexus-component-annotations-2.1.0.jar
[2025-02-18 19:43:32.070]:         deleting file: C:\Program Files\NetBeans-2\netbeans\java\update_tracking\org-netbeans-modules-ant-kit.xml
[2025-02-18 19:43:32.070]:         deleting file: C:\Program Files\NetBeans-2\netbeans\java\update_tracking\org-netbeans-modules-form-nb.xml
[2025-02-18 19:43:32.071]:         deleting file: C:\Program Files\NetBeans-2\netbeans\java\update_tracking\org-netbeans-modules-javadoc.xml
[2025-02-18 19:43:32.071]:         deleting file: C:\Program Files\NetBeans-2\netbeans\java\update_tracking\org-netbeans-libs-nbjavacapi.xml
[2025-02-18 19:43:32.074]:         deleting file: C:\Program Files\NetBeans-2\netbeans\javafx\modules\org-netbeans-modules-maven-htmlui.jar
[2025-02-18 19:43:32.075]:         deleting file: C:\Program Files\NetBeans-2\netbeans\java\config\ModuleAutoDeps\org-netbeans-api-java.xml
[2025-02-18 19:43:32.076]:         deleting file: C:\Program Files\NetBeans-2\netbeans\java\config\Modules\org-netbeans-modules-ant-kit.xml
[2025-02-18 19:43:32.076]:         deleting file: C:\Program Files\NetBeans-2\netbeans\java\config\Modules\org-netbeans-modules-form-nb.xml
[2025-02-18 19:43:32.077]:         deleting file: C:\Program Files\NetBeans-2\netbeans\java\config\Modules\org-netbeans-modules-javadoc.xml
[2025-02-18 19:43:32.078]:         deleting file: C:\Program Files\NetBeans-2\netbeans\java\config\Modules\org-netbeans-libs-nbjavacapi.xml
[2025-02-18 19:43:32.080]:         deleting file: C:\Program Files\NetBeans-2\netbeans\java\modules\org-netbeans-modules-xml-tools-java.jar
[2025-02-18 19:43:32.081]:         deleting file: C:\Program Files\NetBeans-2\netbeans\java\modules\org-netbeans-modules-ant-browsetask.jar
[2025-02-18 19:43:32.082]:         deleting file: C:\Program Files\NetBeans-2\netbeans\java\modules\org-netbeans-modules-ko4j-debugging.jar
[2025-02-18 19:43:32.082]:         deleting file: C:\Program Files\NetBeans-2\netbeans\java\modules\org-netbeans-modules-maven-coverage.jar
[2025-02-18 19:43:32.083]:         deleting file: C:\Program Files\NetBeans-2\netbeans\java\modules\ext\maven\maven-dependency-tree-2.2.jar
[2025-02-18 19:43:32.084]:         deleting file: C:\Program Files\NetBeans-2\netbeans\java\modules\org-netbeans-modules-maven-embedder.jar
[2025-02-18 19:43:32.084]:         deleting file: C:\Program Files\NetBeans-2\netbeans\java\modules\org-netbeans-modules-maven-junit-ui.jar
[2025-02-18 19:43:32.084]:         deleting file: C:\Program Files\NetBeans-2\netbeans\java\modules\org-netbeans-modules-websvc-jaxws21.jar
[2025-02-18 19:43:32.085]:         deleting file: C:\Program Files\NetBeans-2\netbeans\java\modules\org-netbeans-modules-jshell-support.jar
[2025-02-18 19:43:32.085]:         deleting file: C:\Program Files\NetBeans-2\netbeans\java\modules\org-netbeans-modules-selenium2-java.jar
[2025-02-18 19:43:32.086]:         deleting file: C:\Program Files\NetBeans-2\netbeans\java\ant\nblib\org-netbeans-modules-javawebstart.jar
[2025-02-18 19:43:32.088]:         deleting file: C:\Program Files\NetBeans-2\netbeans\java\maven\lib\jansi-native\Windows\x86_64\jansi.dll
[2025-02-18 19:43:32.089]:         deleting file: C:\Program Files\NetBeans-2\netbeans\java\maven\lib\maven-resolver-named-locks-1.9.18.jar
[2025-02-18 19:43:32.089]:         deleting file: C:\Program Files\NetBeans-2\netbeans\java\update_tracking\org-netbeans-spi-java-hints.xml
[2025-02-18 19:43:32.090]:         deleting file: C:\Program Files\NetBeans-2\netbeans\java\update_tracking\org-netbeans-modules-testng.xml
[2025-02-18 19:43:32.090]:         deleting file: C:\Program Files\NetBeans-2\netbeans\ergonomics\config\Modules\org-netbeans-libs-jstl.xml
[2025-02-18 19:43:32.091]:         deleting file: C:\Program Files\NetBeans-2\netbeans\javafx\modules\org-netbeans-modules-javafx2-kit.jar
[2025-02-18 19:43:32.093]:         deleting file: C:\Program Files\NetBeans-2\netbeans\profiler\remote-pack-defs\calibrate-solaris64-15.sh
[2025-02-18 19:43:32.093]:         deleting file: C:\Program Files\NetBeans-2\netbeans\java\config\Modules\org-netbeans-spi-java-hints.xml
[2025-02-18 19:43:32.094]:         deleting file: C:\Program Files\NetBeans-2\netbeans\java\config\Modules\org-netbeans-modules-testng.xml
[2025-02-18 19:43:32.094]:         deleting file: C:\Program Files\NetBeans-2\netbeans\java\modules\org-netbeans-modules-gradle-spring.jar
[2025-02-18 19:43:32.095]:         deleting file: C:\Program Files\NetBeans-2\netbeans\java\modules\org-netbeans-modules-java-hints-ui.jar
[2025-02-18 19:43:32.095]:         deleting file: C:\Program Files\NetBeans-2\netbeans\java\modules\org-netbeans-modules-kotlin-editor.jar
[2025-02-18 19:43:32.096]:         deleting file: C:\Program Files\NetBeans-2\netbeans\java\modules\org-netbeans-modules-java-sourceui.jar
[2025-02-18 19:43:32.096]:         deleting file: C:\Program Files\NetBeans-2\netbeans\java\modules\org-netbeans-modules-java-examples.jar
[2025-02-18 19:43:32.096]:         deleting file: C:\Program Files\NetBeans-2\netbeans\java\modules\org-netbeans-modules-java-freeform.jar
[2025-02-18 19:43:32.098]:         deleting file: C:\Program Files\NetBeans-2\netbeans\java\modules\ext\org.eclipse.lsp4j.debug-0.13.0.jar
[2025-02-18 19:43:32.098]:         deleting file: C:\Program Files\NetBeans-2\netbeans\java\modules\ext\maven\javax.annotation-api-1.2.jar
[2025-02-18 19:43:32.098]:         deleting file: C:\Program Files\NetBeans-2\netbeans\java\modules\ext\maven\lucene-queryparser-9.9.1.jar
[2025-02-18 19:43:32.099]:         deleting file: C:\Program Files\NetBeans-2\netbeans\java\modules\ext\maven\lucene-highlighter-9.9.1.jar
[2025-02-18 19:43:32.099]:         deleting file: C:\Program Files\NetBeans-2\netbeans\java\modules\ext\maven\search-backend-smo-7.1.2.jar
[2025-02-18 19:43:32.100]:         deleting file: C:\Program Files\NetBeans-2\netbeans\java\modules\ext\jaxws22\api\jakarta.xml.ws-api.jar
[2025-02-18 19:43:32.100]:         deleting file: C:\Program Files\NetBeans-2\netbeans\java\modules\org-netbeans-modules-maven-indexer.jar
[2025-02-18 19:43:32.101]:         deleting file: C:\Program Files\NetBeans-2\netbeans\java\modules\org-netbeans-modules-j2ee-metadata.jar
[2025-02-18 19:43:32.101]:         deleting file: C:\Program Files\NetBeans-2\netbeans\java\modules\org-netbeans-modules-editor-htmlui.jar
[2025-02-18 19:43:32.101]:         deleting file: C:\Program Files\NetBeans-2\netbeans\java\modules\org-netbeans-modules-java-platform.jar
[2025-02-18 19:43:32.102]:         deleting file: C:\Program Files\NetBeans-2\netbeans\java\modules\org-netbeans-modules-debugger-jpda.jar
[2025-02-18 19:43:32.103]:         deleting file: C:\Program Files\NetBeans-2\netbeans\java\modules\org-netbeans-modules-maven-grammar.jar
[2025-02-18 19:43:32.103]:         deleting file: C:\Program Files\NetBeans-2\netbeans\java\modules\org-netbeans-modules-gradle-htmlui.jar
[2025-02-18 19:43:32.105]:         deleting file: C:\Program Files\NetBeans-2\netbeans\java\maven\lib\org.eclipse.sisu.plexus-0.9.0.M2.jar
[2025-02-18 19:43:32.105]:         deleting file: C:\Program Files\NetBeans-2\netbeans\java\maven\lib\org.eclipse.sisu.inject-0.9.0.M2.jar
[2025-02-18 19:43:32.105]:         deleting file: C:\Program Files\NetBeans-2\netbeans\java\maven\lib\plexus-component-annotations.license
[2025-02-18 19:43:32.106]:         deleting file: C:\Program Files\NetBeans-2\netbeans\java\update_tracking\org-netbeans-modules-junit.xml
[2025-02-18 19:43:32.106]:         deleting file: C:\Program Files\NetBeans-2\netbeans\java\update_tracking\org-netbeans-libs-javacapi.xml
[2025-02-18 19:43:32.107]:         deleting file: C:\Program Files\NetBeans-2\netbeans\java\update_tracking\org-netbeans-lib-nbjshell9.xml
[2025-02-18 19:43:32.107]:         deleting file: C:\Program Files\NetBeans-2\netbeans\java\update_tracking\org-netbeans-modules-beans.xml
[2025-02-18 19:43:32.107]:         deleting file: C:\Program Files\NetBeans-2\netbeans\java\update_tracking\org-netbeans-modules-maven.xml
[2025-02-18 19:43:32.108]:         deleting file: C:\Program Files\NetBeans-2\netbeans\apisupport\modules\org-netbeans-modules-timers.jar
[2025-02-18 19:43:32.108]:         deleting file: C:\Program Files\NetBeans-2\netbeans\profiler\modules\org-netbeans-modules-profiler.jar
[2025-02-18 19:43:32.109]:         deleting file: C:\Program Files\NetBeans-2\netbeans\profiler\remote-pack-defs\profile-linuxamd64-15.sh
[2025-02-18 19:43:32.109]:         deleting file: C:\Program Files\NetBeans-2\netbeans\profiler\remote-pack-defs\profile-solsparcv9-15.sh
[2025-02-18 19:43:32.110]:         deleting file: C:\Program Files\NetBeans-2\netbeans\profiler\remote-pack-defs\profile-linuxamd64-16.sh
[2025-02-18 19:43:32.110]:         deleting file: C:\Program Files\NetBeans-2\netbeans\profiler\remote-pack-defs\profile-solsparcv9-16.sh
[2025-02-18 19:43:32.111]:         deleting file: C:\Program Files\NetBeans-2\netbeans\java\config\Modules\org-netbeans-modules-junit.xml
[2025-02-18 19:43:32.111]:         deleting file: C:\Program Files\NetBeans-2\netbeans\java\config\Modules\org-netbeans-libs-javacapi.xml
[2025-02-18 19:43:32.111]:         deleting file: C:\Program Files\NetBeans-2\netbeans\java\config\Modules\org-netbeans-lib-nbjshell9.xml
[2025-02-18 19:43:32.112]:         deleting file: C:\Program Files\NetBeans-2\netbeans\java\config\Modules\org-netbeans-modules-beans.xml
[2025-02-18 19:43:32.112]:         deleting file: C:\Program Files\NetBeans-2\netbeans\java\config\Modules\org-netbeans-modules-maven.xml
[2025-02-18 19:43:32.113]:         deleting file: C:\Program Files\NetBeans-2\netbeans\java\modules\org-netbeans-modules-ant-freeform.jar
[2025-02-18 19:43:32.113]:         deleting file: C:\Program Files\NetBeans-2\netbeans\java\modules\org-netbeans-modules-java-project.jar
[2025-02-18 19:43:32.113]:         deleting file: C:\Program Files\NetBeans-2\netbeans\java\modules\org-netbeans-modules-junit-ant-ui.jar
[2025-02-18 19:43:32.115]:         deleting file: C:\Program Files\NetBeans-2\netbeans\java\modules\org-netbeans-modules-javawebstart.jar
[2025-02-18 19:43:32.115]:         deleting file: C:\Program Files\NetBeans-2\netbeans\java\modules\org-netbeans-modules-java-metrics.jar
[2025-02-18 19:43:32.116]:         deleting file: C:\Program Files\NetBeans-2\netbeans\java\modules\org-netbeans-libs-springframework.jar
[2025-02-18 19:43:32.117]:         deleting file: C:\Program Files\NetBeans-2\netbeans\java\modules\org-netbeans-modules-ant-debugger.jar
[2025-02-18 19:43:32.118]:         deleting file: C:\Program Files\NetBeans-2\netbeans\java\modules\org-netbeans-modules-maven-spring.jar
[2025-02-18 19:43:32.118]:         deleting file: C:\Program Files\NetBeans-2\netbeans\java\modules\org-netbeans-modules-spring-beans.jar
[2025-02-18 19:43:32.119]:         deleting file: C:\Program Files\NetBeans-2\netbeans\java\modules\org-netbeans-modules-testng-maven.jar
[2025-02-18 19:43:32.119]:         deleting file: C:\Program Files\NetBeans-2\netbeans\java\modules\org-netbeans-modules-maven-search.jar
[2025-02-18 19:43:32.120]:         deleting file: C:\Program Files\NetBeans-2\netbeans\java\modules\org-netbeans-modules-hudson-maven.jar
[2025-02-18 19:43:32.121]:         deleting file: C:\Program Files\NetBeans-2\netbeans\java\modules\org-netbeans-spi-debugger-jpda-ui.jar
[2025-02-18 19:43:32.122]:         deleting file: C:\Program Files\NetBeans-2\netbeans\java\maven\lib\maven-repository-metadata-3.9.6.jar
[2025-02-18 19:43:32.122]:         deleting file: C:\Program Files\NetBeans-2\netbeans\java\update_tracking\org-netbeans-modules-i18n.xml
[2025-02-18 19:43:32.122]:         deleting file: C:\Program Files\NetBeans-2\netbeans\java\update_tracking\org-netbeans-lib-nbjshell.xml
[2025-02-18 19:43:32.123]:         deleting file: C:\Program Files\NetBeans-2\netbeans\java\update_tracking\org-netbeans-modules-form.xml
[2025-02-18 19:43:32.124]:         deleting file: C:\Program Files\NetBeans-2\netbeans\profiler\modules\org-netbeans-lib-profiler-ui.jar
[2025-02-18 19:43:32.124]:         deleting file: C:\Program Files\NetBeans-2\netbeans\profiler\remote-pack-defs\profile-winamd64-16.bat
[2025-02-18 19:43:32.124]:         deleting file: C:\Program Files\NetBeans-2\netbeans\profiler\remote-pack-defs\nb-profile-amd64-15.bat
[2025-02-18 19:43:32.125]:         deleting file: C:\Program Files\NetBeans-2\netbeans\profiler\remote-pack-defs\profile-winamd64-15.bat
[2025-02-18 19:43:32.125]:         deleting file: C:\Program Files\NetBeans-2\netbeans\java\config\Modules\org-netbeans-modules-i18n.xml
[2025-02-18 19:43:32.126]:         deleting file: C:\Program Files\NetBeans-2\netbeans\java\config\Modules\org-netbeans-lib-nbjshell.xml
[2025-02-18 19:43:32.126]:         deleting file: C:\Program Files\NetBeans-2\netbeans\java\config\Modules\org-netbeans-modules-form.xml
[2025-02-18 19:43:32.127]:         deleting file: C:\Program Files\NetBeans-2\netbeans\java\modules\org-netbeans-modules-maven-hints.jar
[2025-02-18 19:43:32.127]:         deleting file: C:\Program Files\NetBeans-2\netbeans\java\modules\org-netbeans-modules-java-guards.jar
[2025-02-18 19:43:32.128]:         deleting file: C:\Program Files\NetBeans-2\netbeans\java\modules\org-netbeans-modules-maven-model.jar
[2025-02-18 19:43:32.128]:         deleting file: C:\Program Files\NetBeans-2\netbeans\java\modules\org-netbeans-modules-java-source.jar
[2025-02-18 19:43:32.129]:         deleting file: C:\Program Files\NetBeans-2\netbeans\java\modules\org-netbeans-modules-gradle-java.jar
[2025-02-18 19:43:32.129]:         deleting file: C:\Program Files\NetBeans-2\netbeans\java\modules\org-netbeans-modules-maven-junit.jar
[2025-02-18 19:43:32.130]:         deleting file: C:\Program Files\NetBeans-2\netbeans\java\modules\org-netbeans-modules-java-editor.jar
[2025-02-18 19:43:32.130]:         deleting file: C:\Program Files\NetBeans-2\netbeans\java\modules\org-netbeans-modules-maven-graph.jar
[2025-02-18 19:43:32.130]:         deleting file: C:\Program Files\NetBeans-2\netbeans\java\modules\org-netbeans-modules-gradle-test.jar
[2025-02-18 19:43:32.131]:         deleting file: C:\Program Files\NetBeans-2\netbeans\java\modules\ext\org.eclipse.xtend.lib-2.24.0.jar
[2025-02-18 19:43:32.131]:         deleting file: C:\Program Files\NetBeans-2\netbeans\java\modules\org-netbeans-modules-ant-grammar.jar
[2025-02-18 19:43:32.132]:         deleting file: C:\Program Files\NetBeans-2\netbeans\java\maven\lib\jansi-native\Windows\x86\jansi.dll
[2025-02-18 19:43:32.132]:         deleting file: C:\Program Files\NetBeans-2\netbeans\java\update_tracking\org-netbeans-lib-nbjavac.xml
[2025-02-18 19:43:32.133]:         deleting file: C:\Program Files\NetBeans-2\netbeans\profiler\remote-pack-defs\profile-linuxarm-16.sh
[2025-02-18 19:43:32.133]:         deleting file: C:\Program Files\NetBeans-2\netbeans\profiler\remote-pack-defs\calibrate-linux-cvm.sh
[2025-02-18 19:43:32.134]:         deleting file: C:\Program Files\NetBeans-2\netbeans\profiler\remote-pack-defs\profile-solamd64-15.sh
[2025-02-18 19:43:32.134]:         deleting file: C:\Program Files\NetBeans-2\netbeans\profiler\remote-pack-defs\profile-solamd64-16.sh
[2025-02-18 19:43:32.134]:         deleting file: C:\Program Files\NetBeans-2\netbeans\java\config\Modules\org-netbeans-lib-nbjavac.xml
[2025-02-18 19:43:32.135]:         deleting file: C:\Program Files\NetBeans-2\netbeans\java\modules\org-netbeans-modules-java-disco.jar
[2025-02-18 19:43:32.135]:         deleting file: C:\Program Files\NetBeans-2\netbeans\java\modules\org-netbeans-modules-java-debug.jar
[2025-02-18 19:43:32.136]:         deleting file: C:\Program Files\NetBeans-2\netbeans\java\modules\org-netbeans-modules-hudson-ant.jar
[2025-02-18 19:43:32.136]:         deleting file: C:\Program Files\NetBeans-2\netbeans\java\modules\org-netbeans-modules-gradle-kit.jar
[2025-02-18 19:43:32.136]:         deleting file: C:\Program Files\NetBeans-2\netbeans\java\modules\ext\jaxws22\api\jakarta.jws-api.jar
[2025-02-18 19:43:32.137]:         deleting file: C:\Program Files\NetBeans-2\netbeans\java\modules\org-netbeans-modules-testng-ant.jar
[2025-02-18 19:43:32.137]:         deleting file: C:\Program Files\NetBeans-2\netbeans\java\modules\org-netbeans-modules-java-lexer.jar
[2025-02-18 19:43:32.138]:         deleting file: C:\Program Files\NetBeans-2\netbeans\java\modules\org-netbeans-modules-maven-osgi.jar
[2025-02-18 19:43:32.139]:         deleting file: C:\Program Files\NetBeans-2\netbeans\java\modules\org-netbeans-modules-java-graph.jar
[2025-02-18 19:43:32.139]:         deleting file: C:\Program Files\NetBeans-2\netbeans\java\modules\org-netbeans-modules-java-hints.jar
[2025-02-18 19:43:32.139]:         deleting file: C:\Program Files\NetBeans-2\netbeans\java\maven\lib\maven-resolver-provider-3.9.6.jar
[2025-02-18 19:43:32.140]:         deleting file: C:\Program Files\NetBeans-2\netbeans\java\update_tracking\org-netbeans-libs-cglib.xml
[2025-02-18 19:43:32.145]:         deleting file: C:\Program Files\NetBeans-2\netbeans\profiler\remote-pack-defs\calibrate-win-cvm.bat
[2025-02-18 19:43:32.146]:         deleting file: C:\Program Files\NetBeans-2\netbeans\java\config\Modules\org-netbeans-libs-cglib.xml
[2025-02-18 19:43:32.148]:         deleting file: C:\Program Files\NetBeans-2\netbeans\java\modules\org-netbeans-modules-i18n-form.jar
[2025-02-18 19:43:32.148]:         deleting file: C:\Program Files\NetBeans-2\netbeans\java\modules\org-netbeans-modules-junit-ant.jar
[2025-02-18 19:43:32.148]:         deleting file: C:\Program Files\NetBeans-2\netbeans\java\modules\org-netbeans-modules-maven-kit.jar
[2025-02-18 19:43:32.149]:         deleting file: C:\Program Files\NetBeans-2\netbeans\java\modules\org-netbeans-modules-classfile.jar
[2025-02-18 19:43:32.149]:         deleting file: C:\Program Files\NetBeans-2\netbeans\java\modules\org-netbeans-modules-testng-ui.jar
[2025-02-18 19:43:32.150]:         deleting file: C:\Program Files\NetBeans-2\netbeans\java\modules\org-netbeans-api-debugger-jpda.jar
[2025-02-18 19:43:32.150]:         deleting file: C:\Program Files\NetBeans-2\netbeans\java\modules\org-netbeans-modules-whitelist.jar
[2025-02-18 19:43:32.150]:         deleting file: C:\Program Files\NetBeans-2\netbeans\java\modules\org-netbeans-modules-ant-hints.jar
[2025-02-18 19:43:32.151]:         deleting file: C:\Program Files\NetBeans-2\netbeans\java\maven\lib\maven-settings-builder-3.9.6.jar
[2025-02-18 19:43:32.151]:         deleting file: C:\Program Files\NetBeans-2\netbeans\java\maven\conf\logging\simplelogger.properties
[2025-02-18 19:43:32.152]:         deleting file: C:\Program Files\NetBeans-2\netbeans\java\update_tracking\org-netbeans-api-maven.xml
[2025-02-18 19:43:32.152]:         deleting directory: C:\Program Files\NetBeans-2\netbeans\profiler\lib\deployed\jdk16\linux-arm-vfp-hflt
[2025-02-18 19:43:32.154]:         deleting file: C:\Program Files\NetBeans-2\netbeans\profiler\modules\org-netbeans-lib-profiler.jar
[2025-02-18 19:43:32.154]:         deleting file: C:\Program Files\NetBeans-2\netbeans\profiler\remote-pack-defs\profile-solx86-16.sh
[2025-02-18 19:43:32.155]:         deleting file: C:\Program Files\NetBeans-2\netbeans\profiler\remote-pack-defs\profile-linux-cvm.sh
[2025-02-18 19:43:32.155]:         deleting file: C:\Program Files\NetBeans-2\netbeans\profiler\remote-pack-defs\profile-solx86-15.sh
[2025-02-18 19:43:32.155]:         deleting file: C:\Program Files\NetBeans-2\netbeans\java\config\Modules\org-netbeans-api-maven.xml
[2025-02-18 19:43:32.156]:         deleting file: C:\Program Files\NetBeans-2\netbeans\java\modules\org-netbeans-lib-jshell-agent.jar
[2025-02-18 19:43:32.156]:         deleting file: C:\Program Files\NetBeans-2\netbeans\java\modules\org-netbeans-modules-xml-jaxb.jar
[2025-02-18 19:43:32.157]:         deleting file: C:\Program Files\NetBeans-2\netbeans\java\modules\org-netbeans-modules-form-kit.jar
[2025-02-18 19:43:32.157]:         deleting file: C:\Program Files\NetBeans-2\netbeans\java\modules\org-netbeans-modules-junit-ui.jar
[2025-02-18 19:43:32.158]:         deleting file: C:\Program Files\NetBeans-2\netbeans\java\modules\org-netbeans-modules-dbschema.jar
[2025-02-18 19:43:32.159]:         deleting file: C:\Program Files\NetBeans-2\netbeans\java\modules\org-netbeans-modules-java-kit.jar
[2025-02-18 19:43:32.159]:         deleting file: C:\Program Files\NetBeans-2\netbeans\java\maven\lib\maven-builder-support-3.9.6.jar
[2025-02-18 19:43:32.160]:         deleting file: C:\Program Files\NetBeans-2\netbeans\java\maven\lib\org.eclipse.sisu.plexus.license
[2025-02-18 19:43:32.160]:         deleting file: C:\Program Files\NetBeans-2\netbeans\java\maven\lib\org.eclipse.sisu.inject.license
[2025-02-18 19:43:32.161]:         deleting file: C:\Program Files\NetBeans-2\netbeans\java\update_tracking\org-netbeans-api-java.xml
[2025-02-18 19:43:32.163]:         deleting file: C:\Program Files\NetBeans-2\netbeans\profiler\remote-pack-defs\profile-linux-15.sh
[2025-02-18 19:43:32.164]:         deleting file: C:\Program Files\NetBeans-2\netbeans\profiler\remote-pack-defs\calibrate-mac-15.sh
[2025-02-18 19:43:32.165]:         deleting file: C:\Program Files\NetBeans-2\netbeans\profiler\remote-pack-defs\profile-win-cvm.bat
[2025-02-18 19:43:32.166]:         deleting file: C:\Program Files\NetBeans-2\netbeans\profiler\remote-pack-defs\profile-linux-16.sh
[2025-02-18 19:43:32.166]:         deleting file: C:\Program Files\NetBeans-2\netbeans\java\config\Modules\org-netbeans-api-java.xml
[2025-02-18 19:43:32.168]:         deleting file: C:\Program Files\NetBeans-2\netbeans\java\modules\org-netbeans-modules-ant-kit.jar
[2025-02-18 19:43:32.169]:         deleting file: C:\Program Files\NetBeans-2\netbeans\java\modules\org-netbeans-libs-nbjavacapi.jar
[2025-02-18 19:43:32.170]:         deleting file: C:\Program Files\NetBeans-2\netbeans\java\modules\ext\org.eclipse.lsp4j-0.13.0.jar
[2025-02-18 19:43:32.171]:         deleting file: C:\Program Files\NetBeans-2\netbeans\java\modules\ext\maven\indexer-core-7.1.2.jar
[2025-02-18 19:43:32.171]:         deleting file: C:\Program Files\NetBeans-2\netbeans\java\modules\org-netbeans-modules-form-nb.jar
[2025-02-18 19:43:32.172]:         deleting file: C:\Program Files\NetBeans-2\netbeans\java\modules\org-netbeans-modules-javadoc.jar
[2025-02-18 19:43:32.172]:         deleting file: C:\Program Files\NetBeans-2\netbeans\java\maven\lib\maven-resolver-impl-1.9.18.jar
[2025-02-18 19:43:32.173]:         deleting file: C:\Program Files\NetBeans-2\netbeans\java\maven\lib\maven-slf4j-provider-3.9.6.jar
[2025-02-18 19:43:32.173]:         deleting file: C:\Program Files\NetBeans-2\netbeans\java\maven\lib\javax.annotation-api-1.3.2.jar
[2025-02-18 19:43:32.174]:         deleting file: C:\Program Files\NetBeans-2\netbeans\java\maven\lib\maven-resolver-util-1.9.18.jar
[2025-02-18 19:43:32.174]:         deleting directory: C:\Program Files\NetBeans-2\netbeans\profiler\lib\deployed\jdk15\hpux-pa_risc2.0w
[2025-02-18 19:43:32.174]:         deleting directory: C:\Program Files\NetBeans-2\netbeans\profiler\lib\deployed\jdk16\hpux-pa_risc2.0w
[2025-02-18 19:43:32.174]:         deleting file: C:\Program Files\NetBeans-2\netbeans\profiler\remote-pack-defs\profile-win-15.bat
[2025-02-18 19:43:32.174]:         deleting file: C:\Program Files\NetBeans-2\netbeans\profiler\remote-pack-defs\profile-win-16.bat
[2025-02-18 19:43:32.175]:         deleting file: C:\Program Files\NetBeans-2\netbeans\java\modules\org-netbeans-spi-java-hints.jar
[2025-02-18 19:43:32.175]:         deleting file: C:\Program Files\NetBeans-2\netbeans\java\modules\ext\maven\lucene-core-9.9.1.jar
[2025-02-18 19:43:32.176]:         deleting file: C:\Program Files\NetBeans-2\netbeans\java\modules\org-netbeans-modules-testng.jar
[2025-02-18 19:43:32.176]:         deleting file: C:\Program Files\NetBeans-2\netbeans\java\maven\lib\plexus-interpolation-1.26.jar
[2025-02-18 19:43:32.177]:         deleting file: C:\Program Files\NetBeans-2\netbeans\java\maven\lib\maven-model-builder-3.9.6.jar
[2025-02-18 19:43:32.177]:         deleting file: C:\Program Files\NetBeans-2\netbeans\java\maven\lib\plexus-sec-dispatcher-2.0.jar
[2025-02-18 19:43:32.178]:         deleting file: C:\Program Files\NetBeans-2\netbeans\java\maven\lib\maven-resolver-spi-1.9.18.jar
[2025-02-18 19:43:32.179]:         deleting file: C:\Program Files\NetBeans-2\netbeans\java\maven\lib\plexus-sec-dispatcher.license
[2025-02-18 19:43:32.179]:         deleting file: C:\Program Files\NetBeans-2\netbeans\java\maven\lib\maven-resolver-api-1.9.18.jar
[2025-02-18 19:43:32.180]:         deleting file: C:\Program Files\NetBeans-2\netbeans\java\maven\boot\plexus-classworlds-2.7.0.jar
[2025-02-18 19:43:32.180]:         deleting directory: C:\Program Files\NetBeans-2\netbeans\profiler\lib\deployed\jdk15\hpux-pa_risc2.0
[2025-02-18 19:43:32.180]:         deleting directory: C:\Program Files\NetBeans-2\netbeans\profiler\lib\deployed\jdk15\solaris-sparcv9
[2025-02-18 19:43:32.181]:         deleting directory: C:\Program Files\NetBeans-2\netbeans\profiler\lib\deployed\jdk16\hpux-pa_risc2.0
[2025-02-18 19:43:32.181]:         deleting directory: C:\Program Files\NetBeans-2\netbeans\profiler\lib\deployed\jdk16\solaris-sparcv9
[2025-02-18 19:43:32.181]:         deleting file: C:\Program Files\NetBeans-2\netbeans\profiler\remote-pack-defs\nb-profile-15.bat
[2025-02-18 19:43:32.181]:         deleting file: C:\Program Files\NetBeans-2\netbeans\profiler\remote-pack-defs\profile-mac-16.sh
[2025-02-18 19:43:32.182]:         deleting file: C:\Program Files\NetBeans-2\netbeans\profiler\remote-pack-defs\profile-mac-15.sh
[2025-02-18 19:43:32.182]:         deleting file: C:\Program Files\NetBeans-2\netbeans\java\modules\org-netbeans-libs-javacapi.jar
[2025-02-18 19:43:32.183]:         deleting file: C:\Program Files\NetBeans-2\netbeans\java\modules\org-netbeans-modules-junit.jar
[2025-02-18 19:43:32.183]:         deleting file: C:\Program Files\NetBeans-2\netbeans\java\modules\org-netbeans-lib-nbjshell9.jar
[2025-02-18 19:43:32.183]:         deleting file: C:\Program Files\NetBeans-2\netbeans\java\modules\org-netbeans-modules-maven.jar
[2025-02-18 19:43:32.186]:         deleting file: C:\Program Files\NetBeans-2\netbeans\java\modules\ext\nb-custom-jshell-probe.jar
[2025-02-18 19:43:32.187]:         deleting file: C:\Program Files\NetBeans-2\netbeans\java\modules\ext\maven\search-api-7.1.2.jar
[2025-02-18 19:43:32.187]:         deleting file: C:\Program Files\NetBeans-2\netbeans\java\modules\ext\jaxws22\gmbal-api-only.jar
[2025-02-18 19:43:32.187]:         deleting file: C:\Program Files\NetBeans-2\netbeans\java\modules\ext\jaxws22\management-api.jar
[2025-02-18 19:43:32.188]:         deleting file: C:\Program Files\NetBeans-2\netbeans\java\modules\org-netbeans-modules-beans.jar
[2025-02-18 19:43:32.188]:         deleting file: C:\Program Files\NetBeans-2\netbeans\java\maven\lib\javax.annotation-api.license
[2025-02-18 19:43:32.189]:         deleting file: C:\Program Files\NetBeans-2\netbeans\java\maven\lib\wagon-provider-api-3.5.3.jar
[2025-02-18 19:43:32.189]:         deleting file: C:\Program Files\NetBeans-2\netbeans\java\maven\lib\plexus-interpolation.license
[2025-02-18 19:43:32.190]:         deleting file: C:\Program Files\NetBeans-2\netbeans\java\maven\lib\maven-shared-utils-3.3.4.jar
[2025-02-18 19:43:32.190]:         deleting directory: C:\Program Files\NetBeans-2\netbeans\java\maven\lib\jansi-native\Windows\x86_64
[2025-02-18 19:43:32.190]:         deleting file: C:\Program Files\NetBeans-2\netbeans\profiler\remote-pack-defs\calibrate-15.bat
[2025-02-18 19:43:32.191]:         deleting file: C:\Program Files\NetBeans-2\netbeans\java\modules\ext\jaxws22\woodstox-core.jar
[2025-02-18 19:43:32.191]:         deleting file: C:\Program Files\NetBeans-2\netbeans\java\modules\org-netbeans-modules-i18n.jar
[2025-02-18 19:43:32.191]:         deleting file: C:\Program Files\NetBeans-2\netbeans\java\modules\org-netbeans-lib-nbjshell.jar
[2025-02-18 19:43:32.191]:         deleting file: C:\Program Files\NetBeans-2\netbeans\java\modules\org-netbeans-modules-form.jar
[2025-02-18 19:43:32.193]:         deleting file: C:\Program Files\NetBeans-2\netbeans\java\maven\lib\wagon-http-shared-3.5.3.jar
[2025-02-18 19:43:32.194]:         deleting file: C:\Program Files\NetBeans-2\netbeans\java\maven\boot\plexus-classworlds.license
[2025-02-18 19:43:32.194]:         deleting directory: C:\Program Files\NetBeans-2\netbeans\profiler\lib\deployed\jdk15\solaris-amd64
[2025-02-18 19:43:32.195]:         deleting directory: C:\Program Files\NetBeans-2\netbeans\profiler\lib\deployed\jdk15\solaris-sparc
[2025-02-18 19:43:32.195]:         deleting directory: C:\Program Files\NetBeans-2\netbeans\profiler\lib\deployed\jdk16\solaris-amd64
[2025-02-18 19:43:32.195]:         deleting directory: C:\Program Files\NetBeans-2\netbeans\profiler\lib\deployed\jdk16\solaris-sparc
[2025-02-18 19:43:32.195]:         deleting directory: C:\Program Files\NetBeans-2\netbeans\profiler\lib\deployed\jdk15\windows-amd64
[2025-02-18 19:43:32.195]:         deleting directory: C:\Program Files\NetBeans-2\netbeans\profiler\lib\deployed\jdk16\windows-amd64
[2025-02-18 19:43:32.196]:         deleting file: C:\Program Files\NetBeans-2\netbeans\profiler\remote-pack-defs\calibrate-16.sh
[2025-02-18 19:43:32.196]:         deleting file: C:\Program Files\NetBeans-2\netbeans\profiler\remote-pack-defs\calibrate-15.sh
[2025-02-18 19:43:32.197]:         deleting file: C:\Program Files\NetBeans-2\netbeans\java\modules\org-netbeans-lib-nbjavac.jar
[2025-02-18 19:43:32.197]:         deleting file: C:\Program Files\NetBeans-2\netbeans\java\modules\ext\nb-javac-jdk-21u-api.jar
[2025-02-18 19:43:32.197]:         deleting file: C:\Program Files\NetBeans-2\netbeans\java\modules\ext\jaxws22\jakarta.mail.jar
[2025-02-18 19:43:32.198]:         deleting file: C:\Program Files\NetBeans-2\netbeans\java\modules\ext\jaxws22\streambuffer.jar
[2025-02-18 19:43:32.198]:         deleting file: C:\Program Files\NetBeans-2\netbeans\java\maven\lib\maven-plugin-api-3.9.6.jar
[2025-02-18 19:43:32.199]:         deleting directory: C:\Program Files\NetBeans-2\netbeans\profiler\lib\deployed\jdk15\solaris-i386
[2025-02-18 19:43:32.199]:         deleting directory: C:\Program Files\NetBeans-2\netbeans\profiler\lib\deployed\jdk16\solaris-i386
[2025-02-18 19:43:32.199]:         deleting file: C:\Program Files\NetBeans-2\netbeans\java\modules\org-netbeans-libs-cglib.jar
[2025-02-18 19:43:32.199]:         deleting file: C:\Program Files\NetBeans-2\netbeans\java\modules\ext\nb-mod-jshell-probe.jar
[2025-02-18 19:43:32.200]:         deleting file: C:\Program Files\NetBeans-2\netbeans\java\modules\ext\maven\jdom2-2.0.6.1.jar
[2025-02-18 19:43:32.200]:         deleting file: C:\Program Files\NetBeans-2\netbeans\java\modules\ext\jaxws22\FastInfoset.jar
[2025-02-18 19:43:32.201]:         deleting file: C:\Program Files\NetBeans-2\netbeans\java\modules\ext\jaxws22\jaxws-tools.jar
[2025-02-18 19:43:32.201]:         deleting file: C:\Program Files\NetBeans-2\netbeans\java\maven\lib\jcl-over-slf4j-1.7.36.jar
[2025-02-18 19:43:32.202]:         deleting directory: C:\Program Files\NetBeans-2\netbeans\profiler\lib\deployed\jdk15\linux-amd64
[2025-02-18 19:43:32.202]:         deleting directory: C:\Program Files\NetBeans-2\netbeans\profiler\lib\deployed\jdk16\linux-amd64
[2025-02-18 19:43:32.202]:         deleting directory: C:\Program Files\NetBeans-2\netbeans\java\maven\lib\jansi-native\Windows\x86
[2025-02-18 19:43:32.203]:         deleting file: C:\Program Files\NetBeans-2\netbeans\java\modules\gradle\org.jacoco.core.jar
[2025-02-18 19:43:32.203]:         deleting file: C:\Program Files\NetBeans-2\netbeans\java\modules\ext\checker-qual-3.9.1.jar
[2025-02-18 19:43:32.203]:         deleting file: C:\Program Files\NetBeans-2\netbeans\java\modules\ext\discoclient-2.0.24.jar
[2025-02-18 19:43:32.204]:         deleting file: C:\Program Files\NetBeans-2\netbeans\java\modules\org-netbeans-api-maven.jar
[2025-02-18 19:43:32.204]:         deleting file: C:\Program Files\NetBeans-2\netbeans\java\maven\lib\maven-settings-3.9.6.jar
[2025-02-18 19:43:32.205]:         deleting file: C:\Program Files\NetBeans-2\netbeans\java\maven\lib\maven-embedder-3.9.6.jar
[2025-02-18 19:43:32.206]:         deleting file: C:\Program Files\NetBeans-2\netbeans\java\maven\lib\ext\hazelcast\README.txt
[2025-02-18 19:43:32.209]:         deleting file: C:\Program Files\NetBeans-2\netbeans\java\maven\lib\commons-lang3-3.12.0.jar
[2025-02-18 19:43:32.209]:         deleting file: C:\Program Files\NetBeans-2\netbeans\java\maven\lib\commons-codec-1.16.0.jar
[2025-02-18 19:43:32.210]:         deleting file: C:\Program Files\NetBeans-2\netbeans\java\maven\lib\maven-artifact-3.9.6.jar
[2025-02-18 19:43:32.210]:         deleting file: C:\Program Files\NetBeans-2\netbeans\java\scripts\build-langtools-consol.xml
[2025-02-18 19:43:32.210]:         deleting directory: C:\Program Files\NetBeans-2\netbeans\java\sources\org\netbeans\lib\awtextra
[2025-02-18 19:43:32.211]:         deleting file: C:\Program Files\NetBeans-2\netbeans\java\modules\org-netbeans-api-java.jar
[2025-02-18 19:43:32.211]:         deleting file: C:\Program Files\NetBeans-2\netbeans\java\modules\ext\maven\gson-2.10.1.jar
[2025-02-18 19:43:32.212]:         deleting file: C:\Program Files\NetBeans-2\netbeans\java\modules\ext\jaxws22\saaj-impl.jar
[2025-02-18 19:43:32.212]:         deleting file: C:\Program Files\NetBeans-2\netbeans\java\modules\ext\jaxws22\stax2-api.jar
[2025-02-18 19:43:32.212]:         deleting file: C:\Program Files\NetBeans-2\netbeans\java\maven\lib\failureaccess-1.0.1.jar
[2025-02-18 19:43:32.213]:         deleting file: C:\Program Files\NetBeans-2\netbeans\java\maven\lib\jansi-native\README.txt
[2025-02-18 19:43:32.213]:         deleting file: C:\Program Files\NetBeans-2\netbeans\java\maven\lib\ext\redisson\README.txt
[2025-02-18 19:43:32.214]:         deleting file: C:\Program Files\NetBeans-2\netbeans\java\maven-nblib\netbeans-eventspy.jar
[2025-02-18 19:43:32.214]:         deleting directory: C:\Program Files\NetBeans-2\netbeans\profiler\lib\deployed\jdk16\linux-arm
[2025-02-18 19:43:32.214]:         deleting file: C:\Program Files\NetBeans-2\netbeans\java\modules\ext\jdktools-11.0.11.jar
[2025-02-18 19:43:32.215]:         deleting file: C:\Program Files\NetBeans-2\netbeans\java\modules\ext\jaxws22\jaxws-rt.jar
[2025-02-18 19:43:32.215]:         deleting file: C:\Program Files\NetBeans-2\netbeans\java\modules\ext\jaxws22\mimepull.jar
[2025-02-18 19:43:32.215]:         deleting file: C:\Program Files\NetBeans-2\netbeans\java\modules\ext\nb-javac-jdk-21u.jar
[2025-02-18 19:43:32.215]:         deleting file: C:\Program Files\NetBeans-2\netbeans\java\maven\lib\plexus-utils-3.5.1.jar
[2025-02-18 19:43:32.215]:         deleting file: C:\Program Files\NetBeans-2\netbeans\java\maven\lib\jcl-over-slf4j.license
[2025-02-18 19:43:32.216]:         deleting file: C:\Program Files\NetBeans-2\netbeans\java\maven\lib\maven-compat-3.9.6.jar
[2025-02-18 19:43:32.216]:         deleting file: C:\Program Files\NetBeans-2\netbeans\profiler\remote-pack-defs\README.txt
[2025-02-18 19:43:32.216]:         deleting file: C:\Program Files\NetBeans-2\netbeans\java\modules\ext\jaxws22\stax-ex.jar
[2025-02-18 19:43:32.217]:         deleting file: C:\Program Files\NetBeans-2\netbeans\java\maven\lib\commons-lang3.license
[2025-02-18 19:43:32.217]:         deleting file: C:\Program Files\NetBeans-2\netbeans\java\maven\lib\commons-codec.license
[2025-02-18 19:43:32.217]:         deleting file: C:\Program Files\NetBeans-2\netbeans\java\maven\lib\maven-model-3.9.6.jar
[2025-02-18 19:43:32.218]:         deleting file: C:\Program Files\NetBeans-2\netbeans\java\maven\lib\commons-cli-1.5.0.jar
[2025-02-18 19:43:32.219]:         deleting file: C:\Program Files\NetBeans-2\netbeans\java\maven\lib\httpclient-4.5.14.jar
[2025-02-18 19:43:32.219]:         deleting file: C:\Program Files\NetBeans-2\netbeans\java\maven\lib\failureaccess.license
[2025-02-18 19:43:32.220]:         deleting file: C:\Program Files\NetBeans-2\netbeans\java\maven\lib\plexus-cipher.license
[2025-02-18 19:43:32.220]:         deleting file: C:\Program Files\NetBeans-2\netbeans\java\maven\lib\plexus-cipher-2.0.jar
[2025-02-18 19:43:32.221]:         deleting directory: C:\Program Files\NetBeans-2\netbeans\profiler\lib\deployed\jdk15\windows
[2025-02-18 19:43:32.221]:         deleting directory: C:\Program Files\NetBeans-2\netbeans\profiler\lib\deployed\jdk16\windows
[2025-02-18 19:43:32.223]:         deleting directory: C:\Program Files\NetBeans-2\netbeans\java\maven\lib\jansi-native\Windows
[2025-02-18 19:43:32.223]:         deleting file: C:\Program Files\NetBeans-2\netbeans\profiler\remote-pack-defs\build.xml
[2025-02-18 19:43:32.223]:         deleting file: C:\Program Files\NetBeans-2\netbeans\java\modules\ext\AbsoluteLayout.jar
[2025-02-18 19:43:32.224]:         deleting file: C:\Program Files\NetBeans-2\netbeans\java\modules\ext\fakeJdkClasses.zip
[2025-02-18 19:43:32.224]:         deleting file: C:\Program Files\NetBeans-2\netbeans\java\modules\ext\jaxws22\policy.jar
[2025-02-18 19:43:32.224]:         deleting file: C:\Program Files\NetBeans-2\netbeans\java\modules\ext\jaxws22\ha-api.jar
[2025-02-18 19:43:32.225]:         deleting file: C:\Program Files\NetBeans-2\netbeans\java\maven\lib\plexus-utils.license
[2025-02-18 19:43:32.225]:         deleting file: C:\Program Files\NetBeans-2\netbeans\java\maven\lib\guava-32.0.1-jre.jar
[2025-02-18 19:43:32.226]:         deleting file: C:\Program Files\NetBeans-2\netbeans\java\maven\lib\wagon-file-3.5.3.jar
[2025-02-18 19:43:32.226]:         deleting file: C:\Program Files\NetBeans-2\netbeans\java\maven\lib\wagon-http-3.5.3.jar
[2025-02-18 19:43:32.226]:         deleting file: C:\Program Files\NetBeans-2\netbeans\java\maven\lib\javax.inject.license
[2025-02-18 19:43:32.227]:         deleting file: C:\Program Files\NetBeans-2\netbeans\java\maven\lib\maven-core-3.9.6.jar
[2025-02-18 19:43:32.227]:         deleting file: C:\Program Files\NetBeans-2\netbeans\java\maven\lib\slf4j-api-1.7.36.jar
[2025-02-18 19:43:32.227]:         deleting file: C:\Program Files\NetBeans-2\netbeans\java\scripts\J2SEPlatformProbe.java
[2025-02-18 19:43:32.229]:         deleting directory: C:\Program Files\NetBeans-2\netbeans\java\modules\ext\maven\rootpackage
[2025-02-18 19:43:32.229]:         deleting file: C:\Program Files\NetBeans-2\netbeans\profiler\lib\jfluid-server-cvm.jar
[2025-02-18 19:43:32.230]:         deleting file: C:\Program Files\NetBeans-2\netbeans\java\maven\lib\commons-cli.license
[2025-02-18 19:43:32.230]:         deleting file: C:\Program Files\NetBeans-2\netbeans\java\maven\lib\aopalliance.license
[2025-02-18 19:43:32.230]:         deleting file: C:\Program Files\NetBeans-2\netbeans\java\maven\lib\aopalliance-1.0.jar
[2025-02-18 19:43:32.230]:         deleting file: C:\Program Files\NetBeans-2\netbeans\java\maven\lib\httpcore-4.4.16.jar
[2025-02-18 19:43:32.231]:         deleting directory: C:\Program Files\NetBeans-2\netbeans\profiler\lib\deployed\cvm\windows
[2025-02-18 19:43:32.231]:         deleting directory: C:\Program Files\NetBeans-2\netbeans\profiler\lib\deployed\jdk15\linux
[2025-02-18 19:43:32.231]:         deleting directory: C:\Program Files\NetBeans-2\netbeans\profiler\lib\deployed\jdk16\linux
[2025-02-18 19:43:32.231]:         deleting file: C:\Program Files\NetBeans-2\netbeans\profiler\lib\jfluid-server-15.jar
[2025-02-18 19:43:32.231]:         deleting file: C:\Program Files\NetBeans-2\netbeans\java\maven\lib\httpclient.license
[2025-02-18 19:43:32.232]:         deleting file: C:\Program Files\NetBeans-2\netbeans\java\maven\lib\javax.inject-1.jar
[2025-02-18 19:43:32.232]:         deleting file: C:\Program Files\NetBeans-2\netbeans\java\maven-nblib\netbeans-cos.jar
[2025-02-18 19:43:32.233]:         deleting file: C:\Program Files\NetBeans-2\netbeans\java\patterns\project-marker-jdk
[2025-02-18 19:43:32.233]:         deleting file: C:\Program Files\NetBeans-2\netbeans\java\maven\lib\slf4j-api.license
[2025-02-18 19:43:32.234]:         deleting file: C:\Program Files\NetBeans-2\netbeans\java\scripts\build-langtools.xml
[2025-02-18 19:43:32.234]:         deleting directory: C:\Program Files\NetBeans-2\netbeans\profiler\lib\deployed\jdk15\mac
[2025-02-18 19:43:32.234]:         deleting directory: C:\Program Files\NetBeans-2\netbeans\profiler\lib\deployed\jdk16\mac
[2025-02-18 19:43:32.234]:         deleting directory: C:\Program Files\NetBeans-2\netbeans\profiler\lib\deployed\cvm\linux
[2025-02-18 19:43:32.235]:         deleting file: C:\Program Files\NetBeans-2\netbeans\java\org.eclipse.jdt.core.prefs
[2025-02-18 19:43:32.239]:         deleting file: C:\Program Files\NetBeans-2\netbeans\java\maven\lib\httpcore.license
[2025-02-18 19:43:32.240]:         deleting file: C:\Program Files\NetBeans-2\netbeans\profiler\lib\jfluid-server.jar
[2025-02-18 19:43:32.241]:         deleting file: C:\Program Files\NetBeans-2\netbeans\java\modules\ext\cglib-2.2.jar
[2025-02-18 19:43:32.241]:         deleting file: C:\Program Files\NetBeans-2\netbeans\java\maven\lib\guice-5.1.0.jar
[2025-02-18 19:43:32.241]:         deleting file: C:\Program Files\NetBeans-2\netbeans\java\maven\lib\jansi-2.4.0.jar
[2025-02-18 19:43:32.242]:         deleting file: C:\Program Files\NetBeans-2\netbeans\java\maven\conf\toolchains.xml
[2025-02-18 19:43:32.242]:         deleting file: C:\Program Files\NetBeans-2\netbeans\java\scripts\build-generic.xml
[2025-02-18 19:43:32.243]:         deleting directory: C:\Program Files\NetBeans-2\netbeans\java\sources\org\netbeans\lib
[2025-02-18 19:43:32.243]:         deleting directory: C:\Program Files\NetBeans-2\netbeans\java\modules\ext\corba\omgapi
[2025-02-18 19:43:32.243]:         deleting file: C:\Program Files\NetBeans-2\netbeans\java\maven\lib\ext\README.txt
[2025-02-18 19:43:32.244]:         deleting directory: C:\Program Files\NetBeans-2\netbeans\java\modules\ext\eclipselink
[2025-02-18 19:43:32.244]:         deleting directory: C:\Program Files\NetBeans-2\netbeans\java\modules\ext\jaxws22\api
[2025-02-18 19:43:32.244]:         deleting directory: C:\Program Files\NetBeans-2\netbeans\java\maven\lib\ext\hazelcast
[2025-02-18 19:43:32.244]:         deleting file: C:\Program Files\NetBeans-2\netbeans\java\maven\lib\jansi.license
[2025-02-18 19:43:32.245]:         deleting file: C:\Program Files\NetBeans-2\netbeans\java\maven\lib\guava.license
[2025-02-18 19:43:32.245]:         deleting file: C:\Program Files\NetBeans-2\netbeans\java\maven\lib\guice.license
[2025-02-18 19:43:32.245]:         deleting file: C:\Program Files\NetBeans-2\netbeans\java\maven\conf\settings.xml
[2025-02-18 19:43:32.246]:         deleting directory: C:\Program Files\NetBeans-2\netbeans\java\modules\ext\spring-3.0
[2025-02-18 19:43:32.246]:         deleting directory: C:\Program Files\NetBeans-2\netbeans\profiler\lib\deployed\jdk16
[2025-02-18 19:43:32.246]:         deleting directory: C:\Program Files\NetBeans-2\netbeans\profiler\lib\deployed\jdk15
[2025-02-18 19:43:32.246]:         deleting directory: C:\Program Files\NetBeans-2\netbeans\java\maven\lib\jansi-native
[2025-02-18 19:43:32.247]:         deleting directory: C:\Program Files\NetBeans-2\netbeans\java\maven\lib\ext\redisson
[2025-02-18 19:43:32.247]:         deleting file: C:\Program Files\NetBeans-2\netbeans\java\maven\bin\mvnDebug.cmd
[2025-02-18 19:43:32.248]:         deleting file: C:\Program Files\NetBeans-2\netbeans\java\docs\jaxws-api-doc.zip
[2025-02-18 19:43:32.248]:         deleting directory: C:\Program Files\NetBeans-2\netbeans\apisupport\update_tracking
[2025-02-18 19:43:32.248]:         deleting directory: C:\Program Files\NetBeans-2\netbeans\ergonomics\update_tracking
[2025-02-18 19:43:32.248]:         deleting directory: C:\Program Files\NetBeans-2\netbeans\java\config\ModuleAutoDeps
[2025-02-18 19:43:32.248]:         deleting directory: C:\Program Files\NetBeans-2\netbeans\ergonomics\config\Modules
[2025-02-18 19:43:32.249]:         deleting directory: C:\Program Files\NetBeans-2\netbeans\apisupport\config\Modules
[2025-02-18 19:43:32.249]:         deleting directory: C:\Program Files\NetBeans-2\netbeans\java\modules\ext\spring-4
[2025-02-18 19:43:32.249]:         deleting directory: C:\Program Files\NetBeans-2\netbeans\java\modules\ext\spring-5
[2025-02-18 19:43:32.249]:         deleting directory: C:\Program Files\NetBeans-2\netbeans\java\sources\org\netbeans
[2025-02-18 19:43:32.249]:         deleting directory: C:\Program Files\NetBeans-2\netbeans\profiler\lib\deployed\cvm
[2025-02-18 19:43:32.250]:         deleting directory: C:\Program Files\NetBeans-2\netbeans\profiler\remote-pack-defs
[2025-02-18 19:43:32.250]:         deleting directory: C:\Program Files\NetBeans-2\netbeans\profiler\update_tracking
[2025-02-18 19:43:32.255]:         deleting directory: C:\Program Files\NetBeans-2\netbeans\java\modules\ext\jaxws22
[2025-02-18 19:43:32.256]:         deleting file: C:\Program Files\NetBeans-2\netbeans\apisupport\.lastModified
[2025-02-18 19:43:32.256]:         deleting file: C:\Program Files\NetBeans-2\netbeans\ergonomics\.lastModified
[2025-02-18 19:43:32.256]:         deleting directory: C:\Program Files\NetBeans-2\netbeans\profiler\config\Modules
[2025-02-18 19:43:32.256]:         deleting directory: C:\Program Files\NetBeans-2\netbeans\java\maven\conf\logging
[2025-02-18 19:43:32.257]:         deleting file: C:\Program Files\NetBeans-2\netbeans\java\maven\bin\mvnDebug
[2025-02-18 19:43:32.257]:         deleting file: C:\Program Files\NetBeans-2\netbeans\java\sources\readme.txt
[2025-02-18 19:43:32.258]:         deleting directory: C:\Program Files\NetBeans-2\netbeans\javafx\update_tracking
[2025-02-18 19:43:32.258]:         deleting directory: C:\Program Files\NetBeans-2\netbeans\java\modules\ext\corba
[2025-02-18 19:43:32.258]:         deleting directory: C:\Program Files\NetBeans-2\netbeans\java\modules\ext\maven
[2025-02-18 19:43:32.258]:         deleting file: C:\Program Files\NetBeans-2\netbeans\apisupport\VERSION.txt
[2025-02-18 19:43:32.259]:         deleting file: C:\Program Files\NetBeans-2\netbeans\profiler\.lastModified
[2025-02-18 19:43:32.259]:         deleting file: C:\Program Files\NetBeans-2\netbeans\java\maven\bin\m2.conf
[2025-02-18 19:43:32.259]:         deleting file: C:\Program Files\NetBeans-2\netbeans\java\maven\bin\mvn.cmd
[2025-02-18 19:43:32.260]:         deleting directory: C:\Program Files\NetBeans-2\netbeans\profiler\lib\deployed
[2025-02-18 19:43:32.260]:         deleting directory: C:\Program Files\NetBeans-2\netbeans\javafx\config\Modules
[2025-02-18 19:43:32.260]:         deleting directory: C:\Program Files\NetBeans-2\netbeans\java\modules\ext\docs
[2025-02-18 19:43:32.260]:         deleting file: C:\Program Files\NetBeans-2\netbeans\java\maven\README.txt
[2025-02-18 19:43:32.261]:         deleting file: C:\Program Files\NetBeans-2\netbeans\java\maven\bin\mvnyjp
[2025-02-18 19:43:32.261]:         deleting directory: C:\Program Files\NetBeans-2\netbeans\java\update_tracking
[2025-02-18 19:43:32.261]:         deleting directory: C:\Program Files\NetBeans-2\netbeans\apisupport\ant\nblib
[2025-02-18 19:43:32.261]:         deleting file: C:\Program Files\NetBeans-2\netbeans\javafx\.lastModified
[2025-02-18 19:43:32.262]:         deleting file: C:\Program Files\NetBeans-2\netbeans\profiler\VERSION.txt
[2025-02-18 19:43:32.262]:         deleting directory: C:\Program Files\NetBeans-2\netbeans\java\config\Modules
[2025-02-18 19:43:32.262]:         deleting directory: C:\Program Files\NetBeans-2\netbeans\java\modules\gradle
[2025-02-18 19:43:32.262]:         deleting directory: C:\Program Files\NetBeans-2\netbeans\apisupport\modules
[2025-02-18 19:43:32.263]:         deleting directory: C:\Program Files\NetBeans-2\netbeans\profiler\ant\nblib
[2025-02-18 19:43:32.263]:         deleting directory: C:\Program Files\NetBeans-2\netbeans\ergonomics\modules
[2025-02-18 19:43:32.263]:         deleting directory: C:\Program Files\NetBeans-2\netbeans\java\maven\lib\ext
[2025-02-18 19:43:32.265]:         deleting file: C:\Program Files\NetBeans-2\netbeans\javafx\VERSION.txt
[2025-02-18 19:43:32.265]:         deleting file: C:\Program Files\NetBeans-2\netbeans\java\maven\LICENSE
[2025-02-18 19:43:32.266]:         deleting file: C:\Program Files\NetBeans-2\netbeans\java\maven\bin\mvn
[2025-02-18 19:43:32.267]:         deleting file: C:\Program Files\NetBeans-2\netbeans\java\.lastModified
[2025-02-18 19:43:32.267]:         deleting directory: C:\Program Files\NetBeans-2\netbeans\ergonomics\config
[2025-02-18 19:43:32.267]:         deleting directory: C:\Program Files\NetBeans-2\netbeans\apisupport\config
[2025-02-18 19:43:32.267]:         deleting file: C:\Program Files\NetBeans-2\netbeans\java\maven\NOTICE
[2025-02-18 19:43:32.268]:         deleting directory: C:\Program Files\NetBeans-2\netbeans\java\modules\ext
[2025-02-18 19:43:32.272]:         deleting directory: C:\Program Files\NetBeans-2\netbeans\profiler\modules
[2025-02-18 19:43:32.273]:         deleting directory: C:\Program Files\NetBeans-2\netbeans\java\sources\org
[2025-02-18 19:43:32.273]:         deleting directory: C:\Program Files\NetBeans-2\netbeans\java\maven-nblib
[2025-02-18 19:43:32.273]:         deleting file: C:\Program Files\NetBeans-2\netbeans\java\VERSION.txt
[2025-02-18 19:43:32.273]:         deleting directory: C:\Program Files\NetBeans-2\netbeans\profiler\config
[2025-02-18 19:43:32.274]:         deleting directory: C:\Program Files\NetBeans-2\netbeans\java\maven\conf
[2025-02-18 19:43:32.274]:         deleting directory: C:\Program Files\NetBeans-2\netbeans\java\maven\boot
[2025-02-18 19:43:32.274]:         deleting file: C:\Program Files\NetBeans-2\apisupport\.lastModified
[2025-02-18 19:43:32.274]:             ... file does not exist
[2025-02-18 19:43:32.274]:         deleting directory: C:\Program Files\NetBeans-2\netbeans\java\ant\extra
[2025-02-18 19:43:32.274]:         deleting directory: C:\Program Files\NetBeans-2\netbeans\javafx\modules
[2025-02-18 19:43:32.274]:         deleting directory: C:\Program Files\NetBeans-2\netbeans\apisupport\ant
[2025-02-18 19:43:32.275]:         deleting directory: C:\Program Files\NetBeans-2\netbeans\java\ant\nblib
[2025-02-18 19:43:32.275]:         deleting directory: C:\Program Files\NetBeans-2\netbeans\java\maven\lib
[2025-02-18 19:43:32.275]:         deleting directory: C:\Program Files\NetBeans-2\netbeans\java\maven\bin
[2025-02-18 19:43:32.275]:         deleting directory: C:\Program Files\NetBeans-2\netbeans\javafx\config
[2025-02-18 19:43:32.275]:         deleting directory: C:\Program Files\NetBeans-2\netbeans\java\patterns
[2025-02-18 19:43:32.275]:         deleting file: C:\Program Files\NetBeans-2\profiler\.lastModified
[2025-02-18 19:43:32.275]:             ... file does not exist
[2025-02-18 19:43:32.276]:         deleting directory: C:\Program Files\NetBeans-2\netbeans\java\modules
[2025-02-18 19:43:32.276]:         deleting directory: C:\Program Files\NetBeans-2\netbeans\profiler\lib
[2025-02-18 19:43:32.276]:         deleting directory: C:\Program Files\NetBeans-2\netbeans\java\sources
[2025-02-18 19:43:32.276]:         deleting directory: C:\Program Files\NetBeans-2\netbeans\profiler\ant
[2025-02-18 19:43:32.276]:         deleting directory: C:\Program Files\NetBeans-2\netbeans\java\scripts
[2025-02-18 19:43:32.277]:         deleting file: C:\Program Files\NetBeans-2\harness\.lastModified
[2025-02-18 19:43:32.277]:             ... file does not exist
[2025-02-18 19:43:32.277]:         deleting directory: C:\Program Files\NetBeans-2\netbeans\java\config
[2025-02-18 19:43:32.277]:         deleting directory: C:\Program Files\NetBeans-2\netbeans\apisupport
[2025-02-18 19:43:32.277]:         deleting directory: C:\Program Files\NetBeans-2\netbeans\ergonomics
[2025-02-18 19:43:32.277]:         deleting directory: C:\Program Files\NetBeans-2\netbeans\java\maven
[2025-02-18 19:43:32.277]:         deleting directory: C:\Program Files\NetBeans-2\netbeans\java\docs
[2025-02-18 19:43:32.278]:         deleting file: C:\Program Files\NetBeans-2\java\.lastModified
[2025-02-18 19:43:32.278]:             ... file does not exist
[2025-02-18 19:43:32.278]:         deleting directory: C:\Program Files\NetBeans-2\netbeans\profiler
[2025-02-18 19:43:32.278]:         deleting directory: C:\Program Files\NetBeans-2\netbeans\java\ant
[2025-02-18 19:43:32.278]:         deleting directory: C:\Program Files\NetBeans-2\netbeans\javafx
[2025-02-18 19:43:32.278]:         deleting directory: C:\Program Files\NetBeans-2\netbeans\java
[2025-02-18 19:43:32.278]:         deleting directory: C:\Program Files\NetBeans-2\netbeans
[2025-02-18 19:43:32.279]:         ... removing the system integration
[2025-02-18 19:43:32.279]:         ... removing installation files list
[2025-02-18 19:43:32.279]:         deleting file: C:\Users\Durgi\.nbi\product-cache\nb-javase\21.0.0.240215.0\installed-files.xml.gz
[2025-02-18 19:43:32.286]:     ...finished uninstallation of Java SE(nb-javase/21.0.0.240215.0)
[2025-02-18 19:43:32.492]:     NameResolver - to parse Uninstalling {0}
[2025-02-18 19:43:32.492]:     Start uninstallation of PHP(nb-php/21.0.0.240215.0)
[2025-02-18 19:43:32.502]:         ... running uninstallation logic
[2025-02-18 19:43:32.502]:         NameResolver - to parse C:\Program Files\NetBeans-21
[2025-02-18 19:43:32.502]:         System.getProperty(netbeans.default_userdir_root): C:\Users\Durgi\AppData\Roaming\NetBeans
[2025-02-18 19:43:32.502]:         NameResolver - to parse C:\Program Files\NetBeans-21
[2025-02-18 19:43:32.504]:         NameResolver - to parse C:\Program Files\NetBeans-21
[2025-02-18 19:43:32.504]:             child = apisupport
[2025-02-18 19:43:32.504]:             child = bin
[2025-02-18 19:43:32.504]:             child = cpplite
[2025-02-18 19:43:32.504]:             child = DEPENDENCIES
[2025-02-18 19:43:32.504]:             child = enterprise
[2025-02-18 19:43:32.504]:             child = ergonomics
[2025-02-18 19:43:32.504]:             child = etc
[2025-02-18 19:43:32.504]:             child = extide
[2025-02-18 19:43:32.504]:             child = groovy
[2025-02-18 19:43:32.504]:             child = harness
[2025-02-18 19:43:32.504]:             child = ide
[2025-02-18 19:43:32.504]:             child = java
[2025-02-18 19:43:32.504]:             child = javafx
[2025-02-18 19:43:32.504]:             child = LICENSE
[2025-02-18 19:43:32.504]:             child = licenses
[2025-02-18 19:43:32.505]:             child = nb
[2025-02-18 19:43:32.507]:         ... removing installation files
[2025-02-18 19:43:32.508]:         deleting file: C:\Program Files\NetBeans-2\netbeans\php\update_tracking\org-netbeans-modules-spellchecker-bindings-php.xml
[2025-02-18 19:43:32.511]:         deleting file: C:\Program Files\NetBeans-2\netbeans\php\config\Modules\org-netbeans-modules-spellchecker-bindings-php.xml
[2025-02-18 19:43:32.512]:         deleting file: C:\Program Files\NetBeans-2\netbeans\php\update_tracking\org-netbeans-modules-websvc-saas-codegen-php.xml
[2025-02-18 19:43:32.513]:         deleting file: C:\Program Files\NetBeans-2\netbeans\php\config\Modules\org-netbeans-modules-websvc-saas-codegen-php.xml
[2025-02-18 19:43:32.515]:         deleting file: C:\Program Files\NetBeans-2\netbeans\php\update_tracking\org-netbeans-modules-php-api-documentation.xml
[2025-02-18 19:43:32.516]:         deleting file: C:\Program Files\NetBeans-2\netbeans\php\config\Modules\org-netbeans-modules-php-api-documentation.xml
[2025-02-18 19:43:32.517]:         deleting file: C:\Program Files\NetBeans-2\netbeans\php\update_tracking\org-netbeans-modules-php-api-annotation.xml
[2025-02-18 19:43:32.518]:         deleting file: C:\Program Files\NetBeans-2\netbeans\php\update_tracking\org-netbeans-modules-php-api-executable.xml
[2025-02-18 19:43:32.520]:         deleting file: C:\Program Files\NetBeans-2\netbeans\php\config\Modules\org-netbeans-modules-php-api-annotation.xml
[2025-02-18 19:43:32.521]:         deleting file: C:\Program Files\NetBeans-2\netbeans\php\config\Modules\org-netbeans-modules-php-api-executable.xml
[2025-02-18 19:43:32.523]:         deleting file: C:\Program Files\NetBeans-2\netbeans\php\modules\org-netbeans-modules-spellchecker-bindings-php.jar
[2025-02-18 19:43:32.525]:         deleting file: C:\Program Files\NetBeans-2\netbeans\php\update_tracking\org-netbeans-modules-php-api-templates.xml
[2025-02-18 19:43:32.526]:         deleting file: C:\Program Files\NetBeans-2\netbeans\php\update_tracking\org-netbeans-modules-php-api-phpmodule.xml
[2025-02-18 19:43:32.527]:         deleting file: C:\Program Files\NetBeans-2\netbeans\php\update_tracking\org-netbeans-modules-php-code-analysis.xml
[2025-02-18 19:43:32.528]:         deleting file: C:\Program Files\NetBeans-2\netbeans\php\update_tracking\org-netbeans-modules-php-api-framework.xml
[2025-02-18 19:43:32.530]:         deleting file: C:\Program Files\NetBeans-2\netbeans\php\config\Modules\org-netbeans-modules-php-api-templates.xml
[2025-02-18 19:43:32.531]:         deleting file: C:\Program Files\NetBeans-2\netbeans\php\config\Modules\org-netbeans-modules-php-api-phpmodule.xml
[2025-02-18 19:43:32.532]:         deleting file: C:\Program Files\NetBeans-2\netbeans\php\config\Modules\org-netbeans-modules-php-code-analysis.xml
[2025-02-18 19:43:32.534]:         deleting file: C:\Program Files\NetBeans-2\netbeans\php\config\Modules\org-netbeans-modules-php-api-framework.xml
[2025-02-18 19:43:32.535]:         deleting file: C:\Program Files\NetBeans-2\netbeans\php\update_tracking\org-netbeans-modules-php-nette-tester.xml
[2025-02-18 19:43:32.536]:         deleting file: C:\Program Files\NetBeans-2\netbeans\php\config\Modules\org-netbeans-modules-php-nette-tester.xml
[2025-02-18 19:43:32.537]:         deleting file: C:\Program Files\NetBeans-2\netbeans\php\modules\org-netbeans-modules-websvc-saas-codegen-php.jar
[2025-02-18 19:43:32.538]:         deleting file: C:\Program Files\NetBeans-2\netbeans\php\update_tracking\org-netbeans-modules-php-api-testing.xml
[2025-02-18 19:43:32.540]:         deleting file: C:\Program Files\NetBeans-2\netbeans\php\update_tracking\org-netbeans-modules-php-refactoring.xml
[2025-02-18 19:43:32.541]:         deleting file: C:\Program Files\NetBeans-2\netbeans\php\update_tracking\org-netbeans-modules-php-codeception.xml
[2025-02-18 19:43:32.543]:         deleting file: C:\Program Files\NetBeans-2\netbeans\php\config\Modules\org-netbeans-modules-php-api-testing.xml
[2025-02-18 19:43:32.544]:         deleting file: C:\Program Files\NetBeans-2\netbeans\php\config\Modules\org-netbeans-modules-php-refactoring.xml
[2025-02-18 19:43:32.545]:         deleting file: C:\Program Files\NetBeans-2\netbeans\php\config\Modules\org-netbeans-modules-php-codeception.xml
[2025-02-18 19:43:32.546]:         deleting file: C:\Program Files\NetBeans-2\netbeans\php\update_tracking\org-netbeans-modules-php-api-editor.xml
[2025-02-18 19:43:32.547]:         deleting file: C:\Program Files\NetBeans-2\netbeans\php\update_tracking\org-netbeans-modules-languages-neon.xml
[2025-02-18 19:43:32.548]:         deleting file: C:\Program Files\NetBeans-2\netbeans\php\config\Modules\org-netbeans-modules-php-api-editor.xml
[2025-02-18 19:43:32.549]:         deleting file: C:\Program Files\NetBeans-2\netbeans\php\config\Modules\org-netbeans-modules-languages-neon.xml
[2025-02-18 19:43:32.550]:         deleting file: C:\Program Files\NetBeans-2\netbeans\php\modules\org-netbeans-modules-php-api-documentation.jar
[2025-02-18 19:43:32.552]:         deleting file: C:\Program Files\NetBeans-2\netbeans\php\update_tracking\org-netbeans-modules-php-doctrine2.xml
[2025-02-18 19:43:32.553]:         deleting file: C:\Program Files\NetBeans-2\netbeans\php\update_tracking\org-netbeans-modules-selenium2-php.xml
[2025-02-18 19:43:32.555]:         deleting file: C:\Program Files\NetBeans-2\netbeans\php\config\Modules\org-netbeans-modules-php-doctrine2.xml
[2025-02-18 19:43:32.556]:         deleting file: C:\Program Files\NetBeans-2\netbeans\php\config\Modules\org-netbeans-modules-selenium2-php.xml
[2025-02-18 19:43:32.556]:         deleting file: C:\Program Files\NetBeans-2\netbeans\php\update_tracking\org-netbeans-modules-php-composer.xml
[2025-02-18 19:43:32.557]:         deleting file: C:\Program Files\NetBeans-2\netbeans\php\update_tracking\org-netbeans-modules-php-symfony2.xml
[2025-02-18 19:43:32.559]:         deleting file: C:\Program Files\NetBeans-2\netbeans\php\config\Modules\org-netbeans-modules-php-composer.xml
[2025-02-18 19:43:32.560]:         deleting file: C:\Program Files\NetBeans-2\netbeans\php\config\Modules\org-netbeans-modules-php-symfony2.xml
[2025-02-18 19:43:32.561]:         deleting file: C:\Program Files\NetBeans-2\netbeans\php\update_tracking\org-netbeans-modules-php-samples.xml
[2025-02-18 19:43:32.562]:         deleting file: C:\Program Files\NetBeans-2\netbeans\php\update_tracking\org-netbeans-modules-php-symfony.xml
[2025-02-18 19:43:32.562]:         deleting file: C:\Program Files\NetBeans-2\netbeans\php\update_tracking\org-netbeans-modules-php-project.xml
[2025-02-18 19:43:32.563]:         deleting file: C:\Program Files\NetBeans-2\netbeans\php\update_tracking\org-netbeans-modules-php-phpunit.xml
[2025-02-18 19:43:32.564]:         deleting file: C:\Program Files\NetBeans-2\netbeans\php\config\Modules\org-netbeans-modules-php-samples.xml
[2025-02-18 19:43:32.565]:         deleting file: C:\Program Files\NetBeans-2\netbeans\php\config\Modules\org-netbeans-modules-php-symfony.xml
[2025-02-18 19:43:32.566]:         deleting file: C:\Program Files\NetBeans-2\netbeans\php\config\Modules\org-netbeans-modules-php-project.xml
[2025-02-18 19:43:32.566]:         deleting file: C:\Program Files\NetBeans-2\netbeans\php\config\Modules\org-netbeans-modules-php-phpunit.xml
[2025-02-18 19:43:32.567]:         deleting file: C:\Program Files\NetBeans-2\netbeans\php\modules\org-netbeans-modules-php-api-executable.jar
[2025-02-18 19:43:32.568]:         deleting file: C:\Program Files\NetBeans-2\netbeans\php\modules\org-netbeans-modules-php-api-annotation.jar
[2025-02-18 19:43:32.569]:         deleting file: C:\Program Files\NetBeans-2\netbeans\php\update_tracking\org-netbeans-modules-hudson-php.xml
[2025-02-18 19:43:32.570]:         deleting file: C:\Program Files\NetBeans-2\netbeans\php\update_tracking\org-netbeans-modules-php-apigen.xml
[2025-02-18 19:43:32.571]:         deleting file: C:\Program Files\NetBeans-2\netbeans\php\update_tracking\org-netbeans-modules-php-nette2.xml
[2025-02-18 19:43:32.571]:         deleting file: C:\Program Files\NetBeans-2\netbeans\php\update_tracking\org-netbeans-modules-php-phpdoc.xml
[2025-02-18 19:43:32.572]:         deleting file: C:\Program Files\NetBeans-2\netbeans\php\update_tracking\org-netbeans-modules-php-editor.xml
[2025-02-18 19:43:32.572]:         deleting file: C:\Program Files\NetBeans-2\netbeans\php\update_tracking\org-netbeans-modules-php-smarty.xml
[2025-02-18 19:43:32.573]:         deleting file: C:\Program Files\NetBeans-2\netbeans\php\config\Modules\org-netbeans-modules-hudson-php.xml
[2025-02-18 19:43:32.573]:         deleting file: C:\Program Files\NetBeans-2\netbeans\php\config\Modules\org-netbeans-modules-php-apigen.xml
[2025-02-18 19:43:32.574]:         deleting file: C:\Program Files\NetBeans-2\netbeans\php\config\Modules\org-netbeans-modules-php-nette2.xml
[2025-02-18 19:43:32.575]:         deleting file: C:\Program Files\NetBeans-2\netbeans\php\config\Modules\org-netbeans-modules-php-phpdoc.xml
[2025-02-18 19:43:32.576]:         deleting file: C:\Program Files\NetBeans-2\netbeans\php\config\Modules\org-netbeans-modules-php-editor.xml
[2025-02-18 19:43:32.576]:         deleting file: C:\Program Files\NetBeans-2\netbeans\php\config\Modules\org-netbeans-modules-php-smarty.xml
[2025-02-18 19:43:32.577]:         deleting file: C:\Program Files\NetBeans-2\netbeans\php\modules\org-netbeans-modules-php-api-templates.jar
[2025-02-18 19:43:32.577]:         deleting file: C:\Program Files\NetBeans-2\netbeans\php\modules\org-netbeans-modules-php-api-phpmodule.jar
[2025-02-18 19:43:32.578]:         deleting file: C:\Program Files\NetBeans-2\netbeans\php\modules\org-netbeans-modules-php-api-framework.jar
[2025-02-18 19:43:32.579]:         deleting file: C:\Program Files\NetBeans-2\netbeans\php\modules\org-netbeans-modules-php-code-analysis.jar
[2025-02-18 19:43:32.579]:         deleting file: C:\Program Files\NetBeans-2\netbeans\php\update_tracking\org-netbeans-modules-php-latte.xml
[2025-02-18 19:43:32.580]:         deleting file: C:\Program Files\NetBeans-2\netbeans\php\update_tracking\org-netbeans-modules-php-atoum.xml
[2025-02-18 19:43:32.580]:         deleting file: C:\Program Files\NetBeans-2\netbeans\php\update_tracking\org-netbeans-modules-php-zend2.xml
[2025-02-18 19:43:32.581]:         deleting file: C:\Program Files\NetBeans-2\netbeans\php\update_tracking\org-netbeans-modules-php-phing.xml
[2025-02-18 19:43:32.581]:         deleting file: C:\Program Files\NetBeans-2\netbeans\php\config\Modules\org-netbeans-modules-php-latte.xml
[2025-02-18 19:43:32.582]:         deleting file: C:\Program Files\NetBeans-2\netbeans\php\config\Modules\org-netbeans-modules-php-atoum.xml
[2025-02-18 19:43:32.582]:         deleting file: C:\Program Files\NetBeans-2\netbeans\php\config\Modules\org-netbeans-modules-php-zend2.xml
[2025-02-18 19:43:32.583]:         deleting file: C:\Program Files\NetBeans-2\netbeans\php\config\Modules\org-netbeans-modules-php-phing.xml
[2025-02-18 19:43:32.583]:         deleting file: C:\Program Files\NetBeans-2\netbeans\php\modules\org-netbeans-modules-php-nette-tester.jar
[2025-02-18 19:43:32.584]:         deleting file: C:\Program Files\NetBeans-2\netbeans\php\update_tracking\org-netbeans-modules-php-twig.xml
[2025-02-18 19:43:32.584]:         deleting file: C:\Program Files\NetBeans-2\netbeans\php\update_tracking\org-netbeans-modules-php-dbgp.xml
[2025-02-18 19:43:32.586]:         deleting file: C:\Program Files\NetBeans-2\netbeans\php\update_tracking\org-netbeans-modules-php-zend.xml
[2025-02-18 19:43:32.586]:         deleting file: C:\Program Files\NetBeans-2\netbeans\php\config\Modules\org-netbeans-modules-php-twig.xml
[2025-02-18 19:43:32.588]:         deleting file: C:\Program Files\NetBeans-2\netbeans\php\config\Modules\org-netbeans-modules-php-dbgp.xml
[2025-02-18 19:43:32.588]:         deleting file: C:\Program Files\NetBeans-2\netbeans\php\config\Modules\org-netbeans-modules-php-zend.xml
[2025-02-18 19:43:32.589]:         deleting file: C:\Program Files\NetBeans-2\netbeans\php\modules\org-netbeans-modules-php-refactoring.jar
[2025-02-18 19:43:32.590]:         deleting file: C:\Program Files\NetBeans-2\netbeans\php\modules\org-netbeans-modules-php-api-testing.jar
[2025-02-18 19:43:32.591]:         deleting file: C:\Program Files\NetBeans-2\netbeans\php\modules\org-netbeans-modules-php-codeception.jar
[2025-02-18 19:43:32.591]:         deleting file: C:\Program Files\NetBeans-2\netbeans\php\update_tracking\org-netbeans-modules-php-kit.xml
[2025-02-18 19:43:32.592]:         deleting file: C:\Program Files\NetBeans-2\netbeans\php\config\Modules\org-netbeans-modules-php-kit.xml
[2025-02-18 19:43:32.592]:         deleting file: C:\Program Files\NetBeans-2\netbeans\php\modules\org-netbeans-modules-php-api-editor.jar
[2025-02-18 19:43:32.593]:         deleting file: C:\Program Files\NetBeans-2\netbeans\php\modules\org-netbeans-modules-languages-neon.jar
[2025-02-18 19:43:32.593]:         deleting file: C:\Program Files\NetBeans-2\netbeans\php\modules\org-netbeans-modules-php-doctrine2.jar
[2025-02-18 19:43:32.594]:         deleting file: C:\Program Files\NetBeans-2\netbeans\php\modules\org-netbeans-modules-selenium2-php.jar
[2025-02-18 19:43:32.595]:         deleting file: C:\Program Files\NetBeans-2\netbeans\php\modules\org-netbeans-modules-php-composer.jar
[2025-02-18 19:43:32.595]:         deleting file: C:\Program Files\NetBeans-2\netbeans\php\modules\org-netbeans-modules-php-symfony2.jar
[2025-02-18 19:43:32.596]:         deleting file: C:\Program Files\NetBeans-2\netbeans\php\update_tracking\org-netbeans-libs-javacup.xml
[2025-02-18 19:43:32.599]:         deleting file: C:\Program Files\NetBeans-2\netbeans\php\config\Modules\org-netbeans-libs-javacup.xml
[2025-02-18 19:43:32.600]:         deleting file: C:\Program Files\NetBeans-2\netbeans\php\modules\org-netbeans-modules-php-phpunit.jar
[2025-02-18 19:43:32.600]:         deleting file: C:\Program Files\NetBeans-2\netbeans\php\modules\org-netbeans-modules-php-symfony.jar
[2025-02-18 19:43:32.601]:         deleting file: C:\Program Files\NetBeans-2\netbeans\php\modules\org-netbeans-modules-php-samples.jar
[2025-02-18 19:43:32.601]:         deleting file: C:\Program Files\NetBeans-2\netbeans\php\modules\org-netbeans-modules-php-project.jar
[2025-02-18 19:43:32.601]:         deleting file: C:\Program Files\NetBeans-2\netbeans\php\modules\org-netbeans-modules-php-phpdoc.jar
[2025-02-18 19:43:32.602]:         deleting file: C:\Program Files\NetBeans-2\netbeans\php\modules\org-netbeans-modules-php-apigen.jar
[2025-02-18 19:43:32.603]:         deleting file: C:\Program Files\NetBeans-2\netbeans\php\modules\org-netbeans-modules-php-nette2.jar
[2025-02-18 19:43:32.603]:         deleting file: C:\Program Files\NetBeans-2\netbeans\php\modules\org-netbeans-modules-php-editor.jar
[2025-02-18 19:43:32.604]:         deleting file: C:\Program Files\NetBeans-2\netbeans\php\modules\org-netbeans-modules-hudson-php.jar
[2025-02-18 19:43:32.605]:         deleting file: C:\Program Files\NetBeans-2\netbeans\php\modules\org-netbeans-modules-php-smarty.jar
[2025-02-18 19:43:32.605]:         deleting file: C:\Program Files\NetBeans-2\netbeans\php\modules\org-netbeans-modules-php-atoum.jar
[2025-02-18 19:43:32.605]:         deleting file: C:\Program Files\NetBeans-2\netbeans\php\modules\org-netbeans-modules-php-zend2.jar
[2025-02-18 19:43:32.606]:         deleting file: C:\Program Files\NetBeans-2\netbeans\php\modules\org-netbeans-modules-php-phing.jar
[2025-02-18 19:43:32.606]:         deleting file: C:\Program Files\NetBeans-2\netbeans\php\modules\org-netbeans-modules-php-latte.jar
[2025-02-18 19:43:32.606]:         deleting file: C:\Program Files\NetBeans-2\netbeans\php\modules\org-netbeans-modules-php-dbgp.jar
[2025-02-18 19:43:32.607]:         deleting file: C:\Program Files\NetBeans-2\netbeans\php\modules\org-netbeans-modules-php-zend.jar
[2025-02-18 19:43:32.608]:         deleting file: C:\Program Files\NetBeans-2\netbeans\php\modules\org-netbeans-modules-php-twig.jar
[2025-02-18 19:43:32.608]:         deleting file: C:\Program Files\NetBeans-2\netbeans\php\modules\org-netbeans-modules-php-kit.jar
[2025-02-18 19:43:32.608]:         deleting file: C:\Program Files\NetBeans-2\netbeans\php\modules\org-netbeans-libs-javacup.jar
[2025-02-18 19:43:32.609]:         deleting file: C:\Program Files\NetBeans-2\netbeans\php\zend\NetBeansCommandsProvider.php
[2025-02-18 19:43:32.609]:         deleting file: C:\Program Files\NetBeans-2\netbeans\php\modules\ext\java-cup-11a.jar
[2025-02-18 19:43:32.610]:         deleting file: C:\Program Files\NetBeans-2\netbeans\php\phpunit\NetBeansSuite.php
[2025-02-18 19:43:32.610]:         deleting file: C:\Program Files\NetBeans-2\netbeans\php\docs\predefined_vars.zip
[2025-02-18 19:43:32.611]:         deleting file: C:\Program Files\NetBeans-2\netbeans\php\docs\phpsigfiles.zip
[2025-02-18 19:43:32.611]:         deleting directory: C:\Program Files\NetBeans-2\netbeans\php\update_tracking
[2025-02-18 19:43:32.611]:         deleting directory: C:\Program Files\NetBeans-2\netbeans\php\config\Modules
[2025-02-18 19:43:32.611]:         deleting file: C:\Program Files\NetBeans-2\netbeans\php\.lastModified
[2025-02-18 19:43:32.612]:         deleting directory: C:\Program Files\NetBeans-2\netbeans\php\modules\ext
[2025-02-18 19:43:32.612]:         deleting file: C:\Program Files\NetBeans-2\netbeans\php\VERSION.txt
[2025-02-18 19:43:32.612]:         deleting directory: C:\Program Files\NetBeans-2\netbeans\php\modules
[2025-02-18 19:43:32.612]:         deleting directory: C:\Program Files\NetBeans-2\netbeans\php\phpunit
[2025-02-18 19:43:32.613]:         deleting directory: C:\Program Files\NetBeans-2\netbeans\php\config
[2025-02-18 19:43:32.613]:         deleting directory: C:\Program Files\NetBeans-2\netbeans\php\zend
[2025-02-18 19:43:32.613]:         deleting directory: C:\Program Files\NetBeans-2\netbeans\php\docs
[2025-02-18 19:43:32.613]:         deleting file: C:\Program Files\NetBeans-2\php\.lastModified
[2025-02-18 19:43:32.613]:             ... file does not exist
[2025-02-18 19:43:32.617]:         deleting directory: C:\Program Files\NetBeans-2\netbeans\php
[2025-02-18 19:43:32.617]:         deleting directory: C:\Program Files\NetBeans-2\netbeans
[2025-02-18 19:43:32.618]:         ... removing the system integration
[2025-02-18 19:43:32.618]:         ... removing installation files list
[2025-02-18 19:43:32.618]:         deleting file: C:\Users\Durgi\.nbi\product-cache\nb-php\21.0.0.240215.0\installed-files.xml.gz
[2025-02-18 19:43:32.618]:     ...finished uninstallation of PHP(nb-php/21.0.0.240215.0)
[2025-02-18 19:43:32.819]:     NameResolver - to parse Uninstalling {0}
[2025-02-18 19:43:32.819]:     Start uninstallation of HTML5/JavaScript(nb-webcommon/21.0.0.240215.0)
[2025-02-18 19:43:32.825]:         ... running uninstallation logic
[2025-02-18 19:43:32.825]:         NameResolver - to parse C:\Program Files\NetBeans-21
[2025-02-18 19:43:32.826]:         System.getProperty(netbeans.default_userdir_root): C:\Users\Durgi\AppData\Roaming\NetBeans
[2025-02-18 19:43:32.826]:         NameResolver - to parse C:\Program Files\NetBeans-21
[2025-02-18 19:43:32.826]:         NameResolver - to parse C:\Program Files\NetBeans-21
[2025-02-18 19:43:32.828]:             child = apisupport
[2025-02-18 19:43:32.828]:             child = bin
[2025-02-18 19:43:32.828]:             child = cpplite
[2025-02-18 19:43:32.828]:             child = DEPENDENCIES
[2025-02-18 19:43:32.828]:             child = enterprise
[2025-02-18 19:43:32.828]:             child = ergonomics
[2025-02-18 19:43:32.828]:             child = etc
[2025-02-18 19:43:32.828]:             child = extide
[2025-02-18 19:43:32.828]:             child = groovy
[2025-02-18 19:43:32.828]:             child = harness
[2025-02-18 19:43:32.828]:             child = ide
[2025-02-18 19:43:32.828]:             child = java
[2025-02-18 19:43:32.828]:             child = javafx
[2025-02-18 19:43:32.828]:             child = LICENSE
[2025-02-18 19:43:32.828]:             child = licenses
[2025-02-18 19:43:32.828]:             child = nb
[2025-02-18 19:43:32.831]:         ... removing installation files
[2025-02-18 19:43:32.834]:         deleting file: C:\Program Files\NetBeans-2\netbeans\webcommon\typescript-lsp\node_modules\typescript\loc\lcl\KOR\TypeScriptLanguageService\Microsoft.CodeAnalysis.TypeScript.EditorFeatures.dll.lcl
[2025-02-18 19:43:32.836]:         deleting file: C:\Program Files\NetBeans-2\netbeans\webcommon\typescript-lsp\node_modules\typescript\loc\lcl\FRA\TypeScriptLanguageService\Microsoft.CodeAnalysis.TypeScript.EditorFeatures.dll.lcl
[2025-02-18 19:43:32.838]:         deleting file: C:\Program Files\NetBeans-2\netbeans\webcommon\typescript-lsp\node_modules\typescript\loc\lcl\JPN\TypeScriptLanguageService\Microsoft.CodeAnalysis.TypeScript.EditorFeatures.dll.lcl
[2025-02-18 19:43:32.839]:         deleting file: C:\Program Files\NetBeans-2\netbeans\webcommon\typescript-lsp\node_modules\typescript\loc\lcl\CHS\TypeScriptLanguageService\Microsoft.CodeAnalysis.TypeScript.EditorFeatures.dll.lcl
[2025-02-18 19:43:32.841]:         deleting file: C:\Program Files\NetBeans-2\netbeans\webcommon\typescript-lsp\node_modules\typescript\loc\lcl\CSY\TypeScriptLanguageService\Microsoft.CodeAnalysis.TypeScript.EditorFeatures.dll.lcl
[2025-02-18 19:43:32.844]:         deleting file: C:\Program Files\NetBeans-2\netbeans\webcommon\typescript-lsp\node_modules\typescript\loc\lcl\RUS\TypeScriptLanguageService\Microsoft.CodeAnalysis.TypeScript.EditorFeatures.dll.lcl
[2025-02-18 19:43:32.846]:         deleting file: C:\Program Files\NetBeans-2\netbeans\webcommon\typescript-lsp\node_modules\typescript\loc\lcl\PTB\TypeScriptLanguageService\Microsoft.CodeAnalysis.TypeScript.EditorFeatures.dll.lcl
[2025-02-18 19:43:32.848]:         deleting file: C:\Program Files\NetBeans-2\netbeans\webcommon\typescript-lsp\node_modules\typescript\loc\lcl\PLK\TypeScriptLanguageService\Microsoft.CodeAnalysis.TypeScript.EditorFeatures.dll.lcl
[2025-02-18 19:43:32.850]:         deleting file: C:\Program Files\NetBeans-2\netbeans\webcommon\typescript-lsp\node_modules\typescript\loc\lcl\TRK\TypeScriptLanguageService\Microsoft.CodeAnalysis.TypeScript.EditorFeatures.dll.lcl
[2025-02-18 19:43:32.851]:         deleting file: C:\Program Files\NetBeans-2\netbeans\webcommon\typescript-lsp\node_modules\typescript\loc\lcl\CHT\TypeScriptLanguageService\Microsoft.CodeAnalysis.TypeScript.EditorFeatures.dll.lcl
[2025-02-18 19:43:32.852]:         deleting file: C:\Program Files\NetBeans-2\netbeans\webcommon\typescript-lsp\node_modules\typescript\loc\lcl\DEU\TypeScriptLanguageService\Microsoft.CodeAnalysis.TypeScript.EditorFeatures.dll.lcl
[2025-02-18 19:43:32.854]:         deleting file: C:\Program Files\NetBeans-2\netbeans\webcommon\typescript-lsp\node_modules\typescript\loc\lcl\ITA\TypeScriptLanguageService\Microsoft.CodeAnalysis.TypeScript.EditorFeatures.dll.lcl
[2025-02-18 19:43:32.855]:         deleting file: C:\Program Files\NetBeans-2\netbeans\webcommon\typescript-lsp\node_modules\typescript\loc\lcl\ESN\TypeScriptLanguageService\Microsoft.CodeAnalysis.TypeScript.EditorFeatures.dll.lcl
[2025-02-18 19:43:32.856]:         deleting file: C:\Program Files\NetBeans-2\netbeans\webcommon\typescript-lsp\node_modules\typescript\loc\lcl\KOR\TypeScriptDebugEngine\TypeScriptDebugEngine.dll.lcl
[2025-02-18 19:43:32.857]:         deleting file: C:\Program Files\NetBeans-2\netbeans\webcommon\typescript-lsp\node_modules\typescript\loc\lcl\FRA\TypeScriptDebugEngine\TypeScriptDebugEngine.dll.lcl
[2025-02-18 19:43:32.857]:         deleting file: C:\Program Files\NetBeans-2\netbeans\webcommon\typescript-lsp\node_modules\typescript\loc\lcl\JPN\TypeScriptDebugEngine\TypeScriptDebugEngine.dll.lcl
[2025-02-18 19:43:32.858]:         deleting file: C:\Program Files\NetBeans-2\netbeans\webcommon\typescript-lsp\node_modules\typescript\loc\lcl\CHS\TypeScriptDebugEngine\TypeScriptDebugEngine.dll.lcl
[2025-02-18 19:43:32.859]:         deleting file: C:\Program Files\NetBeans-2\netbeans\webcommon\typescript-lsp\node_modules\typescript\loc\lcl\CSY\TypeScriptDebugEngine\TypeScriptDebugEngine.dll.lcl
[2025-02-18 19:43:32.860]:         deleting file: C:\Program Files\NetBeans-2\netbeans\webcommon\typescript-lsp\node_modules\typescript\loc\lcl\RUS\TypeScriptDebugEngine\TypeScriptDebugEngine.dll.lcl
[2025-02-18 19:43:32.860]:         deleting file: C:\Program Files\NetBeans-2\netbeans\webcommon\typescript-lsp\node_modules\typescript\loc\lcl\PTB\TypeScriptDebugEngine\TypeScriptDebugEngine.dll.lcl
[2025-02-18 19:43:32.862]:         deleting file: C:\Program Files\NetBeans-2\netbeans\webcommon\typescript-lsp\node_modules\typescript\loc\lcl\PLK\TypeScriptDebugEngine\TypeScriptDebugEngine.dll.lcl
[2025-02-18 19:43:32.862]:         deleting file: C:\Program Files\NetBeans-2\netbeans\webcommon\typescript-lsp\node_modules\typescript\loc\lcl\TRK\TypeScriptDebugEngine\TypeScriptDebugEngine.dll.lcl
[2025-02-18 19:43:32.864]:         deleting file: C:\Program Files\NetBeans-2\netbeans\webcommon\typescript-lsp\node_modules\typescript\loc\lcl\CHT\TypeScriptDebugEngine\TypeScriptDebugEngine.dll.lcl
[2025-02-18 19:43:32.864]:         deleting file: C:\Program Files\NetBeans-2\netbeans\webcommon\typescript-lsp\node_modules\typescript\loc\lcl\DEU\TypeScriptDebugEngine\TypeScriptDebugEngine.dll.lcl
[2025-02-18 19:43:32.865]:         deleting file: C:\Program Files\NetBeans-2\netbeans\webcommon\typescript-lsp\node_modules\typescript\loc\lcl\ITA\TypeScriptDebugEngine\TypeScriptDebugEngine.dll.lcl
[2025-02-18 19:43:32.866]:         deleting file: C:\Program Files\NetBeans-2\netbeans\webcommon\typescript-lsp\node_modules\typescript\loc\lcl\ESN\TypeScriptDebugEngine\TypeScriptDebugEngine.dll.lcl
[2025-02-18 19:43:32.868]:         deleting file: C:\Program Files\NetBeans-2\netbeans\webcommon\typescript-lsp\node_modules\vscode-languageserver-protocol\lib\common\protocol.linkedEditingRange.d.ts
[2025-02-18 19:43:32.869]:         deleting file: C:\Program Files\NetBeans-2\netbeans\webcommon\typescript-lsp\node_modules\vscode-languageserver-protocol\lib\common\protocol.linkedEditingRange.js
[2025-02-18 19:43:32.871]:         deleting file: C:\Program Files\NetBeans-2\netbeans\webcommon\typescript-lsp\node_modules\vscode-languageserver-protocol\lib\common\protocol.workspaceFolders.d.ts
[2025-02-18 19:43:32.872]:         deleting file: C:\Program Files\NetBeans-2\netbeans\webcommon\typescript-lsp\node_modules\vscode-languageserver-protocol\lib\common\protocol.selectionRange.d.ts
[2025-02-18 19:43:32.872]:         deleting file: C:\Program Files\NetBeans-2\netbeans\webcommon\typescript-lsp\node_modules\vscode-languageserver-protocol\lib\common\protocol.typeDefinition.d.ts
[2025-02-18 19:43:32.874]:         deleting file: C:\Program Files\NetBeans-2\netbeans\webcommon\typescript-lsp\node_modules\vscode-languageserver-protocol\lib\common\protocol.semanticTokens.d.ts
[2025-02-18 19:43:32.875]:         deleting file: C:\Program Files\NetBeans-2\netbeans\webcommon\typescript-lsp\node_modules\vscode-languageserver-protocol\lib\common\protocol.workspaceFolders.js
[2025-02-18 19:43:32.876]:         deleting file: C:\Program Files\NetBeans-2\netbeans\webcommon\typescript-lsp\node_modules\vscode-languageserver-protocol\lib\common\protocol.implementation.d.ts
[2025-02-18 19:43:32.877]:         deleting file: C:\Program Files\NetBeans-2\netbeans\webcommon\typescript-lsp\node_modules\vscode-languageserver-protocol\lib\common\protocol.fileOperations.d.ts
[2025-02-18 19:43:32.878]:         deleting file: C:\Program Files\NetBeans-2\netbeans\webcommon\typescript-lsp\node_modules\vscode-languageserver-protocol\lib\common\protocol.callHierarchy.d.ts
[2025-02-18 19:43:32.879]:         deleting file: C:\Program Files\NetBeans-2\netbeans\webcommon\typescript-lsp\node_modules\vscode-languageserver-protocol\lib\common\protocol.colorProvider.d.ts
[2025-02-18 19:43:32.880]:         deleting file: C:\Program Files\NetBeans-2\netbeans\webcommon\typescript-lsp\node_modules\vscode-languageserver-protocol\lib\common\protocol.configuration.d.ts
[2025-02-18 19:43:32.881]:         deleting file: C:\Program Files\NetBeans-2\netbeans\webcommon\typescript-lsp\node_modules\vscode-languageserver-protocol\lib\common\protocol.selectionRange.js
[2025-02-18 19:43:32.882]:         deleting file: C:\Program Files\NetBeans-2\netbeans\webcommon\typescript-lsp\node_modules\vscode-languageserver-protocol\lib\common\protocol.showDocument.d.ts
[2025-02-18 19:43:32.883]:         deleting file: C:\Program Files\NetBeans-2\netbeans\webcommon\typescript-lsp\node_modules\vscode-languageserver-protocol\lib\common\protocol.fileOperations.js
[2025-02-18 19:43:32.884]:         deleting file: C:\Program Files\NetBeans-2\netbeans\webcommon\typescript-lsp\node_modules\vscode-languageserver-protocol\lib\common\protocol.semanticTokens.js
[2025-02-18 19:43:32.885]:         deleting file: C:\Program Files\NetBeans-2\netbeans\webcommon\typescript-lsp\node_modules\vscode-languageserver-protocol\lib\common\protocol.foldingRange.d.ts
[2025-02-18 19:43:32.885]:         deleting file: C:\Program Files\NetBeans-2\netbeans\webcommon\typescript-lsp\node_modules\vscode-languageserver-protocol\lib\common\protocol.typeDefinition.js
[2025-02-18 19:43:32.886]:         deleting file: C:\Program Files\NetBeans-2\netbeans\webcommon\typescript-lsp\node_modules\vscode-languageserver-protocol\lib\common\protocol.implementation.js
[2025-02-18 19:43:32.887]:         deleting file: C:\Program Files\NetBeans-2\netbeans\webcommon\typescript-lsp\node_modules\typescript-language-server\lib\lsp-protocol.calls.proposed.d.ts.map
[2025-02-18 19:43:32.888]:         deleting file: C:\Program Files\NetBeans-2\netbeans\webcommon\typescript-lsp\node_modules\typescript\loc\lcl\KOR\Targets\TypeScriptProjectProperties.xaml.lcl
[2025-02-18 19:43:32.889]:         deleting file: C:\Program Files\NetBeans-2\netbeans\webcommon\typescript-lsp\node_modules\typescript\loc\lcl\FRA\Targets\TypeScriptProjectProperties.xaml.lcl
[2025-02-18 19:43:32.890]:         deleting file: C:\Program Files\NetBeans-2\netbeans\webcommon\typescript-lsp\node_modules\typescript\loc\lcl\JPN\Targets\TypeScriptProjectProperties.xaml.lcl
[2025-02-18 19:43:32.891]:         deleting file: C:\Program Files\NetBeans-2\netbeans\webcommon\typescript-lsp\node_modules\typescript\loc\lcl\CHS\Targets\TypeScriptProjectProperties.xaml.lcl
[2025-02-18 19:43:32.891]:         deleting file: C:\Program Files\NetBeans-2\netbeans\webcommon\typescript-lsp\node_modules\typescript\loc\lcl\CSY\Targets\TypeScriptProjectProperties.xaml.lcl
[2025-02-18 19:43:32.892]:         deleting file: C:\Program Files\NetBeans-2\netbeans\webcommon\typescript-lsp\node_modules\typescript\loc\lcl\RUS\Targets\TypeScriptProjectProperties.xaml.lcl
[2025-02-18 19:43:32.892]:         deleting file: C:\Program Files\NetBeans-2\netbeans\webcommon\typescript-lsp\node_modules\typescript\loc\lcl\PTB\Targets\TypeScriptProjectProperties.xaml.lcl
[2025-02-18 19:43:32.893]:         deleting file: C:\Program Files\NetBeans-2\netbeans\webcommon\typescript-lsp\node_modules\typescript\loc\lcl\PLK\Targets\TypeScriptProjectProperties.xaml.lcl
[2025-02-18 19:43:32.894]:         deleting file: C:\Program Files\NetBeans-2\netbeans\webcommon\typescript-lsp\node_modules\typescript\loc\lcl\TRK\Targets\TypeScriptProjectProperties.xaml.lcl
[2025-02-18 19:43:32.894]:         deleting file: C:\Program Files\NetBeans-2\netbeans\webcommon\typescript-lsp\node_modules\typescript\loc\lcl\CHT\Targets\TypeScriptProjectProperties.xaml.lcl
[2025-02-18 19:43:32.895]:         deleting file: C:\Program Files\NetBeans-2\netbeans\webcommon\typescript-lsp\node_modules\typescript\loc\lcl\DEU\Targets\TypeScriptProjectProperties.xaml.lcl
[2025-02-18 19:43:32.895]:         deleting file: C:\Program Files\NetBeans-2\netbeans\webcommon\typescript-lsp\node_modules\typescript\loc\lcl\ITA\Targets\TypeScriptProjectProperties.xaml.lcl
[2025-02-18 19:43:32.896]:         deleting file: C:\Program Files\NetBeans-2\netbeans\webcommon\typescript-lsp\node_modules\typescript\loc\lcl\ESN\Targets\TypeScriptProjectProperties.xaml.lcl
[2025-02-18 19:43:32.897]:         deleting file: C:\Program Files\NetBeans-2\netbeans\webcommon\typescript-lsp\node_modules\vscode-languageserver-protocol\lib\common\protocol.declaration.d.ts
[2025-02-18 19:43:32.897]:         deleting file: C:\Program Files\NetBeans-2\netbeans\webcommon\typescript-lsp\node_modules\vscode-languageserver-protocol\lib\common\protocol.colorProvider.js
[2025-02-18 19:43:32.898]:         deleting file: C:\Program Files\NetBeans-2\netbeans\webcommon\typescript-lsp\node_modules\vscode-languageserver-protocol\lib\common\protocol.configuration.js
[2025-02-18 19:43:32.898]:         deleting file: C:\Program Files\NetBeans-2\netbeans\webcommon\typescript-lsp\node_modules\vscode-languageserver-protocol\lib\common\protocol.callHierarchy.js
[2025-02-18 19:43:32.898]:         deleting file: C:\Program Files\NetBeans-2\netbeans\webcommon\typescript-lsp\node_modules\vscode-languageserver-protocol\lib\common\protocol.foldingRange.js
[2025-02-18 19:43:32.899]:         deleting file: C:\Program Files\NetBeans-2\netbeans\webcommon\typescript-lsp\node_modules\vscode-languageserver-protocol\lib\common\protocol.showDocument.js
[2025-02-18 19:43:32.899]:         deleting file: C:\Program Files\NetBeans-2\netbeans\webcommon\typescript-lsp\node_modules\typescript-language-server\lib\lsp-protocol.calls.proposed.js.map
[2025-02-18 19:43:32.900]:         deleting file: C:\Program Files\NetBeans-2\netbeans\webcommon\typescript-lsp\node_modules\vscode-languageserver-protocol\lib\common\protocol.declaration.js
[2025-02-18 19:43:32.900]:         deleting file: C:\Program Files\NetBeans-2\netbeans\webcommon\typescript-lsp\node_modules\vscode-languageserver-protocol\lib\common\protocol.progress.d.ts
[2025-02-18 19:43:32.900]:         deleting file: C:\Program Files\NetBeans-2\netbeans\webcommon\typescript-lsp\node_modules\typescript-language-server\lib\lsp-protocol.calls.proposed.d.ts
[2025-02-18 19:43:32.901]:         deleting file: C:\Program Files\NetBeans-2\netbeans\webcommon\typescript-lsp\node_modules\typescript\loc\lcl\KOR\TypeScriptTasks\TypeScript.Tasks.dll.lcl
[2025-02-18 19:43:32.902]:         deleting file: C:\Program Files\NetBeans-2\netbeans\webcommon\typescript-lsp\node_modules\typescript\loc\lcl\FRA\TypeScriptTasks\TypeScript.Tasks.dll.lcl
[2025-02-18 19:43:32.902]:         deleting file: C:\Program Files\NetBeans-2\netbeans\webcommon\typescript-lsp\node_modules\typescript\loc\lcl\JPN\TypeScriptTasks\TypeScript.Tasks.dll.lcl
[2025-02-18 19:43:32.902]:         deleting file: C:\Program Files\NetBeans-2\netbeans\webcommon\typescript-lsp\node_modules\typescript\loc\lcl\CHS\TypeScriptTasks\TypeScript.Tasks.dll.lcl
[2025-02-18 19:43:32.903]:         deleting file: C:\Program Files\NetBeans-2\netbeans\webcommon\typescript-lsp\node_modules\typescript\loc\lcl\CSY\TypeScriptTasks\TypeScript.Tasks.dll.lcl
[2025-02-18 19:43:32.904]:         deleting file: C:\Program Files\NetBeans-2\netbeans\webcommon\typescript-lsp\node_modules\typescript\loc\lcl\RUS\TypeScriptTasks\TypeScript.Tasks.dll.lcl
[2025-02-18 19:43:32.904]:         deleting file: C:\Program Files\NetBeans-2\netbeans\webcommon\typescript-lsp\node_modules\typescript\loc\lcl\PTB\TypeScriptTasks\TypeScript.Tasks.dll.lcl
[2025-02-18 19:43:32.905]:         deleting file: C:\Program Files\NetBeans-2\netbeans\webcommon\typescript-lsp\node_modules\typescript\loc\lcl\PLK\TypeScriptTasks\TypeScript.Tasks.dll.lcl
[2025-02-18 19:43:32.905]:         deleting file: C:\Program Files\NetBeans-2\netbeans\webcommon\typescript-lsp\node_modules\typescript\loc\lcl\TRK\TypeScriptTasks\TypeScript.Tasks.dll.lcl
[2025-02-18 19:43:32.911]:         deleting file: C:\Program Files\NetBeans-2\netbeans\webcommon\typescript-lsp\node_modules\typescript\loc\lcl\CHT\TypeScriptTasks\TypeScript.Tasks.dll.lcl
[2025-02-18 19:43:32.912]:         deleting file: C:\Program Files\NetBeans-2\netbeans\webcommon\typescript-lsp\node_modules\typescript\loc\lcl\DEU\TypeScriptTasks\TypeScript.Tasks.dll.lcl
[2025-02-18 19:43:32.912]:         deleting file: C:\Program Files\NetBeans-2\netbeans\webcommon\typescript-lsp\node_modules\typescript\loc\lcl\ITA\TypeScriptTasks\TypeScript.Tasks.dll.lcl
[2025-02-18 19:43:32.913]:         deleting file: C:\Program Files\NetBeans-2\netbeans\webcommon\typescript-lsp\node_modules\typescript\loc\lcl\ESN\TypeScriptTasks\TypeScript.Tasks.dll.lcl
[2025-02-18 19:43:32.914]:         deleting file: C:\Program Files\NetBeans-2\netbeans\webcommon\typescript-lsp\node_modules\vscode-languageserver-protocol\lib\common\protocol.moniker.d.ts
[2025-02-18 19:43:32.914]:         deleting file: C:\Program Files\NetBeans-2\netbeans\webcommon\typescript-lsp\node_modules\vscode-languageserver-protocol\lib\common\protocol.progress.js
[2025-02-18 19:43:32.914]:         deleting file: C:\Program Files\NetBeans-2\netbeans\webcommon\typescript-lsp\node_modules\typescript-language-server\lib\lsp-protocol.calls.proposed.js
[2025-02-18 19:43:32.915]:         deleting file: C:\Program Files\NetBeans-2\netbeans\webcommon\typescript-lsp\node_modules\typescript-language-server\lib\modules-resolver.spec.d.ts.map
[2025-02-18 19:43:32.916]:         deleting file: C:\Program Files\NetBeans-2\netbeans\webcommon\typescript-lsp\node_modules\vscode-languageserver-protocol\lib\common\protocol.moniker.js
[2025-02-18 19:43:32.916]:         deleting file: C:\Program Files\NetBeans-2\netbeans\webcommon\typescript-lsp\node_modules\typescript-language-server\lib\protocol-translation.d.ts.map
[2025-02-18 19:43:32.917]:         deleting file: C:\Program Files\NetBeans-2\netbeans\webcommon\typescript-lsp\node_modules\typescript-language-server\lib\file-lsp-server.spec.d.ts.map
[2025-02-18 19:43:32.918]:         deleting file: C:\Program Files\NetBeans-2\netbeans\webcommon\typescript-lsp\node_modules\typescript-language-server\lib\modules-resolver.spec.js.map
[2025-02-18 19:43:32.918]:         deleting file: C:\Program Files\NetBeans-2\netbeans\webcommon\typescript-lsp\node_modules\typescript-language-server\lib\protocol-translation.js.map
[2025-02-18 19:43:32.919]:         deleting file: C:\Program Files\NetBeans-2\netbeans\webcommon\typescript-lsp\node_modules\typescript-language-server\lib\file-lsp-server.spec.js.map
[2025-02-18 19:43:32.919]:         deleting file: C:\Program Files\NetBeans-2\netbeans\webcommon\typescript-lsp\node_modules\typescript\loc\lcl\KOR\Targets\ProjectItemsSchema.xaml.lcl
[2025-02-18 19:43:32.920]:         deleting file: C:\Program Files\NetBeans-2\netbeans\webcommon\typescript-lsp\node_modules\typescript\loc\lcl\FRA\Targets\ProjectItemsSchema.xaml.lcl
[2025-02-18 19:43:32.920]:         deleting file: C:\Program Files\NetBeans-2\netbeans\webcommon\typescript-lsp\node_modules\typescript\loc\lcl\JPN\Targets\ProjectItemsSchema.xaml.lcl
[2025-02-18 19:43:32.921]:         deleting file: C:\Program Files\NetBeans-2\netbeans\webcommon\typescript-lsp\node_modules\typescript\loc\lcl\CHS\Targets\ProjectItemsSchema.xaml.lcl
[2025-02-18 19:43:32.922]:         deleting file: C:\Program Files\NetBeans-2\netbeans\webcommon\typescript-lsp\node_modules\typescript\loc\lcl\CSY\Targets\ProjectItemsSchema.xaml.lcl
[2025-02-18 19:43:32.922]:         deleting file: C:\Program Files\NetBeans-2\netbeans\webcommon\typescript-lsp\node_modules\typescript\loc\lcl\RUS\Targets\ProjectItemsSchema.xaml.lcl
[2025-02-18 19:43:32.922]:         deleting file: C:\Program Files\NetBeans-2\netbeans\webcommon\typescript-lsp\node_modules\typescript\loc\lcl\PTB\Targets\ProjectItemsSchema.xaml.lcl
[2025-02-18 19:43:32.923]:         deleting file: C:\Program Files\NetBeans-2\netbeans\webcommon\typescript-lsp\node_modules\typescript\loc\lcl\PLK\Targets\ProjectItemsSchema.xaml.lcl
[2025-02-18 19:43:32.926]:         deleting file: C:\Program Files\NetBeans-2\netbeans\webcommon\typescript-lsp\node_modules\typescript\loc\lcl\TRK\Targets\ProjectItemsSchema.xaml.lcl
[2025-02-18 19:43:32.926]:         deleting file: C:\Program Files\NetBeans-2\netbeans\webcommon\typescript-lsp\node_modules\typescript\loc\lcl\CHT\Targets\ProjectItemsSchema.xaml.lcl
[2025-02-18 19:43:32.927]:         deleting file: C:\Program Files\NetBeans-2\netbeans\webcommon\typescript-lsp\node_modules\typescript\loc\lcl\DEU\Targets\ProjectItemsSchema.xaml.lcl
[2025-02-18 19:43:32.927]:         deleting file: C:\Program Files\NetBeans-2\netbeans\webcommon\typescript-lsp\node_modules\typescript\loc\lcl\ITA\Targets\ProjectItemsSchema.xaml.lcl
[2025-02-18 19:43:32.927]:         deleting file: C:\Program Files\NetBeans-2\netbeans\webcommon\typescript-lsp\node_modules\typescript\loc\lcl\ESN\Targets\ProjectItemsSchema.xaml.lcl
[2025-02-18 19:43:32.929]:         deleting file: C:\Program Files\NetBeans-2\netbeans\webcommon\typescript-lsp\node_modules\typescript-language-server\lib\tsp-command-types.d.ts.map
[2025-02-18 19:43:32.929]:         deleting file: C:\Program Files\NetBeans-2\netbeans\webcommon\typescript-lsp\node_modules\typescript-language-server\lib\modules-resolver.spec.d.ts
[2025-02-18 19:43:32.930]:         deleting file: C:\Program Files\NetBeans-2\netbeans\webcommon\typescript-lsp\node_modules\typescript\loc\lcl\KOR\Targets\TypeScriptCompile.xaml.lcl
[2025-02-18 19:43:32.930]:         deleting file: C:\Program Files\NetBeans-2\netbeans\webcommon\typescript-lsp\node_modules\typescript\loc\lcl\FRA\Targets\TypeScriptCompile.xaml.lcl
[2025-02-18 19:43:32.931]:         deleting file: C:\Program Files\NetBeans-2\netbeans\webcommon\typescript-lsp\node_modules\typescript\loc\lcl\JPN\Targets\TypeScriptCompile.xaml.lcl
[2025-02-18 19:43:32.932]:         deleting file: C:\Program Files\NetBeans-2\netbeans\webcommon\typescript-lsp\node_modules\typescript\loc\lcl\CHS\Targets\TypeScriptCompile.xaml.lcl
[2025-02-18 19:43:32.932]:         deleting file: C:\Program Files\NetBeans-2\netbeans\webcommon\typescript-lsp\node_modules\typescript\loc\lcl\CSY\Targets\TypeScriptCompile.xaml.lcl
[2025-02-18 19:43:32.933]:         deleting file: C:\Program Files\NetBeans-2\netbeans\webcommon\typescript-lsp\node_modules\typescript\loc\lcl\RUS\Targets\TypeScriptCompile.xaml.lcl
[2025-02-18 19:43:32.934]:         deleting file: C:\Program Files\NetBeans-2\netbeans\webcommon\typescript-lsp\node_modules\typescript\loc\lcl\PTB\Targets\TypeScriptCompile.xaml.lcl
[2025-02-18 19:43:32.934]:         deleting file: C:\Program Files\NetBeans-2\netbeans\webcommon\typescript-lsp\node_modules\typescript\loc\lcl\PLK\Targets\TypeScriptCompile.xaml.lcl
[2025-02-18 19:43:32.934]:         deleting file: C:\Program Files\NetBeans-2\netbeans\webcommon\typescript-lsp\node_modules\typescript\loc\lcl\TRK\Targets\TypeScriptCompile.xaml.lcl
[2025-02-18 19:43:32.934]:         deleting file: C:\Program Files\NetBeans-2\netbeans\webcommon\typescript-lsp\node_modules\typescript\loc\lcl\CHT\Targets\TypeScriptCompile.xaml.lcl
[2025-02-18 19:43:32.935]:         deleting file: C:\Program Files\NetBeans-2\netbeans\webcommon\typescript-lsp\node_modules\typescript\loc\lcl\DEU\Targets\TypeScriptCompile.xaml.lcl
[2025-02-18 19:43:32.935]:         deleting file: C:\Program Files\NetBeans-2\netbeans\webcommon\typescript-lsp\node_modules\typescript\loc\lcl\ITA\Targets\TypeScriptCompile.xaml.lcl
[2025-02-18 19:43:32.936]:         deleting file: C:\Program Files\NetBeans-2\netbeans\webcommon\typescript-lsp\node_modules\typescript\loc\lcl\ESN\Targets\TypeScriptCompile.xaml.lcl
[2025-02-18 19:43:32.936]:         deleting file: C:\Program Files\NetBeans-2\netbeans\webcommon\typescript-lsp\node_modules\vscode-languageserver-protocol\lib\common\connection.d.ts
[2025-02-18 19:43:32.936]:         deleting file: C:\Program Files\NetBeans-2\netbeans\webcommon\typescript-lsp\node_modules\typescript-language-server\lib\protocol-translation.d.ts
[2025-02-18 19:43:32.937]:         deleting file: C:\Program Files\NetBeans-2\netbeans\webcommon\typescript-lsp\node_modules\typescript-language-server\lib\modules-resolver.d.ts.map
[2025-02-18 19:43:32.942]:         deleting file: C:\Program Files\NetBeans-2\netbeans\webcommon\typescript-lsp\node_modules\typescript-language-server\lib\diagnostic-queue.d.ts.map
[2025-02-18 19:43:32.942]:         deleting file: C:\Program Files\NetBeans-2\netbeans\webcommon\typescript-lsp\node_modules\typescript-language-server\lib\file-lsp-server.spec.d.ts
[2025-02-18 19:43:32.942]:         deleting file: C:\Program Files\NetBeans-2\netbeans\webcommon\typescript-lsp\node_modules\typescript-language-server\lib\organize-imports.d.ts.map
[2025-02-18 19:43:32.943]:         deleting file: C:\Program Files\NetBeans-2\netbeans\webcommon\typescript-lsp\node_modules\typescript-language-server\lib\modules-resolver.spec.js
[2025-02-18 19:43:32.944]:         deleting file: C:\Program Files\NetBeans-2\netbeans\webcommon\typescript-lsp\node_modules\typescript-language-server\lib\lsp-server.spec.d.ts.map
[2025-02-18 19:43:32.945]:         deleting file: C:\Program Files\NetBeans-2\netbeans\webcommon\typescript-lsp\node_modules\typescript-language-server\lib\tsp-client.spec.d.ts.map
[2025-02-18 19:43:32.945]:         deleting file: C:\Program Files\NetBeans-2\netbeans\webcommon\typescript-lsp\node_modules\typescript-language-server\lib\tsp-command-types.js.map
[2025-02-18 19:43:32.946]:         deleting file: C:\Program Files\NetBeans-2\netbeans\webcommon\typescript-lsp\node_modules\typescript-language-server\lib\document-symbol.d.ts.map
[2025-02-18 19:43:32.947]:         deleting file: C:\Program Files\NetBeans-2\netbeans\webcommon\typescript-lsp\node_modules\vscode-languageserver-protocol\lib\common\connection.js
[2025-02-18 19:43:32.947]:         deleting file: C:\Program Files\NetBeans-2\netbeans\webcommon\typescript-lsp\node_modules\vscode-languageserver-protocol\lib\common\protocol.d.ts
[2025-02-18 19:43:32.948]:         deleting file: C:\Program Files\NetBeans-2\netbeans\webcommon\typescript-lsp\node_modules\vscode-languageserver-protocol\lib\common\utils\is.d.ts
[2025-02-18 19:43:32.949]:         deleting file: C:\Program Files\NetBeans-2\netbeans\webcommon\typescript-lsp\node_modules\vscode-languageserver-protocol\lib\common\messages.d.ts
[2025-02-18 19:43:32.949]:         deleting file: C:\Program Files\NetBeans-2\netbeans\webcommon\typescript-lsp\node_modules\typescript-language-server\lib\file-lsp-server.spec.js
[2025-02-18 19:43:32.949]:         deleting file: C:\Program Files\NetBeans-2\netbeans\webcommon\typescript-lsp\node_modules\typescript-language-server\lib\diagnostic-queue.js.map
[2025-02-18 19:43:32.950]:         deleting file: C:\Program Files\NetBeans-2\netbeans\webcommon\typescript-lsp\node_modules\typescript-language-server\lib\protocol-translation.js
[2025-02-18 19:43:32.950]:         deleting file: C:\Program Files\NetBeans-2\netbeans\webcommon\typescript-lsp\node_modules\typescript-language-server\lib\lsp-connection.d.ts.map
[2025-02-18 19:43:32.951]:         deleting file: C:\Program Files\NetBeans-2\netbeans\webcommon\typescript-lsp\node_modules\typescript-language-server\lib\organize-imports.js.map
[2025-02-18 19:43:32.952]:         deleting file: C:\Program Files\NetBeans-2\netbeans\webcommon\typescript-lsp\node_modules\typescript-language-server\lib\modules-resolver.js.map
[2025-02-18 19:43:32.954]:         deleting file: C:\Program Files\NetBeans-2\netbeans\webcommon\typescript-lsp\node_modules\typescript\lib\zh-cn\diagnosticMessages.generated.json
[2025-02-18 19:43:32.955]:         deleting file: C:\Program Files\NetBeans-2\netbeans\webcommon\typescript-lsp\node_modules\typescript\lib\pt-br\diagnosticMessages.generated.json
[2025-02-18 19:43:32.956]:         deleting file: C:\Program Files\NetBeans-2\netbeans\webcommon\typescript-lsp\node_modules\typescript\lib\zh-tw\diagnosticMessages.generated.json
[2025-02-18 19:43:32.956]:         deleting file: C:\Program Files\NetBeans-2\netbeans\webcommon\typescript-lsp\node_modules\typescript-language-server\lib\document-symbol.js.map
[2025-02-18 19:43:32.957]:         deleting file: C:\Program Files\NetBeans-2\netbeans\webcommon\typescript-lsp\node_modules\typescript-language-server\lib\lsp-server.spec.js.map
[2025-02-18 19:43:32.957]:         deleting file: C:\Program Files\NetBeans-2\netbeans\webcommon\typescript-lsp\node_modules\typescript-language-server\lib\tsp-command-types.d.ts
[2025-02-18 19:43:32.958]:         deleting file: C:\Program Files\NetBeans-2\netbeans\webcommon\typescript-lsp\node_modules\typescript-language-server\lib\tsp-client.spec.js.map
[2025-02-18 19:43:32.959]:         deleting file: C:\Program Files\NetBeans-2\netbeans\webcommon\typescript-lsp\node_modules\vscode-languageserver-protocol\lib\common\protocol.js
[2025-02-18 19:43:32.959]:         deleting file: C:\Program Files\NetBeans-2\netbeans\webcommon\typescript-lsp\node_modules\vscode-languageserver-protocol\lib\common\messages.js
[2025-02-18 19:43:32.960]:         deleting file: C:\Program Files\NetBeans-2\netbeans\webcommon\typescript-lsp\node_modules\vscode-languageserver-protocol\lib\common\utils\is.js
[2025-02-18 19:43:32.960]:         deleting file: C:\Program Files\NetBeans-2\netbeans\webcommon\typescript-lsp\node_modules\typescript-language-server\lib\modules-resolver.d.ts
[2025-02-18 19:43:32.961]:         deleting file: C:\Program Files\NetBeans-2\netbeans\webcommon\typescript-lsp\node_modules\typescript-language-server\lib\diagnostic-queue.d.ts
[2025-02-18 19:43:32.961]:         deleting file: C:\Program Files\NetBeans-2\netbeans\webcommon\typescript-lsp\node_modules\typescript-language-server\lib\lsp-connection.js.map
[2025-02-18 19:43:32.962]:         deleting file: C:\Program Files\NetBeans-2\netbeans\webcommon\typescript-lsp\node_modules\typescript-language-server\lib\organize-imports.d.ts
[2025-02-18 19:43:32.963]:         deleting file: C:\Program Files\NetBeans-2\netbeans\webcommon\typescript-lsp\node_modules\vscode-languageserver\bin\installServerIntoExtension
[2025-02-18 19:43:32.963]:         deleting file: C:\Program Files\NetBeans-2\netbeans\webcommon\typescript-lsp\node_modules\vscode-languageserver-protocol\lib\browser\main.d.ts
[2025-02-18 19:43:32.964]:         deleting file: C:\Program Files\NetBeans-2\netbeans\webcommon\typescript-lsp\node_modules\vscode-languageserver-protocol\thirdpartynotices.txt
[2025-02-18 19:43:32.964]:         deleting file: C:\Program Files\NetBeans-2\netbeans\webcommon\typescript-lsp\node_modules\typescript-language-server\lib\ts-protocol.d.ts.map
[2025-02-18 19:43:32.966]:         deleting file: C:\Program Files\NetBeans-2\netbeans\webcommon\typescript-lsp\node_modules\typescript-language-server\lib\document-symbol.d.ts
[2025-02-18 19:43:32.967]:         deleting file: C:\Program Files\NetBeans-2\netbeans\webcommon\typescript-lsp\node_modules\typescript-language-server\lib\tsp-client.spec.d.ts
[2025-02-18 19:43:32.967]:         deleting file: C:\Program Files\NetBeans-2\netbeans\webcommon\typescript-lsp\node_modules\typescript-language-server\lib\lsp-server.spec.d.ts
[2025-02-18 19:43:32.968]:         deleting file: C:\Program Files\NetBeans-2\netbeans\webcommon\typescript-lsp\node_modules\typescript-language-server\lib\tsp-command-types.js
[2025-02-18 19:43:32.970]:         deleting file: C:\Program Files\NetBeans-2\netbeans\webcommon\typescript-lsp\node_modules\typescript\lib\tr\diagnosticMessages.generated.json
[2025-02-18 19:43:32.971]:         deleting file: C:\Program Files\NetBeans-2\netbeans\webcommon\typescript-lsp\node_modules\typescript\lib\de\diagnosticMessages.generated.json
[2025-02-18 19:43:32.973]:         deleting file: C:\Program Files\NetBeans-2\netbeans\webcommon\typescript-lsp\node_modules\typescript\lib\es\diagnosticMessages.generated.json
[2025-02-18 19:43:32.973]:         deleting file: C:\Program Files\NetBeans-2\netbeans\webcommon\typescript-lsp\node_modules\typescript\lib\cs\diagnosticMessages.generated.json
[2025-02-18 19:43:32.975]:         deleting file: C:\Program Files\NetBeans-2\netbeans\webcommon\typescript-lsp\node_modules\typescript\lib\it\diagnosticMessages.generated.json
[2025-02-18 19:43:32.975]:         deleting file: C:\Program Files\NetBeans-2\netbeans\webcommon\typescript-lsp\node_modules\typescript\lib\ko\diagnosticMessages.generated.json
[2025-02-18 19:43:32.976]:         deleting file: C:\Program Files\NetBeans-2\netbeans\webcommon\typescript-lsp\node_modules\typescript\lib\fr\diagnosticMessages.generated.json
[2025-02-18 19:43:32.976]:         deleting file: C:\Program Files\NetBeans-2\netbeans\webcommon\typescript-lsp\node_modules\typescript\lib\pl\diagnosticMessages.generated.json
[2025-02-18 19:43:32.976]:         deleting file: C:\Program Files\NetBeans-2\netbeans\webcommon\typescript-lsp\node_modules\typescript\lib\ja\diagnosticMessages.generated.json
[2025-02-18 19:43:32.977]:         deleting file: C:\Program Files\NetBeans-2\netbeans\webcommon\typescript-lsp\node_modules\typescript\lib\ru\diagnosticMessages.generated.json
[2025-02-18 19:43:32.977]:         deleting file: C:\Program Files\NetBeans-2\netbeans\webcommon\typescript-lsp\node_modules\typescript-language-server\lib\lsp-client.d.ts.map
[2025-02-18 19:43:32.978]:         deleting file: C:\Program Files\NetBeans-2\netbeans\webcommon\typescript-lsp\node_modules\typescript-language-server\lib\completion.d.ts.map
[2025-02-18 19:43:32.978]:         deleting file: C:\Program Files\NetBeans-2\netbeans\webcommon\typescript-lsp\node_modules\typescript-language-server\lib\tsp-client.d.ts.map
[2025-02-18 19:43:32.979]:         deleting file: C:\Program Files\NetBeans-2\netbeans\webcommon\typescript-lsp\node_modules\typescript-language-server\lib\diagnostic-queue.js
[2025-02-18 19:43:32.979]:         deleting file: C:\Program Files\NetBeans-2\netbeans\webcommon\typescript-lsp\node_modules\typescript-language-server\lib\modules-resolver.js
[2025-02-18 19:43:32.979]:         deleting file: C:\Program Files\NetBeans-2\netbeans\webcommon\typescript-lsp\node_modules\typescript-language-server\lib\organize-imports.js
[2025-02-18 19:43:32.980]:         deleting file: C:\Program Files\NetBeans-2\netbeans\webcommon\typescript-lsp\node_modules\typescript-language-server\lib\lsp-server.d.ts.map
[2025-02-18 19:43:32.980]:         deleting file: C:\Program Files\NetBeans-2\netbeans\webcommon\typescript-lsp\node_modules\typescript-language-server\lib\lsp-connection.d.ts
[2025-02-18 19:43:32.980]:         deleting file: C:\Program Files\NetBeans-2\netbeans\webcommon\typescript-lsp\node_modules\typescript-language-server\lib\test-utils.d.ts.map
[2025-02-18 19:43:32.981]:         deleting file: C:\Program Files\NetBeans-2\netbeans\webcommon\typescript-lsp\node_modules\vscode-languageserver-protocol\lib\browser\main.js
[2025-02-18 19:43:32.981]:         deleting file: C:\Program Files\NetBeans-2\netbeans\webcommon\typescript-lsp\node_modules\vscode-languageserver-protocol\lib\common\api.d.ts
[2025-02-18 19:43:32.981]:         deleting file: C:\Program Files\NetBeans-2\netbeans\webcommon\typescript-lsp\node_modules\typescript-language-server\lib\lsp-server.spec.js
[2025-02-18 19:43:32.981]:         deleting file: C:\Program Files\NetBeans-2\netbeans\webcommon\typescript-lsp\node_modules\typescript-language-server\lib\ts-protocol.js.map
[2025-02-18 19:43:32.981]:         deleting file: C:\Program Files\NetBeans-2\netbeans\webcommon\typescript-lsp\node_modules\typescript-language-server\lib\tsp-client.spec.js
[2025-02-18 19:43:32.983]:         deleting file: C:\Program Files\NetBeans-2\netbeans\webcommon\typescript-lsp\node_modules\typescript-language-server\lib\document-symbol.js
[2025-02-18 19:43:32.983]:         deleting file: C:\Program Files\NetBeans-2\netbeans\webcommon\typescript-lsp\node_modules\vscode-languageserver-protocol\lib\node\main.d.ts
[2025-02-18 19:43:32.988]:         deleting directory: C:\Program Files\NetBeans-2\netbeans\webcommon\typescript-lsp\node_modules\typescript\loc\lcl\KOR\TypeScriptLanguageService
[2025-02-18 19:43:32.988]:         deleting directory: C:\Program Files\NetBeans-2\netbeans\webcommon\typescript-lsp\node_modules\typescript\loc\lcl\FRA\TypeScriptLanguageService
[2025-02-18 19:43:32.989]:         deleting directory: C:\Program Files\NetBeans-2\netbeans\webcommon\typescript-lsp\node_modules\typescript\loc\lcl\JPN\TypeScriptLanguageService
[2025-02-18 19:43:32.989]:         deleting directory: C:\Program Files\NetBeans-2\netbeans\webcommon\typescript-lsp\node_modules\typescript\loc\lcl\CHS\TypeScriptLanguageService
[2025-02-18 19:43:32.989]:         deleting directory: C:\Program Files\NetBeans-2\netbeans\webcommon\typescript-lsp\node_modules\typescript\loc\lcl\CSY\TypeScriptLanguageService
[2025-02-18 19:43:32.989]:         deleting directory: C:\Program Files\NetBeans-2\netbeans\webcommon\typescript-lsp\node_modules\typescript\loc\lcl\RUS\TypeScriptLanguageService
[2025-02-18 19:43:32.989]:         deleting directory: C:\Program Files\NetBeans-2\netbeans\webcommon\typescript-lsp\node_modules\typescript\loc\lcl\PTB\TypeScriptLanguageService
[2025-02-18 19:43:32.989]:         deleting directory: C:\Program Files\NetBeans-2\netbeans\webcommon\typescript-lsp\node_modules\typescript\loc\lcl\PLK\TypeScriptLanguageService
[2025-02-18 19:43:32.990]:         deleting directory: C:\Program Files\NetBeans-2\netbeans\webcommon\typescript-lsp\node_modules\typescript\loc\lcl\TRK\TypeScriptLanguageService
[2025-02-18 19:43:32.990]:         deleting directory: C:\Program Files\NetBeans-2\netbeans\webcommon\typescript-lsp\node_modules\typescript\loc\lcl\CHT\TypeScriptLanguageService
[2025-02-18 19:43:32.990]:         deleting directory: C:\Program Files\NetBeans-2\netbeans\webcommon\typescript-lsp\node_modules\typescript\loc\lcl\DEU\TypeScriptLanguageService
[2025-02-18 19:43:32.991]:         deleting directory: C:\Program Files\NetBeans-2\netbeans\webcommon\typescript-lsp\node_modules\typescript\loc\lcl\ITA\TypeScriptLanguageService
[2025-02-18 19:43:32.991]:         deleting directory: C:\Program Files\NetBeans-2\netbeans\webcommon\typescript-lsp\node_modules\typescript\loc\lcl\ESN\TypeScriptLanguageService
[2025-02-18 19:43:32.991]:         deleting file: C:\Program Files\NetBeans-2\netbeans\webcommon\typescript-lsp\node_modules\typescript-language-server\lib\completion.js.map
[2025-02-18 19:43:32.991]:         deleting file: C:\Program Files\NetBeans-2\netbeans\webcommon\typescript-lsp\node_modules\typescript-language-server\lib\test-utils.js.map
[2025-02-18 19:43:32.992]:         deleting file: C:\Program Files\NetBeans-2\netbeans\webcommon\typescript-lsp\node_modules\typescript-language-server\lib\lsp-server.js.map
[2025-02-18 19:43:32.992]:         deleting file: C:\Program Files\NetBeans-2\netbeans\webcommon\typescript-lsp\node_modules\typescript-language-server\lib\lsp-connection.js
[2025-02-18 19:43:32.993]:         deleting file: C:\Program Files\NetBeans-2\netbeans\webcommon\typescript-lsp\node_modules\typescript-language-server\lib\quickfix.d.ts.map
[2025-02-18 19:43:32.993]:         deleting file: C:\Program Files\NetBeans-2\netbeans\webcommon\typescript-lsp\node_modules\typescript-language-server\lib\tsp-client.js.map
[2025-02-18 19:43:32.993]:         deleting file: C:\Program Files\NetBeans-2\netbeans\webcommon\typescript-lsp\node_modules\typescript-language-server\lib\document.d.ts.map
[2025-02-18 19:43:32.994]:         deleting file: C:\Program Files\NetBeans-2\netbeans\webcommon\typescript-lsp\node_modules\typescript-language-server\lib\commands.d.ts.map
[2025-02-18 19:43:32.994]:         deleting file: C:\Program Files\NetBeans-2\netbeans\webcommon\typescript-lsp\node_modules\typescript-language-server\lib\refactor.d.ts.map
[2025-02-18 19:43:32.995]:         deleting file: C:\Program Files\NetBeans-2\netbeans\webcommon\typescript-lsp\node_modules\typescript-language-server\lib\lsp-client.js.map
[2025-02-18 19:43:32.996]:         deleting file: C:\Program Files\NetBeans-2\netbeans\webcommon\typescript-lsp\node_modules\vscode-languageserver\lib\proposed.progress.d.ts
[2025-02-18 19:43:33.004]:         deleting file: C:\Program Files\NetBeans-2\netbeans\webcommon\typescript-lsp\node_modules\vscode-languageserver-protocol\lib\common\api.js
[2025-02-18 19:43:33.005]:         deleting directory: C:\Program Files\NetBeans-2\netbeans\webcommon\typescript-lsp\node_modules\vscode-languageserver-protocol\lib\common\utils
[2025-02-18 19:43:33.005]:         deleting file: C:\Program Files\NetBeans-2\netbeans\webcommon\typescript-lsp\node_modules\typescript-language-server\lib\ts-protocol.d.ts
[2025-02-18 19:43:33.005]:         deleting file: C:\Program Files\NetBeans-2\netbeans\webcommon\typescript-lsp\node_modules\vscode-languageserver\lib\workspaceFolders.d.ts
[2025-02-18 19:43:33.006]:         deleting file: C:\Program Files\NetBeans-2\netbeans\webcommon\typescript-lsp\node_modules\typescript\lib\lib.es2020.symbol.wellknown.d.ts
[2025-02-18 19:43:33.007]:         deleting file: C:\Program Files\NetBeans-2\netbeans\webcommon\typescript-lsp\node_modules\typescript\lib\lib.es2015.symbol.wellknown.d.ts
[2025-02-18 19:43:33.007]:         deleting file: C:\Program Files\NetBeans-2\netbeans\webcommon\typescript-lsp\node_modules\typescript\lib\lib.webworker.importscripts.d.ts
[2025-02-18 19:43:33.008]:         deleting file: C:\Program Files\NetBeans-2\netbeans\webcommon\typescript-lsp\node_modules\vscode-languageserver-protocol\lib\node\main.js
[2025-02-18 19:43:33.008]:         deleting file: C:\Program Files\NetBeans-2\netbeans\webcommon\typescript-lsp\node_modules\typescript-language-server\lib\tsp-client.d.ts
[2025-02-18 19:43:33.009]:         deleting file: C:\Program Files\NetBeans-2\netbeans\webcommon\typescript-lsp\node_modules\typescript-language-server\lib\lsp-client.d.ts
[2025-02-18 19:43:33.009]:         deleting file: C:\Program Files\NetBeans-2\netbeans\webcommon\typescript-lsp\node_modules\typescript-language-server\lib\lsp-server.d.ts
[2025-02-18 19:43:33.010]:         deleting file: C:\Program Files\NetBeans-2\netbeans\webcommon\typescript-lsp\node_modules\typescript-language-server\lib\completion.d.ts
[2025-02-18 19:43:33.010]:         deleting file: C:\Program Files\NetBeans-2\netbeans\webcommon\typescript-lsp\node_modules\typescript-language-server\lib\refactor.js.map
[2025-02-18 19:43:33.010]:         deleting file: C:\Program Files\NetBeans-2\netbeans\webcommon\typescript-lsp\node_modules\typescript-language-server\lib\quickfix.js.map
[2025-02-18 19:43:33.010]:         deleting file: C:\Program Files\NetBeans-2\netbeans\webcommon\typescript-lsp\node_modules\typescript-language-server\lib\logger.d.ts.map
[2025-02-18 19:43:33.011]:         deleting file: C:\Program Files\NetBeans-2\netbeans\webcommon\typescript-lsp\node_modules\typescript-language-server\lib\test-utils.d.ts
[2025-02-18 19:43:33.011]:         deleting file: C:\Program Files\NetBeans-2\netbeans\webcommon\typescript-lsp\node_modules\typescript-language-server\lib\commands.js.map
[2025-02-18 19:43:33.011]:         deleting file: C:\Program Files\NetBeans-2\netbeans\webcommon\typescript-lsp\node_modules\typescript-language-server\lib\document.js.map
[2025-02-18 19:43:33.012]:         deleting file: C:\Program Files\NetBeans-2\netbeans\webcommon\typescript-lsp\node_modules\vscode-languageserver\lib\proposed.progress.js
[2025-02-18 19:43:33.013]:         deleting file: C:\Program Files\NetBeans-2\netbeans\webcommon\typescript-lsp\node_modules\vscode-textbuffer\lib\test\piecetree.test.d.ts
[2025-02-18 19:43:33.013]:         deleting file: C:\Program Files\NetBeans-2\netbeans\webcommon\typescript-lsp\node_modules\typescript-language-server\lib\ts-protocol.js
[2025-02-18 19:43:33.014]:         deleting file: C:\Program Files\NetBeans-2\netbeans\webcommon\typescript-lsp\node_modules\typescript-language-server\lib\utils.d.ts.map
[2025-02-18 19:43:33.015]:         deleting file: C:\Program Files\NetBeans-2\netbeans\webcommon\typescript-lsp\node_modules\typescript-language-server\lib\calls.d.ts.map
[2025-02-18 19:43:33.015]:         deleting file: C:\Program Files\NetBeans-2\netbeans\webcommon\typescript-lsp\node_modules\typescript-language-server\lib\hover.d.ts.map
[2025-02-18 19:43:33.019]:         deleting file: C:\Program Files\NetBeans-2\netbeans\webcommon\typescript-lsp\node_modules\vscode-languageserver\lib\workspaceFolders.js
[2025-02-18 19:43:33.020]:         deleting file: C:\Program Files\NetBeans-2\netbeans\webcommon\typescript-lsp\node_modules\typescript\lib\lib.es2018.asyncgenerator.d.ts
[2025-02-18 19:43:33.021]:         deleting file: C:\Program Files\NetBeans-2\netbeans\webcommon\typescript-lsp\node_modules\vscode-languageserver-types\lib\esm\main.d.ts
[2025-02-18 19:43:33.021]:         deleting file: C:\Program Files\NetBeans-2\netbeans\webcommon\typescript-lsp\node_modules\vscode-languageserver-types\lib\umd\main.d.ts
[2025-02-18 19:43:33.022]:         deleting directory: C:\Program Files\NetBeans-2\netbeans\webcommon\typescript-lsp\node_modules\typescript\loc\lcl\KOR\TypeScriptDebugEngine
[2025-02-18 19:43:33.022]:         deleting directory: C:\Program Files\NetBeans-2\netbeans\webcommon\typescript-lsp\node_modules\typescript\loc\lcl\FRA\TypeScriptDebugEngine
[2025-02-18 19:43:33.022]:         deleting directory: C:\Program Files\NetBeans-2\netbeans\webcommon\typescript-lsp\node_modules\typescript\loc\lcl\JPN\TypeScriptDebugEngine
[2025-02-18 19:43:33.022]:         deleting directory: C:\Program Files\NetBeans-2\netbeans\webcommon\typescript-lsp\node_modules\typescript\loc\lcl\CHS\TypeScriptDebugEngine
[2025-02-18 19:43:33.023]:         deleting directory: C:\Program Files\NetBeans-2\netbeans\webcommon\typescript-lsp\node_modules\typescript\loc\lcl\CSY\TypeScriptDebugEngine
[2025-02-18 19:43:33.023]:         deleting directory: C:\Program Files\NetBeans-2\netbeans\webcommon\typescript-lsp\node_modules\typescript\loc\lcl\RUS\TypeScriptDebugEngine
[2025-02-18 19:43:33.024]:         deleting directory: C:\Program Files\NetBeans-2\netbeans\webcommon\typescript-lsp\node_modules\typescript\loc\lcl\PTB\TypeScriptDebugEngine
[2025-02-18 19:43:33.024]:         deleting directory: C:\Program Files\NetBeans-2\netbeans\webcommon\typescript-lsp\node_modules\typescript\loc\lcl\PLK\TypeScriptDebugEngine
[2025-02-18 19:43:33.024]:         deleting directory: C:\Program Files\NetBeans-2\netbeans\webcommon\typescript-lsp\node_modules\typescript\loc\lcl\TRK\TypeScriptDebugEngine
[2025-02-18 19:43:33.025]:         deleting directory: C:\Program Files\NetBeans-2\netbeans\webcommon\typescript-lsp\node_modules\typescript\loc\lcl\CHT\TypeScriptDebugEngine
[2025-02-18 19:43:33.025]:         deleting directory: C:\Program Files\NetBeans-2\netbeans\webcommon\typescript-lsp\node_modules\typescript\loc\lcl\DEU\TypeScriptDebugEngine
[2025-02-18 19:43:33.025]:         deleting directory: C:\Program Files\NetBeans-2\netbeans\webcommon\typescript-lsp\node_modules\typescript\loc\lcl\ITA\TypeScriptDebugEngine
[2025-02-18 19:43:33.026]:         deleting directory: C:\Program Files\NetBeans-2\netbeans\webcommon\typescript-lsp\node_modules\typescript\loc\lcl\ESN\TypeScriptDebugEngine
[2025-02-18 19:43:33.026]:         deleting file: C:\Program Files\NetBeans-2\netbeans\webcommon\typescript-lsp\node_modules\typescript-language-server\lib\quickfix.d.ts
[2025-02-18 19:43:33.027]:         deleting file: C:\Program Files\NetBeans-2\netbeans\webcommon\typescript-lsp\node_modules\typescript-language-server\lib\lsp-client.js
[2025-02-18 19:43:33.027]:         deleting file: C:\Program Files\NetBeans-2\netbeans\webcommon\typescript-lsp\node_modules\typescript-language-server\lib\test-utils.js
[2025-02-18 19:43:33.027]:         deleting file: C:\Program Files\NetBeans-2\netbeans\webcommon\typescript-lsp\node_modules\typescript-language-server\lib\document.d.ts
[2025-02-18 19:43:33.029]:         deleting file: C:\Program Files\NetBeans-2\netbeans\webcommon\typescript-lsp\node_modules\typescript-language-server\lib\logger.js.map
[2025-02-18 19:43:33.029]:         deleting file: C:\Program Files\NetBeans-2\netbeans\webcommon\typescript-lsp\node_modules\typescript-language-server\lib\lsp-server.js
[2025-02-18 19:43:33.030]:         deleting file: C:\Program Files\NetBeans-2\netbeans\webcommon\typescript-lsp\node_modules\typescript-language-server\lib\completion.js
[2025-02-18 19:43:33.036]:         deleting file: C:\Program Files\NetBeans-2\netbeans\webcommon\typescript-lsp\node_modules\typescript-language-server\lib\refactor.d.ts
[2025-02-18 19:43:33.036]:         deleting file: C:\Program Files\NetBeans-2\netbeans\webcommon\typescript-lsp\node_modules\typescript-language-server\lib\commands.d.ts
[2025-02-18 19:43:33.037]:         deleting file: C:\Program Files\NetBeans-2\netbeans\webcommon\typescript-lsp\node_modules\typescript-language-server\lib\tsp-client.js
[2025-02-18 19:43:33.039]:         deleting file: C:\Program Files\NetBeans-2\netbeans\webcommon\typescript-lsp\node_modules\vscode-jsonrpc\lib\common\messageBuffer.d.ts
[2025-02-18 19:43:33.040]:         deleting file: C:\Program Files\NetBeans-2\netbeans\webcommon\typescript-lsp\node_modules\vscode-jsonrpc\lib\common\messageWriter.d.ts
[2025-02-18 19:43:33.041]:         deleting file: C:\Program Files\NetBeans-2\netbeans\webcommon\typescript-lsp\node_modules\vscode-jsonrpc\lib\common\messageReader.d.ts
[2025-02-18 19:43:33.041]:         deleting file: C:\Program Files\NetBeans-2\netbeans\webcommon\typescript-lsp\node_modules\vscode-languageserver\lib\configuration.d.ts
[2025-02-18 19:43:33.042]:         deleting file: C:\Program Files\NetBeans-2\netbeans\webcommon\typescript-lsp\node_modules\typescript\lib\lib.es2018.asynciterable.d.ts
[2025-02-18 19:43:33.042]:         deleting file: C:\Program Files\NetBeans-2\netbeans\webcommon\typescript-lsp\node_modules\typescript\lib\lib.es2016.array.include.d.ts
[2025-02-18 19:43:33.042]:         deleting file: C:\Program Files\NetBeans-2\netbeans\webcommon\typescript-lsp\node_modules\vscode-textbuffer\lib\test\piecetree.test.js
[2025-02-18 19:43:33.043]:         deleting file: C:\Program Files\NetBeans-2\netbeans\webcommon\typescript-lsp\node_modules\vscode-textbuffer\src\test\piecetree.test.ts
[2025-02-18 19:43:33.044]:         deleting file: C:\Program Files\NetBeans-2\netbeans\webcommon\typescript-lsp\node_modules\command-exists\test\non-executable-script.js
[2025-02-18 19:43:33.045]:         deleting file: C:\Program Files\NetBeans-2\netbeans\webcommon\update_tracking\org-netbeans-modules-selenium2-webclient-protractor.xml
[2025-02-18 19:43:33.045]:         deleting file: C:\Program Files\NetBeans-2\netbeans\webcommon\typescript-lsp\node_modules\typescript-language-server\lib\utils.js.map
[2025-02-18 19:43:33.045]:         deleting file: C:\Program Files\NetBeans-2\netbeans\webcommon\typescript-lsp\node_modules\typescript-language-server\lib\calls.js.map
[2025-02-18 19:43:33.046]:         deleting file: C:\Program Files\NetBeans-2\netbeans\webcommon\typescript-lsp\node_modules\typescript-language-server\lib\hover.js.map
[2025-02-18 19:43:33.046]:         deleting file: C:\Program Files\NetBeans-2\netbeans\webcommon\typescript-lsp\node_modules\typescript-language-server\lib\cli.d.ts.map
[2025-02-18 19:43:33.047]:         deleting file: C:\Program Files\NetBeans-2\netbeans\webcommon\typescript-lsp\node_modules\vscode-jsonrpc\lib\common\cancellation.d.ts
[2025-02-18 19:43:33.047]:         deleting file: C:\Program Files\NetBeans-2\netbeans\webcommon\typescript-lsp\node_modules\vscode-languageserver\thirdpartynotices.txt
[2025-02-18 19:43:33.048]:         deleting file: C:\Program Files\NetBeans-2\netbeans\webcommon\typescript-lsp\node_modules\typescript\lib\lib.es2017.sharedmemory.d.ts
[2025-02-18 19:43:33.049]:         deleting file: C:\Program Files\NetBeans-2\netbeans\webcommon\typescript-lsp\node_modules\typescript\lib\lib.es2020.sharedmemory.d.ts
[2025-02-18 19:43:33.050]:         deleting file: C:\Program Files\NetBeans-2\netbeans\webcommon\typescript-lsp\node_modules\vscode-textbuffer\lib\pieceTreeBuilder.d.ts
[2025-02-18 19:43:33.050]:         deleting file: C:\Program Files\NetBeans-2\netbeans\webcommon\typescript-lsp\node_modules\vscode-languageserver-protocol\package.json
[2025-02-18 19:43:33.051]:         deleting file: C:\Program Files\NetBeans-2\netbeans\webcommon\typescript-lsp\node_modules\vscode-languageserver-protocol\browser.d.ts
[2025-02-18 19:43:33.051]:         deleting file: C:\Program Files\NetBeans-2\netbeans\webcommon\typescript-lsp\node_modules\vscode-languageserver-types\lib\esm\main.js
[2025-02-18 19:43:33.051]:         deleting file: C:\Program Files\NetBeans-2\netbeans\webcommon\typescript-lsp\node_modules\vscode-languageserver-types\lib\umd\main.js
[2025-02-18 19:43:33.052]:         deleting directory: C:\Program Files\NetBeans-2\netbeans\webcommon\typescript-lsp\node_modules\vscode-languageserver-protocol\lib\browser
[2025-02-18 19:43:33.053]:         deleting file: C:\Program Files\NetBeans-2\netbeans\webcommon\config\Modules\org-netbeans-modules-selenium2-webclient-protractor.xml
[2025-02-18 19:43:33.053]:         deleting file: C:\Program Files\NetBeans-2\netbeans\webcommon\typescript-lsp\node_modules\typescript-language-server\lib\refactor.js
[2025-02-18 19:43:33.054]:         deleting file: C:\Program Files\NetBeans-2\netbeans\webcommon\typescript-lsp\node_modules\typescript-language-server\lib\commands.js
[2025-02-18 19:43:33.054]:         deleting file: C:\Program Files\NetBeans-2\netbeans\webcommon\typescript-lsp\node_modules\typescript-language-server\lib\logger.d.ts
[2025-02-18 19:43:33.055]:         deleting file: C:\Program Files\NetBeans-2\netbeans\webcommon\typescript-lsp\node_modules\typescript-language-server\lib\quickfix.js
[2025-02-18 19:43:33.055]:         deleting file: C:\Program Files\NetBeans-2\netbeans\webcommon\typescript-lsp\node_modules\typescript-language-server\lib\document.js
[2025-02-18 19:43:33.056]:         deleting file: C:\Program Files\NetBeans-2\netbeans\webcommon\typescript-lsp\node_modules\vscode-jsonrpc\lib\common\messageBuffer.js
[2025-02-18 19:43:33.056]:         deleting file: C:\Program Files\NetBeans-2\netbeans\webcommon\typescript-lsp\node_modules\vscode-jsonrpc\lib\common\messageReader.js
[2025-02-18 19:43:33.056]:         deleting file: C:\Program Files\NetBeans-2\netbeans\webcommon\typescript-lsp\node_modules\vscode-jsonrpc\lib\common\messageWriter.js
[2025-02-18 19:43:33.057]:         deleting file: C:\Program Files\NetBeans-2\netbeans\webcommon\typescript-lsp\node_modules\vscode-languageserver\lib\configuration.js
[2025-02-18 19:43:33.057]:         deleting file: C:\Program Files\NetBeans-2\netbeans\webcommon\typescript-lsp\node_modules\typescript\lib\lib.es2017.typedarrays.d.ts
[2025-02-18 19:43:33.057]:         deleting file: C:\Program Files\NetBeans-2\netbeans\webcommon\typescript-lsp\node_modules\typescript\lib\lib.webworker.iterable.d.ts
[2025-02-18 19:43:33.058]:         deleting file: C:\Program Files\NetBeans-2\netbeans\webcommon\typescript-lsp\node_modules\vscode-textbuffer\lib\common\position.d.ts
[2025-02-18 19:43:33.058]:         deleting file: C:\Program Files\NetBeans-2\netbeans\webcommon\typescript-lsp\node_modules\vscode-textbuffer\lib\common\charCode.d.ts
[2025-02-18 19:43:33.059]:         deleting file: C:\Program Files\NetBeans-2\netbeans\webcommon\typescript-lsp\node_modules\vscode-languageserver-protocol\License.txt
[2025-02-18 19:43:33.060]:         deleting directory: C:\Program Files\NetBeans-2\netbeans\webcommon\typescript-lsp\node_modules\vscode-languageserver-protocol\lib\common
[2025-02-18 19:43:33.060]:         deleting file: C:\Program Files\NetBeans-2\netbeans\webcommon\typescript-lsp\node_modules\typescript-language-server\lib\cli.js.map
[2025-02-18 19:43:33.060]:         deleting file: C:\Program Files\NetBeans-2\netbeans\webcommon\typescript-lsp\node_modules\typescript-language-server\lib\calls.d.ts
[2025-02-18 19:43:33.061]:         deleting file: C:\Program Files\NetBeans-2\netbeans\webcommon\typescript-lsp\node_modules\typescript-language-server\lib\utils.d.ts
[2025-02-18 19:43:33.065]:         deleting file: C:\Program Files\NetBeans-2\netbeans\webcommon\typescript-lsp\node_modules\typescript-language-server\lib\hover.d.ts
[2025-02-18 19:43:33.065]:         deleting file: C:\Program Files\NetBeans-2\netbeans\webcommon\typescript-lsp\node_modules\vscode-jsonrpc\lib\common\connection.d.ts
[2025-02-18 19:43:33.066]:         deleting file: C:\Program Files\NetBeans-2\netbeans\webcommon\typescript-lsp\node_modules\vscode-jsonrpc\lib\common\cancellation.js
[2025-02-18 19:43:33.066]:         deleting file: C:\Program Files\NetBeans-2\netbeans\webcommon\typescript-lsp\node_modules\vscode-jsonrpc\lib\common\disposable.d.ts
[2025-02-18 19:43:33.066]:         deleting file: C:\Program Files\NetBeans-2\netbeans\webcommon\typescript-lsp\node_modules\vscode-languageserver\lib\utils\uuid.d.ts
[2025-02-18 19:43:33.067]:         deleting file: C:\Program Files\NetBeans-2\netbeans\webcommon\typescript-lsp\node_modules\typescript\lib\lib.es2015.collection.d.ts
[2025-02-18 19:43:33.067]:         deleting file: C:\Program Files\NetBeans-2\netbeans\webcommon\typescript-lsp\node_modules\vscode-textbuffer\lib\pieceTreeBuilder.js
[2025-02-18 19:43:33.068]:         deleting file: C:\Program Files\NetBeans-2\netbeans\webcommon\typescript-lsp\node_modules\vscode-textbuffer\src\pieceTreeBuilder.ts
[2025-02-18 19:43:33.068]:         deleting file: C:\Program Files\NetBeans-2\netbeans\webcommon\typescript-lsp\node_modules\vscode-languageserver-protocol\browser.js
[2025-02-18 19:43:33.070]:         deleting file: C:\Program Files\NetBeans-2\netbeans\webcommon\typescript-lsp\node_modules\typescript-language-server\lib\logger.js
[2025-02-18 19:43:33.070]:         deleting file: C:\Program Files\NetBeans-2\netbeans\webcommon\typescript-lsp\node_modules\vscode-jsonrpc\lib\common\linkedMap.d.ts
[2025-02-18 19:43:33.071]:         deleting file: C:\Program Files\NetBeans-2\netbeans\webcommon\typescript-lsp\node_modules\vscode-jsonrpc\lib\common\semaphore.d.ts
[2025-02-18 19:43:33.073]:         deleting file: C:\Program Files\NetBeans-2\netbeans\webcommon\typescript-lsp\node_modules\typescript\lib\lib.es2015.generator.d.ts
[2025-02-18 19:43:33.073]:         deleting file: C:\Program Files\NetBeans-2\netbeans\webcommon\typescript-lsp\node_modules\vscode-textbuffer\lib\common\charCode.js
[2025-02-18 19:43:33.075]:         deleting file: C:\Program Files\NetBeans-2\netbeans\webcommon\typescript-lsp\node_modules\vscode-textbuffer\lib\common\position.js
[2025-02-18 19:43:33.076]:         deleting file: C:\Program Files\NetBeans-2\netbeans\webcommon\typescript-lsp\node_modules\vscode-textbuffer\lib\pieceTreeBase.d.ts
[2025-02-18 19:43:33.077]:         deleting file: C:\Program Files\NetBeans-2\netbeans\webcommon\typescript-lsp\node_modules\vscode-textbuffer\src\common\position.ts
[2025-02-18 19:43:33.078]:         deleting file: C:\Program Files\NetBeans-2\netbeans\webcommon\typescript-lsp\node_modules\vscode-textbuffer\src\common\charCode.ts
[2025-02-18 19:43:33.079]:         deleting file: C:\Program Files\NetBeans-2\netbeans\webcommon\typescript-lsp\node_modules\command-exists\test\executable-script.js
[2025-02-18 19:43:33.079]:         deleting file: C:\Program Files\NetBeans-2\netbeans\webcommon\typescript-lsp\node_modules\vscode-languageserver-protocol\README.md
[2025-02-18 19:43:33.080]:         deleting file: C:\Program Files\NetBeans-2\netbeans\webcommon\typescript-lsp\node_modules\vscode-languageserver-protocol\node.d.ts
[2025-02-18 19:43:33.080]:         deleting file: C:\Program Files\NetBeans-2\netbeans\webcommon\typescript-lsp\node_modules\vscode-languageserver-types\package.json
[2025-02-18 19:43:33.081]:         deleting directory: C:\Program Files\NetBeans-2\netbeans\webcommon\typescript-lsp\node_modules\vscode-languageserver-protocol\lib\node
[2025-02-18 19:43:33.082]:         deleting file: C:\Program Files\NetBeans-2\netbeans\webcommon\typescript-lsp\node_modules\typescript-language-server\lib\utils.js
[2025-02-18 19:43:33.082]:         deleting file: C:\Program Files\NetBeans-2\netbeans\webcommon\typescript-lsp\node_modules\typescript-language-server\lib\calls.js
[2025-02-18 19:43:33.083]:         deleting file: C:\Program Files\NetBeans-2\netbeans\webcommon\typescript-lsp\node_modules\typescript-language-server\lib\cli.d.ts
[2025-02-18 19:43:33.084]:         deleting file: C:\Program Files\NetBeans-2\netbeans\webcommon\typescript-lsp\node_modules\typescript-language-server\lib\hover.js
[2025-02-18 19:43:33.084]:         deleting file: C:\Program Files\NetBeans-2\netbeans\webcommon\typescript-lsp\node_modules\typescript-language-server\package.json
[2025-02-18 19:43:33.085]:         deleting file: C:\Program Files\NetBeans-2\netbeans\webcommon\typescript-lsp\node_modules\vscode-jsonrpc\lib\common\encoding.d.ts
[2025-02-18 19:43:33.086]:         deleting file: C:\Program Files\NetBeans-2\netbeans\webcommon\typescript-lsp\node_modules\vscode-jsonrpc\lib\common\connection.js
[2025-02-18 19:43:33.088]:         deleting file: C:\Program Files\NetBeans-2\netbeans\webcommon\typescript-lsp\node_modules\vscode-jsonrpc\lib\common\disposable.js
[2025-02-18 19:43:33.089]:         deleting file: C:\Program Files\NetBeans-2\netbeans\webcommon\typescript-lsp\node_modules\vscode-jsonrpc\lib\common\messages.d.ts
[2025-02-18 19:43:33.089]:         deleting file: C:\Program Files\NetBeans-2\netbeans\webcommon\typescript-lsp\node_modules\vscode-languageserver\lib\thenable.d.ts
[2025-02-18 19:43:33.090]:         deleting file: C:\Program Files\NetBeans-2\netbeans\webcommon\typescript-lsp\node_modules\vscode-languageserver\lib\utils\is.d.ts
[2025-02-18 19:43:33.090]:         deleting file: C:\Program Files\NetBeans-2\netbeans\webcommon\typescript-lsp\node_modules\vscode-languageserver\lib\utils\uuid.js
[2025-02-18 19:43:33.091]:         deleting file: C:\Program Files\NetBeans-2\netbeans\webcommon\typescript-lsp\node_modules\typescript\lib\lib.es2015.iterable.d.ts
[2025-02-18 19:43:33.091]:         deleting file: C:\Program Files\NetBeans-2\netbeans\webcommon\typescript-lsp\node_modules\vscode-textbuffer\lib\common\range.d.ts
[2025-02-18 19:43:33.092]:         deleting file: C:\Program Files\NetBeans-2\netbeans\webcommon\typescript-lsp\node_modules\vscode-languageserver-protocol\node.cmd
[2025-02-18 19:43:33.093]:         deleting file: C:\Program Files\NetBeans-2\netbeans\webcommon\typescript-lsp\node_modules\vscode-languageserver-types\License.txt
[2025-02-18 19:43:33.094]:         deleting directory: C:\Program Files\NetBeans-2\netbeans\webcommon\typescript-lsp\node_modules\typescript\loc\lcl\KOR\TypeScriptTasks
[2025-02-18 19:43:33.094]:         deleting directory: C:\Program Files\NetBeans-2\netbeans\webcommon\typescript-lsp\node_modules\typescript\loc\lcl\FRA\TypeScriptTasks
[2025-02-18 19:43:33.094]:         deleting directory: C:\Program Files\NetBeans-2\netbeans\webcommon\typescript-lsp\node_modules\typescript\loc\lcl\JPN\TypeScriptTasks
[2025-02-18 19:43:33.094]:         deleting directory: C:\Program Files\NetBeans-2\netbeans\webcommon\typescript-lsp\node_modules\typescript\loc\lcl\CHS\TypeScriptTasks
[2025-02-18 19:43:33.095]:         deleting directory: C:\Program Files\NetBeans-2\netbeans\webcommon\typescript-lsp\node_modules\typescript\loc\lcl\CSY\TypeScriptTasks
[2025-02-18 19:43:33.095]:         deleting directory: C:\Program Files\NetBeans-2\netbeans\webcommon\typescript-lsp\node_modules\typescript\loc\lcl\RUS\TypeScriptTasks
[2025-02-18 19:43:33.095]:         deleting directory: C:\Program Files\NetBeans-2\netbeans\webcommon\typescript-lsp\node_modules\typescript\loc\lcl\PTB\TypeScriptTasks
[2025-02-18 19:43:33.095]:         deleting directory: C:\Program Files\NetBeans-2\netbeans\webcommon\typescript-lsp\node_modules\typescript\loc\lcl\PLK\TypeScriptTasks
[2025-02-18 19:43:33.096]:         deleting directory: C:\Program Files\NetBeans-2\netbeans\webcommon\typescript-lsp\node_modules\typescript\loc\lcl\TRK\TypeScriptTasks
[2025-02-18 19:43:33.096]:         deleting directory: C:\Program Files\NetBeans-2\netbeans\webcommon\typescript-lsp\node_modules\typescript\loc\lcl\CHT\TypeScriptTasks
[2025-02-18 19:43:33.096]:         deleting directory: C:\Program Files\NetBeans-2\netbeans\webcommon\typescript-lsp\node_modules\typescript\loc\lcl\DEU\TypeScriptTasks
[2025-02-18 19:43:33.096]:         deleting directory: C:\Program Files\NetBeans-2\netbeans\webcommon\typescript-lsp\node_modules\typescript\loc\lcl\ITA\TypeScriptTasks
[2025-02-18 19:43:33.097]:         deleting directory: C:\Program Files\NetBeans-2\netbeans\webcommon\typescript-lsp\node_modules\typescript\loc\lcl\ESN\TypeScriptTasks
[2025-02-18 19:43:33.097]:         deleting file: C:\Program Files\NetBeans-2\netbeans\webcommon\update_tracking\org-netbeans-modules-selenium2-webclient-mocha.xml
[2025-02-18 19:43:33.097]:         deleting file: C:\Program Files\NetBeans-2\netbeans\webcommon\update_tracking\org-netbeans-modules-cordova-platforms-android.xml
[2025-02-18 19:43:33.098]:         deleting file: C:\Program Files\NetBeans-2\netbeans\webcommon\typescript-lsp\node_modules\vscode-jsonrpc\lib\common\semaphore.js
[2025-02-18 19:43:33.098]:         deleting file: C:\Program Files\NetBeans-2\netbeans\webcommon\typescript-lsp\node_modules\vscode-jsonrpc\lib\common\linkedMap.js
[2025-02-18 19:43:33.099]:         deleting file: C:\Program Files\NetBeans-2\netbeans\webcommon\typescript-lsp\node_modules\vscode-languageserver\lib\resolve.d.ts
[2025-02-18 19:43:33.099]:         deleting file: C:\Program Files\NetBeans-2\netbeans\webcommon\typescript-lsp\node_modules\typescript\lib\lib.es2020.promise.d.ts
[2025-02-18 19:43:33.099]:         deleting file: C:\Program Files\NetBeans-2\netbeans\webcommon\typescript-lsp\node_modules\typescript\lib\lib.esnext.promise.d.ts
[2025-02-18 19:43:33.100]:         deleting file: C:\Program Files\NetBeans-2\netbeans\webcommon\typescript-lsp\node_modules\typescript\lib\lib.es2015.reflect.d.ts
[2025-02-18 19:43:33.101]:         deleting file: C:\Program Files\NetBeans-2\netbeans\webcommon\typescript-lsp\node_modules\typescript\lib\typescriptServices.d.ts
[2025-02-18 19:43:33.101]:         deleting file: C:\Program Files\NetBeans-2\netbeans\webcommon\typescript-lsp\node_modules\typescript\lib\lib.es2015.promise.d.ts
[2025-02-18 19:43:33.101]:         deleting file: C:\Program Files\NetBeans-2\netbeans\webcommon\typescript-lsp\node_modules\typescript\lib\lib.es2018.promise.d.ts
[2025-02-18 19:43:33.102]:         deleting file: C:\Program Files\NetBeans-2\netbeans\webcommon\typescript-lsp\node_modules\typescript\lib\lib.esnext.weakref.d.ts
[2025-02-18 19:43:33.103]:         deleting file: C:\Program Files\NetBeans-2\netbeans\webcommon\typescript-lsp\node_modules\vscode-textbuffer\lib\pieceTreeBase.js
[2025-02-18 19:43:33.103]:         deleting file: C:\Program Files\NetBeans-2\netbeans\webcommon\typescript-lsp\node_modules\vscode-textbuffer\src\pieceTreeBase.ts
[2025-02-18 19:43:33.104]:         deleting file: C:\Program Files\NetBeans-2\netbeans\webcommon\typescript-lsp\node_modules\vscode-languageserver-protocol\node.js
[2025-02-18 19:43:33.104]:         deleting file: C:\Program Files\NetBeans-2\netbeans\webcommon\config\Modules\org-netbeans-modules-selenium2-webclient-mocha.xml
[2025-02-18 19:43:33.105]:         deleting file: C:\Program Files\NetBeans-2\netbeans\webcommon\config\Modules\org-netbeans-modules-cordova-platforms-android.xml
[2025-02-18 19:43:33.107]:         deleting file: C:\Program Files\NetBeans-2\netbeans\webcommon\update_tracking\org-netbeans-modules-javascript2-source-query.xml
[2025-02-18 19:43:33.108]:         deleting file: C:\Program Files\NetBeans-2\netbeans\webcommon\typescript-lsp\node_modules\fs-extra\lib\json\output-json-sync.js
[2025-02-18 19:43:33.108]:         deleting file: C:\Program Files\NetBeans-2\netbeans\webcommon\typescript-lsp\node_modules\typescript-language-server\lib\cli.js
[2025-02-18 19:43:33.115]:         deleting file: C:\Program Files\NetBeans-2\netbeans\webcommon\typescript-lsp\node_modules\vscode-jsonrpc\lib\common\encoding.js
[2025-02-18 19:43:33.116]:         deleting file: C:\Program Files\NetBeans-2\netbeans\webcommon\typescript-lsp\node_modules\vscode-jsonrpc\lib\common\events.d.ts
[2025-02-18 19:43:33.116]:         deleting file: C:\Program Files\NetBeans-2\netbeans\webcommon\typescript-lsp\node_modules\vscode-jsonrpc\lib\common\messages.js
[2025-02-18 19:43:33.116]:         deleting file: C:\Program Files\NetBeans-2\netbeans\webcommon\typescript-lsp\node_modules\vscode-languageserver\lib\thenable.js
[2025-02-18 19:43:33.117]:         deleting file: C:\Program Files\NetBeans-2\netbeans\webcommon\typescript-lsp\node_modules\vscode-languageserver\lib\utils\is.js
[2025-02-18 19:43:33.117]:         deleting file: C:\Program Files\NetBeans-2\netbeans\webcommon\typescript-lsp\node_modules\typescript\lib\lib.es2018.regexp.d.ts
[2025-02-18 19:43:33.117]:         deleting file: C:\Program Files\NetBeans-2\netbeans\webcommon\typescript-lsp\node_modules\typescript\lib\lib.es2020.bigint.d.ts
[2025-02-18 19:43:33.118]:         deleting file: C:\Program Files\NetBeans-2\netbeans\webcommon\typescript-lsp\node_modules\typescript\lib\lib.es2019.symbol.d.ts
[2025-02-18 19:43:33.118]:         deleting file: C:\Program Files\NetBeans-2\netbeans\webcommon\typescript-lsp\node_modules\typescript\lib\lib.es2019.object.d.ts
[2025-02-18 19:43:33.119]:         deleting file: C:\Program Files\NetBeans-2\netbeans\webcommon\typescript-lsp\node_modules\typescript\lib\lib.es2017.object.d.ts
[2025-02-18 19:43:33.119]:         deleting file: C:\Program Files\NetBeans-2\netbeans\webcommon\typescript-lsp\node_modules\typescript\lib\lib.es2019.string.d.ts
[2025-02-18 19:43:33.120]:         deleting file: C:\Program Files\NetBeans-2\netbeans\webcommon\typescript-lsp\node_modules\typescript\lib\lib.es2017.string.d.ts
[2025-02-18 19:43:33.120]:         deleting file: C:\Program Files\NetBeans-2\netbeans\webcommon\typescript-lsp\node_modules\typescript\lib\lib.es2015.symbol.d.ts
[2025-02-18 19:43:33.121]:         deleting file: C:\Program Files\NetBeans-2\netbeans\webcommon\typescript-lsp\node_modules\typescript\lib\lib.esnext.string.d.ts
[2025-02-18 19:43:33.122]:         deleting file: C:\Program Files\NetBeans-2\netbeans\webcommon\typescript-lsp\node_modules\typescript\lib\lib.es2020.string.d.ts
[2025-02-18 19:43:33.122]:         deleting file: C:\Program Files\NetBeans-2\netbeans\webcommon\typescript-lsp\node_modules\vscode-textbuffer\lib\rbTreeBase.d.ts
[2025-02-18 19:43:33.123]:         deleting file: C:\Program Files\NetBeans-2\netbeans\webcommon\typescript-lsp\node_modules\vscode-textbuffer\lib\common\range.js
[2025-02-18 19:43:33.124]:         deleting file: C:\Program Files\NetBeans-2\netbeans\webcommon\typescript-lsp\node_modules\vscode-textbuffer\src\common\range.ts
[2025-02-18 19:43:33.124]:         deleting file: C:\Program Files\NetBeans-2\netbeans\webcommon\typescript-lsp\node_modules\vscode-languageserver-types\README.md
[2025-02-18 19:43:33.125]:         deleting file: C:\Program Files\NetBeans-2\netbeans\webcommon\config\Modules\org-netbeans-modules-javascript2-source-query.xml
[2025-02-18 19:43:33.126]:         deleting file: C:\Program Files\NetBeans-2\netbeans\webcommon\update_tracking\org-netbeans-modules-web-javascript-debugger.xml
[2025-02-18 19:43:33.127]:         deleting file: C:\Program Files\NetBeans-2\netbeans\webcommon\update_tracking\org-netbeans-modules-javascript2-prototypejs.xml
[2025-02-18 19:43:33.129]:         deleting file: C:\Program Files\NetBeans-2\netbeans\webcommon\update_tracking\org-netbeans-modules-javascript-jstestdriver.xml
[2025-02-18 19:43:33.129]:         deleting file: C:\Program Files\NetBeans-2\netbeans\webcommon\typescript-lsp\node_modules\fs-extra\lib\ensure\symlink-paths.js
[2025-02-18 19:43:33.130]:         deleting file: C:\Program Files\NetBeans-2\netbeans\webcommon\typescript-lsp\node_modules\vscode-jsonrpc\lib\browser\main.d.ts
[2025-02-18 19:43:33.130]:         deleting file: C:\Program Files\NetBeans-2\netbeans\webcommon\typescript-lsp\node_modules\vscode-jsonrpc\typings\thenable.d.ts
[2025-02-18 19:43:33.131]:         deleting file: C:\Program Files\NetBeans-2\netbeans\webcommon\typescript-lsp\node_modules\vscode-jsonrpc\thirdpartynotices.txt
[2025-02-18 19:43:33.131]:         deleting file: C:\Program Files\NetBeans-2\netbeans\webcommon\typescript-lsp\node_modules\vscode-languageserver\lib\resolve.js
[2025-02-18 19:43:33.132]:         deleting file: C:\Program Files\NetBeans-2\netbeans\webcommon\typescript-lsp\node_modules\vscode-languageserver\lib\files.d.ts
[2025-02-18 19:43:33.133]:         deleting file: C:\Program Files\NetBeans-2\netbeans\webcommon\typescript-lsp\node_modules\typescript\lib\lib.dom.iterable.d.ts
[2025-02-18 19:43:33.134]:         deleting file: C:\Program Files\NetBeans-2\netbeans\webcommon\typescript-lsp\node_modules\typescript\lib\lib.es2015.proxy.d.ts
[2025-02-18 19:43:33.134]:         deleting file: C:\Program Files\NetBeans-2\netbeans\webcommon\typescript-lsp\node_modules\typescript\lib\typescriptServices.js
[2025-02-18 19:43:33.135]:         deleting file: C:\Program Files\NetBeans-2\netbeans\webcommon\typescript-lsp\node_modules\typescript\lib\lib.es2019.array.d.ts
[2025-02-18 19:43:33.135]:         deleting file: C:\Program Files\NetBeans-2\netbeans\webcommon\typescript-lsp\node_modules\command-exists\lib\command-exists.js
[2025-02-18 19:43:33.136]:         deleting directory: C:\Program Files\NetBeans-2\netbeans\webcommon\typescript-lsp\node_modules\vscode-languageserver-types\lib\esm
[2025-02-18 19:43:33.136]:         deleting directory: C:\Program Files\NetBeans-2\netbeans\webcommon\typescript-lsp\node_modules\vscode-languageserver-types\lib\umd
[2025-02-18 19:43:33.136]:         deleting file: C:\Program Files\NetBeans-2\netbeans\webcommon\config\Modules\org-netbeans-modules-web-javascript-debugger.xml
[2025-02-18 19:43:33.137]:         deleting file: C:\Program Files\NetBeans-2\netbeans\webcommon\config\Modules\org-netbeans-modules-javascript2-prototypejs.xml
[2025-02-18 19:43:33.138]:         deleting file: C:\Program Files\NetBeans-2\netbeans\webcommon\config\Modules\org-netbeans-modules-javascript-jstestdriver.xml
[2025-02-18 19:43:33.139]:         deleting file: C:\Program Files\NetBeans-2\netbeans\webcommon\modules\org-netbeans-modules-selenium2-webclient-protractor.jar
[2025-02-18 19:43:33.140]:         deleting file: C:\Program Files\NetBeans-2\netbeans\webcommon\typescript-lsp\node_modules\fs-extra\lib\copy-sync\copy-sync.js
[2025-02-18 19:43:33.141]:         deleting file: C:\Program Files\NetBeans-2\netbeans\webcommon\typescript-lsp\node_modules\fs-extra\lib\ensure\symlink-type.js
[2025-02-18 19:43:33.141]:         deleting file: C:\Program Files\NetBeans-2\netbeans\webcommon\typescript-lsp\node_modules\vscode-jsonrpc\lib\browser\ril.d.ts
[2025-02-18 19:43:33.142]:         deleting file: C:\Program Files\NetBeans-2\netbeans\webcommon\typescript-lsp\node_modules\vscode-jsonrpc\lib\common\events.js
[2025-02-18 19:43:33.142]:         deleting file: C:\Program Files\NetBeans-2\netbeans\webcommon\typescript-lsp\node_modules\vscode-languageserver\lib\main.d.ts
[2025-02-18 19:43:33.142]:         deleting file: C:\Program Files\NetBeans-2\netbeans\webcommon\typescript-lsp\node_modules\typescript\lib\lib.es2018.full.d.ts
[2025-02-18 19:43:33.143]:         deleting file: C:\Program Files\NetBeans-2\netbeans\webcommon\typescript-lsp\node_modules\typescript\lib\lib.es2016.full.d.ts
[2025-02-18 19:43:33.143]:         deleting file: C:\Program Files\NetBeans-2\netbeans\webcommon\typescript-lsp\node_modules\typescript\lib\lib.es2018.intl.d.ts
[2025-02-18 19:43:33.143]:         deleting file: C:\Program Files\NetBeans-2\netbeans\webcommon\typescript-lsp\node_modules\typescript\lib\lib.es2020.full.d.ts
[2025-02-18 19:43:33.144]:         deleting file: C:\Program Files\NetBeans-2\netbeans\webcommon\typescript-lsp\node_modules\typescript\lib\lib.es2015.core.d.ts
[2025-02-18 19:43:33.144]:         deleting file: C:\Program Files\NetBeans-2\netbeans\webcommon\typescript-lsp\node_modules\typescript\lib\lib.es2019.full.d.ts
[2025-02-18 19:43:33.145]:         deleting file: C:\Program Files\NetBeans-2\netbeans\webcommon\typescript-lsp\node_modules\typescript\lib\tsserverlibrary.d.ts
[2025-02-18 19:43:33.145]:         deleting file: C:\Program Files\NetBeans-2\netbeans\webcommon\typescript-lsp\node_modules\typescript\lib\lib.esnext.intl.d.ts
[2025-02-18 19:43:33.146]:         deleting file: C:\Program Files\NetBeans-2\netbeans\webcommon\typescript-lsp\node_modules\typescript\lib\lib.esnext.full.d.ts
[2025-02-18 19:43:33.146]:         deleting file: C:\Program Files\NetBeans-2\netbeans\webcommon\typescript-lsp\node_modules\typescript\lib\lib.es2020.intl.d.ts
[2025-02-18 19:43:33.147]:         deleting file: C:\Program Files\NetBeans-2\netbeans\webcommon\typescript-lsp\node_modules\typescript\lib\cancellationToken.js
[2025-02-18 19:43:33.147]:         deleting file: C:\Program Files\NetBeans-2\netbeans\webcommon\typescript-lsp\node_modules\typescript\lib\lib.es2017.intl.d.ts
[2025-02-18 19:43:33.148]:         deleting file: C:\Program Files\NetBeans-2\netbeans\webcommon\typescript-lsp\node_modules\typescript\lib\lib.es2017.full.d.ts
[2025-02-18 19:43:33.149]:         deleting file: C:\Program Files\NetBeans-2\netbeans\webcommon\typescript-lsp\node_modules\typescript\ThirdPartyNoticeText.txt
[2025-02-18 19:43:33.149]:         deleting file: C:\Program Files\NetBeans-2\netbeans\webcommon\typescript-lsp\node_modules\vscode-textbuffer\lib\rbTreeBase.js
[2025-02-18 19:43:33.149]:         deleting file: C:\Program Files\NetBeans-2\netbeans\webcommon\typescript-lsp\node_modules\vscode-textbuffer\src\rbTreeBase.ts
[2025-02-18 19:43:33.149]:         deleting directory: C:\Program Files\NetBeans-2\netbeans\webcommon\typescript-lsp\node_modules\vscode-languageserver-protocol\lib
[2025-02-18 19:43:33.151]:         deleting file: C:\Program Files\NetBeans-2\netbeans\webcommon\update_tracking\org-netbeans-modules-web-clientproject-api.xml
[2025-02-18 19:43:33.151]:         deleting file: C:\Program Files\NetBeans-2\netbeans\webcommon\update_tracking\org-netbeans-modules-javascript-v8debug-ui.xml
[2025-02-18 19:43:33.151]:         deleting file: C:\Program Files\NetBeans-2\netbeans\webcommon\update_tracking\org-netbeans-modules-javascript2-requirejs.xml
[2025-02-18 19:43:33.152]:         deleting file: C:\Program Files\NetBeans-2\netbeans\webcommon\typescript-lsp\node_modules\fs-extra\lib\mkdirs\mkdirs-sync.js
[2025-02-18 19:43:33.153]:         deleting file: C:\Program Files\NetBeans-2\netbeans\webcommon\typescript-lsp\node_modules\typescript-language-server\LICENSE
[2025-02-18 19:43:33.153]:         deleting file: C:\Program Files\NetBeans-2\netbeans\webcommon\typescript-lsp\node_modules\vscode-jsonrpc\lib\browser\main.js
[2025-02-18 19:43:33.153]:         deleting file: C:\Program Files\NetBeans-2\netbeans\webcommon\typescript-lsp\node_modules\vscode-jsonrpc\lib\common\ral.d.ts
[2025-02-18 19:43:33.154]:         deleting file: C:\Program Files\NetBeans-2\netbeans\webcommon\typescript-lsp\node_modules\vscode-jsonrpc\lib\common\api.d.ts
[2025-02-18 19:43:33.154]:         deleting file: C:\Program Files\NetBeans-2\netbeans\webcommon\typescript-lsp\node_modules\vscode-languageserver\lib\files.js
[2025-02-18 19:43:33.155]:         deleting file: C:\Program Files\NetBeans-2\netbeans\webcommon\typescript-lsp\node_modules\vscode-languageserver\package.json
[2025-02-18 19:43:33.158]:         deleting file: C:\Program Files\NetBeans-2\netbeans\webcommon\typescript-lsp\node_modules\typescript\lib\lib.scripthost.d.ts
[2025-02-18 19:43:33.158]:         deleting file: C:\Program Files\NetBeans-2\netbeans\webcommon\typescript-lsp\node_modules\typescript\lib\typingsInstaller.js
[2025-02-18 19:43:33.159]:         deleting file: C:\Program Files\NetBeans-2\netbeans\webcommon\config\Modules\org-netbeans-modules-web-clientproject-api.xml
[2025-02-18 19:43:33.159]:         deleting file: C:\Program Files\NetBeans-2\netbeans\webcommon\config\Modules\org-netbeans-modules-javascript-v8debug-ui.xml
[2025-02-18 19:43:33.160]:         deleting file: C:\Program Files\NetBeans-2\netbeans\webcommon\config\Modules\org-netbeans-modules-javascript2-requirejs.xml
[2025-02-18 19:43:33.160]:         deleting file: C:\Program Files\NetBeans-2\netbeans\webcommon\update_tracking\org-netbeans-modules-languages-apacheconf.xml
[2025-02-18 19:43:33.161]:         deleting file: C:\Program Files\NetBeans-2\netbeans\webcommon\update_tracking\org-netbeans-modules-javascript2-knockout.xml
[2025-02-18 19:43:33.161]:         deleting file: C:\Program Files\NetBeans-2\netbeans\webcommon\typescript-lsp\node_modules\fs-extra\lib\path-exists\index.js
[2025-02-18 19:43:33.161]:         deleting file: C:\Program Files\NetBeans-2\netbeans\webcommon\typescript-lsp\node_modules\vscode-jsonrpc\lib\browser\ril.js
[2025-02-18 19:43:33.162]:         deleting file: C:\Program Files\NetBeans-2\netbeans\webcommon\typescript-lsp\node_modules\vscode-jsonrpc\lib\common\is.d.ts
[2025-02-18 19:43:33.163]:         deleting file: C:\Program Files\NetBeans-2\netbeans\webcommon\typescript-lsp\node_modules\vscode-jsonrpc\lib\node\main.d.ts
[2025-02-18 19:43:33.163]:         deleting file: C:\Program Files\NetBeans-2\netbeans\webcommon\typescript-lsp\node_modules\vscode-languageserver\lib\main.js
[2025-02-18 19:43:33.163]:         deleting file: C:\Program Files\NetBeans-2\netbeans\webcommon\typescript-lsp\node_modules\vscode-languageserver\License.txt
[2025-02-18 19:43:33.164]:         deleting file: C:\Program Files\NetBeans-2\netbeans\webcommon\typescript-lsp\node_modules\typescript\lib\lib.webworker.d.ts
[2025-02-18 19:43:33.164]:         deleting file: C:\Program Files\NetBeans-2\netbeans\webcommon\typescript-lsp\node_modules\typescript\lib\tsserverlibrary.js
[2025-02-18 19:43:33.165]:         deleting file: C:\Program Files\NetBeans-2\netbeans\webcommon\typescript-lsp\node_modules\crypto-random-string\package.json
[2025-02-18 19:43:33.165]:         deleting file: C:\Program Files\NetBeans-2\netbeans\webcommon\config\Modules\org-netbeans-modules-languages-apacheconf.xml
[2025-02-18 19:43:33.166]:         deleting file: C:\Program Files\NetBeans-2\netbeans\webcommon\config\Modules\org-netbeans-modules-javascript2-knockout.xml
[2025-02-18 19:43:33.166]:         deleting file: C:\Program Files\NetBeans-2\netbeans\webcommon\update_tracking\org-netbeans-modules-selenium2-webclient.xml
[2025-02-18 19:43:33.166]:         deleting file: C:\Program Files\NetBeans-2\netbeans\webcommon\typescript-lsp\node_modules\fs-extra\lib\json\output-json.js
[2025-02-18 19:43:33.167]:         deleting file: C:\Program Files\NetBeans-2\netbeans\webcommon\typescript-lsp\node_modules\vscode-uri\.vscode\settings.json
[2025-02-18 19:43:33.168]:         deleting file: C:\Program Files\NetBeans-2\netbeans\webcommon\typescript-lsp\node_modules\vscode-jsonrpc\lib\common\api.js
[2025-02-18 19:43:33.169]:         deleting file: C:\Program Files\NetBeans-2\netbeans\webcommon\typescript-lsp\node_modules\vscode-jsonrpc\lib\common\ral.js
[2025-02-18 19:43:33.170]:         deleting file: C:\Program Files\NetBeans-2\netbeans\webcommon\typescript-lsp\node_modules\vscode-jsonrpc\lib\node\ril.d.ts
[2025-02-18 19:43:33.170]:         deleting file: C:\Program Files\NetBeans-2\netbeans\webcommon\typescript-lsp\node_modules\vscode-textbuffer\jest.config.js
[2025-02-18 19:43:33.171]:         deleting file: C:\Program Files\NetBeans-2\netbeans\webcommon\typescript-lsp\node_modules\vscode-textbuffer\lib\index.d.ts
[2025-02-18 19:43:33.175]:         deleting directory: C:\Program Files\NetBeans-2\netbeans\webcommon\typescript-lsp\node_modules\vscode-languageserver-types\lib
[2025-02-18 19:43:33.175]:         deleting directory: C:\Program Files\NetBeans-2\netbeans\webcommon\typescript-lsp\node_modules\vscode-languageserver\lib\utils
[2025-02-18 19:43:33.176]:         deleting file: C:\Program Files\NetBeans-2\netbeans\webcommon\config\Modules\org-netbeans-modules-selenium2-webclient.xml
[2025-02-18 19:43:33.176]:         deleting file: C:\Program Files\NetBeans-2\netbeans\webcommon\update_tracking\org-netbeans-modules-web-webkit-tooling.xml
[2025-02-18 19:43:33.177]:         deleting file: C:\Program Files\NetBeans-2\netbeans\webcommon\update_tracking\org-netbeans-modules-javascript-v8debug.xml
[2025-02-18 19:43:33.177]:         deleting file: C:\Program Files\NetBeans-2\netbeans\webcommon\update_tracking\org-netbeans-modules-javascript2-nodejs.xml
[2025-02-18 19:43:33.178]:         deleting file: C:\Program Files\NetBeans-2\netbeans\webcommon\update_tracking\org-netbeans-modules-javascript2-editor.xml
[2025-02-18 19:43:33.178]:         deleting file: C:\Program Files\NetBeans-2\netbeans\webcommon\update_tracking\org-netbeans-modules-web-client-samples.xml
[2025-02-18 19:43:33.178]:         deleting file: C:\Program Files\NetBeans-2\netbeans\webcommon\update_tracking\org-netbeans-modules-javascript2-jquery.xml
[2025-02-18 19:43:33.179]:         deleting file: C:\Program Files\NetBeans-2\netbeans\webcommon\update_tracking\org-netbeans-modules-javascript2-extdoc.xml
[2025-02-18 19:43:33.179]:         deleting file: C:\Program Files\NetBeans-2\netbeans\webcommon\typescript-lsp\node_modules\fs-extra\lib\move-sync\index.js
[2025-02-18 19:43:33.180]:         deleting file: C:\Program Files\NetBeans-2\netbeans\webcommon\typescript-lsp\node_modules\fs-extra\lib\copy-sync\index.js
[2025-02-18 19:43:33.180]:         deleting file: C:\Program Files\NetBeans-2\netbeans\webcommon\typescript-lsp\node_modules\vscode-jsonrpc\lib\common\is.js
[2025-02-18 19:43:33.181]:         deleting file: C:\Program Files\NetBeans-2\netbeans\webcommon\typescript-lsp\node_modules\vscode-jsonrpc\lib\node\main.js
[2025-02-18 19:43:33.181]:         deleting file: C:\Program Files\NetBeans-2\netbeans\webcommon\typescript-lsp\node_modules\vscode-languageserver\README.md
[2025-02-18 19:43:33.181]:         deleting file: C:\Program Files\NetBeans-2\netbeans\webcommon\typescript-lsp\node_modules\vscode-textbuffer\tsconfig.json
[2025-02-18 19:43:33.182]:         deleting directory: C:\Program Files\NetBeans-2\netbeans\webcommon\typescript-lsp\node_modules\vscode-languageserver-protocol
[2025-02-18 19:43:33.182]:         deleting directory: C:\Program Files\NetBeans-2\netbeans\webcommon\typescript-lsp\node_modules\typescript-language-server\lib
[2025-02-18 19:43:33.182]:         deleting directory: C:\Program Files\NetBeans-2\netbeans\webcommon\typescript-lsp\node_modules\typescript\loc\lcl\KOR\Targets
[2025-02-18 19:43:33.182]:         deleting directory: C:\Program Files\NetBeans-2\netbeans\webcommon\typescript-lsp\node_modules\typescript\loc\lcl\FRA\Targets
[2025-02-18 19:43:33.183]:         deleting directory: C:\Program Files\NetBeans-2\netbeans\webcommon\typescript-lsp\node_modules\typescript\loc\lcl\JPN\Targets
[2025-02-18 19:43:33.183]:         deleting directory: C:\Program Files\NetBeans-2\netbeans\webcommon\typescript-lsp\node_modules\typescript\loc\lcl\CHS\Targets
[2025-02-18 19:43:33.183]:         deleting directory: C:\Program Files\NetBeans-2\netbeans\webcommon\typescript-lsp\node_modules\typescript\loc\lcl\CSY\Targets
[2025-02-18 19:43:33.184]:         deleting directory: C:\Program Files\NetBeans-2\netbeans\webcommon\typescript-lsp\node_modules\typescript\loc\lcl\RUS\Targets
[2025-02-18 19:43:33.184]:         deleting directory: C:\Program Files\NetBeans-2\netbeans\webcommon\typescript-lsp\node_modules\typescript\loc\lcl\PTB\Targets
[2025-02-18 19:43:33.184]:         deleting directory: C:\Program Files\NetBeans-2\netbeans\webcommon\typescript-lsp\node_modules\typescript\loc\lcl\PLK\Targets
[2025-02-18 19:43:33.190]:         deleting directory: C:\Program Files\NetBeans-2\netbeans\webcommon\typescript-lsp\node_modules\typescript\loc\lcl\TRK\Targets
[2025-02-18 19:43:33.190]:         deleting directory: C:\Program Files\NetBeans-2\netbeans\webcommon\typescript-lsp\node_modules\typescript\loc\lcl\CHT\Targets
[2025-02-18 19:43:33.190]:         deleting directory: C:\Program Files\NetBeans-2\netbeans\webcommon\typescript-lsp\node_modules\typescript\loc\lcl\DEU\Targets
[2025-02-18 19:43:33.191]:         deleting directory: C:\Program Files\NetBeans-2\netbeans\webcommon\typescript-lsp\node_modules\typescript\loc\lcl\ITA\Targets
[2025-02-18 19:43:33.191]:         deleting directory: C:\Program Files\NetBeans-2\netbeans\webcommon\typescript-lsp\node_modules\typescript\loc\lcl\ESN\Targets
[2025-02-18 19:43:33.191]:         deleting file: C:\Program Files\NetBeans-2\netbeans\webcommon\config\Modules\org-netbeans-modules-web-webkit-tooling.xml
[2025-02-18 19:43:33.192]:         deleting file: C:\Program Files\NetBeans-2\netbeans\webcommon\config\Modules\org-netbeans-modules-javascript-v8debug.xml
[2025-02-18 19:43:33.192]:         deleting file: C:\Program Files\NetBeans-2\netbeans\webcommon\config\Modules\org-netbeans-modules-javascript2-nodejs.xml
[2025-02-18 19:43:33.192]:         deleting file: C:\Program Files\NetBeans-2\netbeans\webcommon\config\Modules\org-netbeans-modules-javascript2-editor.xml
[2025-02-18 19:43:33.193]:         deleting file: C:\Program Files\NetBeans-2\netbeans\webcommon\config\Modules\org-netbeans-modules-web-client-samples.xml
[2025-02-18 19:43:33.193]:         deleting file: C:\Program Files\NetBeans-2\netbeans\webcommon\config\Modules\org-netbeans-modules-javascript2-jquery.xml
[2025-02-18 19:43:33.193]:         deleting file: C:\Program Files\NetBeans-2\netbeans\webcommon\config\Modules\org-netbeans-modules-javascript2-extdoc.xml
[2025-02-18 19:43:33.194]:         deleting file: C:\Program Files\NetBeans-2\netbeans\webcommon\modules\org-netbeans-modules-selenium2-webclient-mocha.jar
[2025-02-18 19:43:33.194]:         deleting file: C:\Program Files\NetBeans-2\netbeans\webcommon\modules\org-netbeans-modules-cordova-platforms-android.jar
[2025-02-18 19:43:33.195]:         deleting file: C:\Program Files\NetBeans-2\netbeans\webcommon\update_tracking\org-netbeans-modules-javascript2-lexer.xml
[2025-02-18 19:43:33.195]:         deleting file: C:\Program Files\NetBeans-2\netbeans\webcommon\update_tracking\org-netbeans-modules-javascript2-model.xml
[2025-02-18 19:43:33.196]:         deleting file: C:\Program Files\NetBeans-2\netbeans\webcommon\update_tracking\org-netbeans-modules-cordova-platforms.xml
[2025-02-18 19:43:33.197]:         deleting file: C:\Program Files\NetBeans-2\netbeans\webcommon\update_tracking\org-netbeans-modules-javascript2-types.xml
[2025-02-18 19:43:33.198]:         deleting file: C:\Program Files\NetBeans-2\netbeans\webcommon\update_tracking\org-netbeans-modules-javascript2-jsdoc.xml
[2025-02-18 19:43:33.198]:         deleting file: C:\Program Files\NetBeans-2\netbeans\webcommon\update_tracking\org-netbeans-modules-web-clientproject.xml
[2025-02-18 19:43:33.199]:         deleting file: C:\Program Files\NetBeans-2\netbeans\webcommon\update_tracking\org-netbeans-modules-extbrowser-chrome.xml
[2025-02-18 19:43:33.199]:         deleting file: C:\Program Files\NetBeans-2\netbeans\webcommon\update_tracking\org-netbeans-modules-javascript2-extjs.xml
[2025-02-18 19:43:33.199]:         deleting file: C:\Program Files\NetBeans-2\netbeans\webcommon\update_tracking\org-netbeans-modules-typescript-editor.xml
[2025-02-18 19:43:33.200]:         deleting file: C:\Program Files\NetBeans-2\netbeans\webcommon\update_tracking\org-netbeans-modules-javascript2-react.xml
[2025-02-18 19:43:33.200]:         deleting file: C:\Program Files\NetBeans-2\netbeans\webcommon\update_tracking\org-netbeans-modules-javascript-nodejs.xml
[2025-02-18 19:43:33.201]:         deleting file: C:\Program Files\NetBeans-2\netbeans\webcommon\typescript-lsp\node_modules\fs-extra\lib\ensure\symlink.js
[2025-02-18 19:43:33.205]:         deleting file: C:\Program Files\NetBeans-2\netbeans\webcommon\typescript-lsp\node_modules\vscode-jsonrpc\lib\node\ril.js
[2025-02-18 19:43:33.206]:         deleting file: C:\Program Files\NetBeans-2\netbeans\webcommon\typescript-lsp\node_modules\typescript\CopyrightNotice.txt
[2025-02-18 19:43:33.206]:         deleting file: C:\Program Files\NetBeans-2\netbeans\webcommon\typescript-lsp\node_modules\typescript\lib\lib.es2015.d.ts
[2025-02-18 19:43:33.208]:         deleting file: C:\Program Files\NetBeans-2\netbeans\webcommon\typescript-lsp\node_modules\typescript\lib\lib.es2018.d.ts
[2025-02-18 19:43:33.208]:         deleting file: C:\Program Files\NetBeans-2\netbeans\webcommon\typescript-lsp\node_modules\typescript\lib\typescript.d.ts
[2025-02-18 19:43:33.209]:         deleting file: C:\Program Files\NetBeans-2\netbeans\webcommon\typescript-lsp\node_modules\typescript\lib\lib.es2017.d.ts
[2025-02-18 19:43:33.209]:         deleting file: C:\Program Files\NetBeans-2\netbeans\webcommon\typescript-lsp\node_modules\typescript\lib\lib.es2019.d.ts
[2025-02-18 19:43:33.209]:         deleting file: C:\Program Files\NetBeans-2\netbeans\webcommon\typescript-lsp\node_modules\typescript\lib\lib.es2020.d.ts
[2025-02-18 19:43:33.210]:         deleting file: C:\Program Files\NetBeans-2\netbeans\webcommon\typescript-lsp\node_modules\typescript\lib\lib.esnext.d.ts
[2025-02-18 19:43:33.211]:         deleting file: C:\Program Files\NetBeans-2\netbeans\webcommon\typescript-lsp\node_modules\typescript\lib\lib.es2016.d.ts
[2025-02-18 19:43:33.211]:         deleting file: C:\Program Files\NetBeans-2\netbeans\webcommon\typescript-lsp\node_modules\vscode-textbuffer\lib\index.js
[2025-02-18 19:43:33.211]:         deleting file: C:\Program Files\NetBeans-2\netbeans\webcommon\typescript-lsp\node_modules\vscode-textbuffer\src\index.ts
[2025-02-18 19:43:33.212]:         deleting file: C:\Program Files\NetBeans-2\netbeans\webcommon\typescript-lsp\node_modules\vscode-textbuffer\package.json
[2025-02-18 19:43:33.212]:         deleting file: C:\Program Files\NetBeans-2\netbeans\webcommon\typescript-lsp\node_modules\crypto-random-string\readme.md
[2025-02-18 19:43:33.213]:         deleting file: C:\Program Files\NetBeans-2\netbeans\webcommon\config\Modules\org-netbeans-modules-javascript2-lexer.xml
[2025-02-18 19:43:33.213]:         deleting file: C:\Program Files\NetBeans-2\netbeans\webcommon\config\Modules\org-netbeans-modules-javascript2-model.xml
[2025-02-18 19:43:33.214]:         deleting file: C:\Program Files\NetBeans-2\netbeans\webcommon\config\Modules\org-netbeans-modules-cordova-platforms.xml
[2025-02-18 19:43:33.214]:         deleting file: C:\Program Files\NetBeans-2\netbeans\webcommon\config\Modules\org-netbeans-modules-javascript2-types.xml
[2025-02-18 19:43:33.215]:         deleting file: C:\Program Files\NetBeans-2\netbeans\webcommon\config\Modules\org-netbeans-modules-javascript2-jsdoc.xml
[2025-02-18 19:43:33.215]:         deleting file: C:\Program Files\NetBeans-2\netbeans\webcommon\config\Modules\org-netbeans-modules-web-clientproject.xml
[2025-02-18 19:43:33.216]:         deleting file: C:\Program Files\NetBeans-2\netbeans\webcommon\config\Modules\org-netbeans-modules-extbrowser-chrome.xml
[2025-02-18 19:43:33.216]:         deleting file: C:\Program Files\NetBeans-2\netbeans\webcommon\config\Modules\org-netbeans-modules-javascript2-extjs.xml
[2025-02-18 19:43:33.216]:         deleting file: C:\Program Files\NetBeans-2\netbeans\webcommon\config\Modules\org-netbeans-modules-typescript-editor.xml
[2025-02-18 19:43:33.217]:         deleting file: C:\Program Files\NetBeans-2\netbeans\webcommon\config\Modules\org-netbeans-modules-javascript2-react.xml
[2025-02-18 19:43:33.217]:         deleting file: C:\Program Files\NetBeans-2\netbeans\webcommon\config\Modules\org-netbeans-modules-javascript-nodejs.xml
[2025-02-18 19:43:33.219]:         deleting file: C:\Program Files\NetBeans-2\netbeans\webcommon\modules\org-netbeans-modules-javascript2-source-query.jar
[2025-02-18 19:43:33.219]:         deleting file: C:\Program Files\NetBeans-2\netbeans\webcommon\update_tracking\org-netbeans-modules-javascript-bower.xml
[2025-02-18 19:43:33.221]:         deleting file: C:\Program Files\NetBeans-2\netbeans\webcommon\update_tracking\org-netbeans-modules-javascript2-json.xml
[2025-02-18 19:43:33.222]:         deleting file: C:\Program Files\NetBeans-2\netbeans\webcommon\update_tracking\org-netbeans-modules-javascript2-jade.xml
[2025-02-18 19:43:33.222]:         deleting file: C:\Program Files\NetBeans-2\netbeans\webcommon\update_tracking\org-netbeans-modules-javascript2-sdoc.xml
[2025-02-18 19:43:33.222]:         deleting file: C:\Program Files\NetBeans-2\netbeans\webcommon\update_tracking\org-netbeans-modules-javascript-grunt.xml
[2025-02-18 19:43:33.223]:         deleting file: C:\Program Files\NetBeans-2\netbeans\webcommon\update_tracking\org-netbeans-modules-javascript-cdnjs.xml
[2025-02-18 19:43:33.223]:         deleting file: C:\Program Files\NetBeans-2\netbeans\webcommon\update_tracking\org-netbeans-modules-javascript2-html.xml
[2025-02-18 19:43:33.223]:         deleting file: C:\Program Files\NetBeans-2\netbeans\webcommon\update_tracking\org-netbeans-modules-javascript-karma.xml
[2025-02-18 19:43:33.224]:         deleting file: C:\Program Files\NetBeans-2\netbeans\webcommon\typescript-lsp\node_modules\fs-extra\lib\remove\rimraf.js
[2025-02-18 19:43:33.224]:         deleting file: C:\Program Files\NetBeans-2\netbeans\webcommon\typescript-lsp\node_modules\fs-extra\lib\json\jsonfile.js
[2025-02-18 19:43:33.226]:         deleting file: C:\Program Files\NetBeans-2\netbeans\webcommon\typescript-lsp\node_modules\fs-extra\lib\mkdirs\mkdirs.js
[2025-02-18 19:43:33.226]:         deleting file: C:\Program Files\NetBeans-2\netbeans\webcommon\typescript-lsp\node_modules\vscode-uri\lib\esm\index.d.ts
[2025-02-18 19:43:33.227]:         deleting file: C:\Program Files\NetBeans-2\netbeans\webcommon\typescript-lsp\node_modules\vscode-uri\lib\umd\index.d.ts
[2025-02-18 19:43:33.227]:         deleting file: C:\Program Files\NetBeans-2\netbeans\webcommon\typescript-lsp\node_modules\graceful-fs\legacy-streams.js
[2025-02-18 19:43:33.228]:         deleting file: C:\Program Files\NetBeans-2\netbeans\webcommon\typescript-lsp\node_modules\typescript\CODE_OF_CONDUCT.md
[2025-02-18 19:43:33.228]:         deleting file: C:\Program Files\NetBeans-2\netbeans\webcommon\typescript-lsp\node_modules\crypto-random-string\index.js
[2025-02-18 19:43:33.229]:         deleting directory: C:\Program Files\NetBeans-2\netbeans\webcommon\typescript-lsp\node_modules\vscode-textbuffer\lib\common
[2025-02-18 19:43:33.229]:         deleting directory: C:\Program Files\NetBeans-2\netbeans\webcommon\typescript-lsp\node_modules\vscode-textbuffer\src\common
[2025-02-18 19:43:33.229]:         deleting file: C:\Program Files\NetBeans-2\netbeans\webcommon\config\Modules\org-netbeans-modules-javascript-bower.xml
[2025-02-18 19:43:33.230]:         deleting file: C:\Program Files\NetBeans-2\netbeans\webcommon\config\Modules\org-netbeans-modules-javascript2-json.xml
[2025-02-18 19:43:33.230]:         deleting file: C:\Program Files\NetBeans-2\netbeans\webcommon\config\Modules\org-netbeans-modules-javascript2-jade.xml
[2025-02-18 19:43:33.230]:         deleting file: C:\Program Files\NetBeans-2\netbeans\webcommon\config\Modules\org-netbeans-modules-javascript2-sdoc.xml
[2025-02-18 19:43:33.232]:         deleting file: C:\Program Files\NetBeans-2\netbeans\webcommon\config\Modules\org-netbeans-modules-javascript-grunt.xml
[2025-02-18 19:43:33.232]:         deleting file: C:\Program Files\NetBeans-2\netbeans\webcommon\config\Modules\org-netbeans-modules-javascript-cdnjs.xml
[2025-02-18 19:43:33.233]:         deleting file: C:\Program Files\NetBeans-2\netbeans\webcommon\config\Modules\org-netbeans-modules-javascript2-html.xml
[2025-02-18 19:43:33.234]:         deleting file: C:\Program Files\NetBeans-2\netbeans\webcommon\config\Modules\org-netbeans-modules-javascript-karma.xml
[2025-02-18 19:43:33.234]:         deleting file: C:\Program Files\NetBeans-2\netbeans\webcommon\modules\org-netbeans-modules-javascript2-prototypejs.jar
[2025-02-18 19:43:33.235]:         deleting file: C:\Program Files\NetBeans-2\netbeans\webcommon\modules\org-netbeans-modules-web-javascript-debugger.jar
[2025-02-18 19:43:33.238]:         deleting file: C:\Program Files\NetBeans-2\netbeans\webcommon\modules\org-netbeans-modules-javascript-jstestdriver.jar
[2025-02-18 19:43:33.239]:         deleting file: C:\Program Files\NetBeans-2\netbeans\webcommon\ant\extra\org-netbeans-modules-cordova-projectupdate.jar
[2025-02-18 19:43:33.239]:         deleting file: C:\Program Files\NetBeans-2\netbeans\webcommon\update_tracking\org-netbeans-modules-javascript2-doc.xml
[2025-02-18 19:43:33.240]:         deleting file: C:\Program Files\NetBeans-2\netbeans\webcommon\update_tracking\org-netbeans-modules-javascript2-kit.xml
[2025-02-18 19:43:33.240]:         deleting file: C:\Program Files\NetBeans-2\netbeans\webcommon\update_tracking\org-netbeans-modules-javascript-gulp.xml
[2025-02-18 19:43:33.241]:         deleting file: C:\Program Files\NetBeans-2\netbeans\webcommon\typescript-lsp\node_modules\fs-extra\lib\output\index.js
[2025-02-18 19:43:33.241]:         deleting file: C:\Program Files\NetBeans-2\netbeans\webcommon\typescript-lsp\node_modules\fs-extra\lib\remove\index.js
[2025-02-18 19:43:33.241]:         deleting file: C:\Program Files\NetBeans-2\netbeans\webcommon\typescript-lsp\node_modules\fs-extra\lib\ensure\index.js
[2025-02-18 19:43:33.242]:         deleting file: C:\Program Files\NetBeans-2\netbeans\webcommon\typescript-lsp\node_modules\fs-extra\lib\mkdirs\win32.js
[2025-02-18 19:43:33.242]:         deleting file: C:\Program Files\NetBeans-2\netbeans\webcommon\typescript-lsp\node_modules\fs-extra\lib\mkdirs\index.js
[2025-02-18 19:43:33.243]:         deleting file: C:\Program Files\NetBeans-2\netbeans\webcommon\typescript-lsp\node_modules\typescript\lib\watchGuard.js
[2025-02-18 19:43:33.243]:         deleting file: C:\Program Files\NetBeans-2\netbeans\webcommon\typescript-lsp\node_modules\typescript\lib\typesMap.json
[2025-02-18 19:43:33.244]:         deleting file: C:\Program Files\NetBeans-2\netbeans\webcommon\typescript-lsp\node_modules\typescript\lib\typescript.js
[2025-02-18 19:43:33.244]:         deleting file: C:\Program Files\NetBeans-2\netbeans\webcommon\typescript-lsp\node_modules\typescript\lib\protocol.d.ts
[2025-02-18 19:43:33.244]:         deleting file: C:\Program Files\NetBeans-2\netbeans\webcommon\typescript-lsp\node_modules\commander\typings\index.d.ts
[2025-02-18 19:43:33.245]:         deleting file: C:\Program Files\NetBeans-2\netbeans\webcommon\typescript-lsp\node_modules\crypto-random-string\license
[2025-02-18 19:43:33.245]:         deleting directory: C:\Program Files\NetBeans-2\netbeans\webcommon\typescript-lsp\node_modules\vscode-languageserver-types
[2025-02-18 19:43:33.246]:         deleting file: C:\Program Files\NetBeans-2\netbeans\webcommon\config\Modules\org-netbeans-modules-javascript2-doc.xml
[2025-02-18 19:43:33.246]:         deleting file: C:\Program Files\NetBeans-2\netbeans\webcommon\config\Modules\org-netbeans-modules-javascript2-kit.xml
[2025-02-18 19:43:33.246]:         deleting file: C:\Program Files\NetBeans-2\netbeans\webcommon\config\Modules\org-netbeans-modules-javascript-gulp.xml
[2025-02-18 19:43:33.248]:         deleting file: C:\Program Files\NetBeans-2\netbeans\webcommon\update_tracking\org-netbeans-modules-web-client-kit.xml
[2025-02-18 19:43:33.248]:         deleting file: C:\Program Files\NetBeans-2\netbeans\webcommon\typescript-lsp\node_modules\fs-extra\lib\util\buffer.js
[2025-02-18 19:43:33.248]:         deleting file: C:\Program Files\NetBeans-2\netbeans\webcommon\typescript-lsp\node_modules\fs-extra\lib\util\utimes.js
[2025-02-18 19:43:33.249]:         deleting file: C:\Program Files\NetBeans-2\netbeans\webcommon\typescript-lsp\node_modules\fs-extra\lib\empty\index.js
[2025-02-18 19:43:33.249]:         deleting file: C:\Program Files\NetBeans-2\netbeans\webcommon\typescript-lsp\node_modules\fs-extra\lib\ensure\file.js
[2025-02-18 19:43:33.249]:         deleting file: C:\Program Files\NetBeans-2\netbeans\webcommon\typescript-lsp\node_modules\fs-extra\lib\ensure\link.js
[2025-02-18 19:43:33.250]:         deleting file: C:\Program Files\NetBeans-2\netbeans\webcommon\typescript-lsp\node_modules\vscode-uri\lib\esm\index.js
[2025-02-18 19:43:33.253]:         deleting file: C:\Program Files\NetBeans-2\netbeans\webcommon\typescript-lsp\node_modules\vscode-uri\lib\umd\index.js
[2025-02-18 19:43:33.253]:         deleting file: C:\Program Files\NetBeans-2\netbeans\webcommon\typescript-lsp\node_modules\vscode-jsonrpc\package.json
[2025-02-18 19:43:33.253]:         deleting file: C:\Program Files\NetBeans-2\netbeans\webcommon\typescript-lsp\node_modules\vscode-jsonrpc\browser.d.ts
[2025-02-18 19:43:33.255]:         deleting file: C:\Program Files\NetBeans-2\netbeans\webcommon\typescript-lsp\node_modules\typescript\lib\lib.es6.d.ts
[2025-02-18 19:43:33.255]:         deleting file: C:\Program Files\NetBeans-2\netbeans\webcommon\typescript-lsp\node_modules\typescript\lib\lib.es5.d.ts
[2025-02-18 19:43:33.255]:         deleting file: C:\Program Files\NetBeans-2\netbeans\webcommon\typescript-lsp\node_modules\typescript\lib\lib.dom.d.ts
[2025-02-18 19:43:33.256]:         deleting file: C:\Program Files\NetBeans-2\netbeans\webcommon\typescript-lsp\node_modules\vscode-textbuffer\README.md
[2025-02-18 19:43:33.256]:         deleting file: C:\Program Files\NetBeans-2\netbeans\webcommon\typescript-lsp\node_modules\command-exists\test\test.js
[2025-02-18 19:43:33.257]:         deleting file: C:\Program Files\NetBeans-2\netbeans\webcommon\typescript-lsp\node_modules\command-exists\appveyor.yml
[2025-02-18 19:43:33.257]:         deleting file: C:\Program Files\NetBeans-2\netbeans\webcommon\typescript-lsp\node_modules\command-exists\package.json
[2025-02-18 19:43:33.257]:         deleting directory: C:\Program Files\NetBeans-2\netbeans\webcommon\typescript-lsp\node_modules\typescript-language-server
[2025-02-18 19:43:33.257]:         deleting directory: C:\Program Files\NetBeans-2\netbeans\webcommon\typescript-lsp\node_modules\vscode-textbuffer\lib\test
[2025-02-18 19:43:33.259]:         deleting directory: C:\Program Files\NetBeans-2\netbeans\webcommon\typescript-lsp\node_modules\vscode-textbuffer\src\test
[2025-02-18 19:43:33.259]:         deleting directory: C:\Program Files\NetBeans-2\netbeans\webcommon\typescript-lsp\node_modules\vscode-jsonrpc\lib\browser
[2025-02-18 19:43:33.259]:         deleting file: C:\Program Files\NetBeans-2\netbeans\webcommon\config\Modules\org-netbeans-modules-web-client-kit.xml
[2025-02-18 19:43:33.259]:         deleting file: C:\Program Files\NetBeans-2\netbeans\webcommon\modules\org-netbeans-modules-javascript-v8debug-ui.jar
[2025-02-18 19:43:33.259]:         deleting file: C:\Program Files\NetBeans-2\netbeans\webcommon\modules\org-netbeans-modules-web-clientproject-api.jar
[2025-02-18 19:43:33.260]:         deleting file: C:\Program Files\NetBeans-2\netbeans\webcommon\modules\org-netbeans-modules-javascript2-requirejs.jar
[2025-02-18 19:43:33.260]:         deleting file: C:\Program Files\NetBeans-2\netbeans\webcommon\update_tracking\org-netbeans-modules-html-knockout.xml
[2025-02-18 19:43:33.261]:         deleting file: C:\Program Files\NetBeans-2\netbeans\webcommon\update_tracking\org-netbeans-modules-languages-ini.xml
[2025-02-18 19:43:33.261]:         deleting file: C:\Program Files\NetBeans-2\netbeans\webcommon\typescript-lsp\node_modules\fs-extra\lib\move\index.js
[2025-02-18 19:43:33.262]:         deleting file: C:\Program Files\NetBeans-2\netbeans\webcommon\typescript-lsp\node_modules\fs-extra\lib\json\index.js
[2025-02-18 19:43:33.262]:         deleting file: C:\Program Files\NetBeans-2\netbeans\webcommon\typescript-lsp\node_modules\fs-extra\lib\copy\index.js
[2025-02-18 19:43:33.263]:         deleting file: C:\Program Files\NetBeans-2\netbeans\webcommon\typescript-lsp\node_modules\vscode-jsonrpc\License.txt
[2025-02-18 19:43:33.263]:         deleting file: C:\Program Files\NetBeans-2\netbeans\webcommon\typescript-lsp\node_modules\graceful-fs\graceful-fs.js
[2025-02-18 19:43:33.263]:         deleting file: C:\Program Files\NetBeans-2\netbeans\webcommon\typescript-lsp\node_modules\typescript\lib\tsserver.js
[2025-02-18 19:43:33.263]:         deleting file: C:\Program Files\NetBeans-2\netbeans\webcommon\typescript-lsp\node_modules\command-exists\.travis.yml
[2025-02-18 19:43:33.267]:         deleting file: C:\Program Files\NetBeans-2\netbeans\webcommon\typescript-lsp\node_modules\unique-string\package.json
[2025-02-18 19:43:33.268]:         deleting directory: C:\Program Files\NetBeans-2\netbeans\webcommon\typescript-lsp\node_modules\vscode-languageserver\bin
[2025-02-18 19:43:33.268]:         deleting directory: C:\Program Files\NetBeans-2\netbeans\webcommon\typescript-lsp\node_modules\vscode-languageserver\lib
[2025-02-18 19:43:33.268]:         deleting directory: C:\Program Files\NetBeans-2\netbeans\webcommon\typescript-lsp\node_modules\vscode-jsonrpc\lib\common
[2025-02-18 19:43:33.269]:         deleting file: C:\Program Files\NetBeans-2\netbeans\webcommon\config\Modules\org-netbeans-modules-html-knockout.xml
[2025-02-18 19:43:33.269]:         deleting file: C:\Program Files\NetBeans-2\netbeans\webcommon\config\Modules\org-netbeans-modules-languages-ini.xml
[2025-02-18 19:43:33.270]:         deleting file: C:\Program Files\NetBeans-2\netbeans\webcommon\modules\org-netbeans-modules-javascript2-knockout.jar
[2025-02-18 19:43:33.270]:         deleting file: C:\Program Files\NetBeans-2\netbeans\webcommon\modules\org-netbeans-modules-languages-apacheconf.jar
[2025-02-18 19:43:33.271]:         deleting file: C:\Program Files\NetBeans-2\netbeans\webcommon\update_tracking\org-netbeans-modules-html-angular.xml
[2025-02-18 19:43:33.271]:         deleting file: C:\Program Files\NetBeans-2\netbeans\webcommon\typescript-lsp\node_modules\fs-extra\lib\copy\copy.js
[2025-02-18 19:43:33.271]:         deleting file: C:\Program Files\NetBeans-2\netbeans\webcommon\typescript-lsp\node_modules\vscode-jsonrpc\browser.js
[2025-02-18 19:43:33.272]:         deleting file: C:\Program Files\NetBeans-2\netbeans\webcommon\typescript-lsp\node_modules\universalify\package.json
[2025-02-18 19:43:33.272]:         deleting file: C:\Program Files\NetBeans-2\netbeans\webcommon\typescript-lsp\node_modules\vscode-textbuffer\LICENSE
[2025-02-18 19:43:33.273]:         deleting file: C:\Program Files\NetBeans-2\netbeans\webcommon\typescript-lsp\node_modules\command-exists\.npmignore
[2025-02-18 19:43:33.273]:         deleting directory: C:\Program Files\NetBeans-2\netbeans\webcommon\typescript-lsp\node_modules\fs-extra\lib\path-exists
[2025-02-18 19:43:33.273]:         deleting file: C:\Program Files\NetBeans-2\netbeans\webcommon\config\Modules\org-netbeans-modules-html-angular.xml
[2025-02-18 19:43:33.273]:         deleting file: C:\Program Files\NetBeans-2\netbeans\webcommon\modules\org-netbeans-modules-selenium2-webclient.jar
[2025-02-18 19:43:33.275]:         deleting file: C:\Program Files\NetBeans-2\netbeans\webcommon\update_tracking\org-netbeans-modules-web-inspect.xml
[2025-02-18 19:43:33.275]:         deleting file: C:\Program Files\NetBeans-2\netbeans\webcommon\typescript-lsp\node_modules\fs-extra\lib\fs\index.js
[2025-02-18 19:43:33.275]:         deleting file: C:\Program Files\NetBeans-2\netbeans\webcommon\typescript-lsp\node_modules\vscode-jsonrpc\README.md
[2025-02-18 19:43:33.276]:         deleting file: C:\Program Files\NetBeans-2\netbeans\webcommon\typescript-lsp\node_modules\vscode-jsonrpc\node.d.ts
[2025-02-18 19:43:33.276]:         deleting file: C:\Program Files\NetBeans-2\netbeans\webcommon\typescript-lsp\node_modules\graceful-fs\package.json
[2025-02-18 19:43:33.276]:         deleting file: C:\Program Files\NetBeans-2\netbeans\webcommon\typescript-lsp\node_modules\graceful-fs\polyfills.js
[2025-02-18 19:43:33.277]:         deleting file: C:\Program Files\NetBeans-2\netbeans\webcommon\typescript-lsp\node_modules\typescript\lib\README.md
[2025-02-18 19:43:33.277]:         deleting file: C:\Program Files\NetBeans-2\netbeans\webcommon\typescript-lsp\node_modules\command-exists\.jshintrc
[2025-02-18 19:43:33.277]:         deleting file: C:\Program Files\NetBeans-2\netbeans\webcommon\typescript-lsp\node_modules\command-exists\README.md
[2025-02-18 19:43:33.277]:         deleting directory: C:\Program Files\NetBeans-2\netbeans\webcommon\typescript-lsp\node_modules\vscode-jsonrpc\lib\node
[2025-02-18 19:43:33.283]:         deleting file: C:\Program Files\NetBeans-2\netbeans\webcommon\config\Modules\org-netbeans-modules-web-inspect.xml
[2025-02-18 19:43:33.283]:         deleting file: C:\Program Files\NetBeans-2\netbeans\webcommon\modules\org-netbeans-modules-web-webkit-tooling.jar
[2025-02-18 19:43:33.285]:         deleting file: C:\Program Files\NetBeans-2\netbeans\webcommon\modules\org-netbeans-modules-javascript2-extdoc.jar
[2025-02-18 19:43:33.285]:         deleting file: C:\Program Files\NetBeans-2\netbeans\webcommon\modules\org-netbeans-modules-javascript2-nodejs.jar
[2025-02-18 19:43:33.286]:         deleting file: C:\Program Files\NetBeans-2\netbeans\webcommon\modules\org-netbeans-modules-javascript2-jquery.jar
[2025-02-18 19:43:33.286]:         deleting file: C:\Program Files\NetBeans-2\netbeans\webcommon\modules\org-netbeans-modules-javascript2-editor.jar
[2025-02-18 19:43:33.287]:         deleting file: C:\Program Files\NetBeans-2\netbeans\webcommon\modules\org-netbeans-modules-javascript-v8debug.jar
[2025-02-18 19:43:33.287]:         deleting file: C:\Program Files\NetBeans-2\netbeans\webcommon\modules\org-netbeans-modules-web-client-samples.jar
[2025-02-18 19:43:33.288]:         deleting file: C:\Program Files\NetBeans-2\netbeans\webcommon\typescript-lsp\node_modules\vscode-uri\package.json
[2025-02-18 19:43:33.288]:         deleting file: C:\Program Files\NetBeans-2\netbeans\webcommon\typescript-lsp\node_modules\vscode-jsonrpc\node.cmd
[2025-02-18 19:43:33.288]:         deleting file: C:\Program Files\NetBeans-2\netbeans\webcommon\typescript-lsp\node_modules\typescript\lib\lib.d.ts
[2025-02-18 19:43:33.289]:         deleting file: C:\Program Files\NetBeans-2\netbeans\webcommon\typescript-lsp\node_modules\typescript\package.json
[2025-02-18 19:43:33.289]:         deleting file: C:\Program Files\NetBeans-2\netbeans\webcommon\typescript-lsp\node_modules\typescript\bin\tsserver
[2025-02-18 19:43:33.290]:         deleting file: C:\Program Files\NetBeans-2\netbeans\webcommon\typescript-lsp\node_modules\p-debounce\package.json
[2025-02-18 19:43:33.290]:         deleting file: C:\Program Files\NetBeans-2\netbeans\webcommon\typescript-lsp\node_modules\command-exists\index.js
[2025-02-18 19:43:33.291]:         deleting file: C:\Program Files\NetBeans-2\netbeans\webcommon\typescript-lsp\node_modules\unique-string\readme.md
[2025-02-18 19:43:33.292]:         deleting directory: C:\Program Files\NetBeans-2\netbeans\webcommon\typescript-lsp\node_modules\typescript\loc\lcl\KOR
[2025-02-18 19:43:33.292]:         deleting directory: C:\Program Files\NetBeans-2\netbeans\webcommon\typescript-lsp\node_modules\typescript\loc\lcl\FRA
[2025-02-18 19:43:33.292]:         deleting directory: C:\Program Files\NetBeans-2\netbeans\webcommon\typescript-lsp\node_modules\typescript\loc\lcl\JPN
[2025-02-18 19:43:33.292]:         deleting directory: C:\Program Files\NetBeans-2\netbeans\webcommon\typescript-lsp\node_modules\typescript\loc\lcl\CHS
[2025-02-18 19:43:33.292]:         deleting directory: C:\Program Files\NetBeans-2\netbeans\webcommon\typescript-lsp\node_modules\typescript\loc\lcl\CSY
[2025-02-18 19:43:33.293]:         deleting directory: C:\Program Files\NetBeans-2\netbeans\webcommon\typescript-lsp\node_modules\typescript\loc\lcl\RUS
[2025-02-18 19:43:33.293]:         deleting directory: C:\Program Files\NetBeans-2\netbeans\webcommon\typescript-lsp\node_modules\typescript\loc\lcl\PTB
[2025-02-18 19:43:33.293]:         deleting directory: C:\Program Files\NetBeans-2\netbeans\webcommon\typescript-lsp\node_modules\typescript\loc\lcl\PLK
[2025-02-18 19:43:33.293]:         deleting directory: C:\Program Files\NetBeans-2\netbeans\webcommon\typescript-lsp\node_modules\typescript\loc\lcl\TRK
[2025-02-18 19:43:33.293]:         deleting directory: C:\Program Files\NetBeans-2\netbeans\webcommon\typescript-lsp\node_modules\typescript\loc\lcl\CHT
[2025-02-18 19:43:33.293]:         deleting directory: C:\Program Files\NetBeans-2\netbeans\webcommon\typescript-lsp\node_modules\typescript\loc\lcl\DEU
[2025-02-18 19:43:33.294]:         deleting directory: C:\Program Files\NetBeans-2\netbeans\webcommon\typescript-lsp\node_modules\typescript\loc\lcl\ITA
[2025-02-18 19:43:33.299]:         deleting directory: C:\Program Files\NetBeans-2\netbeans\webcommon\typescript-lsp\node_modules\typescript\loc\lcl\ESN
[2025-02-18 19:43:33.299]:         deleting directory: C:\Program Files\NetBeans-2\netbeans\webcommon\typescript-lsp\node_modules\vscode-jsonrpc\typings
[2025-02-18 19:43:33.299]:         deleting directory: C:\Program Files\NetBeans-2\netbeans\webcommon\typescript-lsp\node_modules\fs-extra\lib\copy-sync
[2025-02-18 19:43:33.300]:         deleting directory: C:\Program Files\NetBeans-2\netbeans\webcommon\typescript-lsp\node_modules\fs-extra\lib\move-sync
[2025-02-18 19:43:33.300]:         deleting file: C:\Program Files\NetBeans-2\netbeans\webcommon\modules\org-netbeans-modules-javascript2-jsdoc.jar
[2025-02-18 19:43:33.300]:         deleting file: C:\Program Files\NetBeans-2\netbeans\webcommon\modules\org-netbeans-modules-javascript-nodejs.jar
[2025-02-18 19:43:33.301]:         deleting file: C:\Program Files\NetBeans-2\netbeans\webcommon\modules\org-netbeans-modules-javascript2-lexer.jar
[2025-02-18 19:43:33.301]:         deleting file: C:\Program Files\NetBeans-2\netbeans\webcommon\modules\org-netbeans-modules-javascript2-model.jar
[2025-02-18 19:43:33.301]:         deleting file: C:\Program Files\NetBeans-2\netbeans\webcommon\modules\org-netbeans-modules-cordova-platforms.jar
[2025-02-18 19:43:33.302]:         deleting file: C:\Program Files\NetBeans-2\netbeans\webcommon\modules\org-netbeans-modules-typescript-editor.jar
[2025-02-18 19:43:33.302]:         deleting file: C:\Program Files\NetBeans-2\netbeans\webcommon\modules\org-netbeans-modules-javascript2-types.jar
[2025-02-18 19:43:33.304]:         deleting file: C:\Program Files\NetBeans-2\netbeans\webcommon\modules\org-netbeans-modules-javascript2-extjs.jar
[2025-02-18 19:43:33.304]:         deleting file: C:\Program Files\NetBeans-2\netbeans\webcommon\modules\org-netbeans-modules-web-clientproject.jar
[2025-02-18 19:43:33.304]:         deleting file: C:\Program Files\NetBeans-2\netbeans\webcommon\modules\org-netbeans-modules-extbrowser-chrome.jar
[2025-02-18 19:43:33.305]:         deleting file: C:\Program Files\NetBeans-2\netbeans\webcommon\modules\org-netbeans-modules-javascript2-react.jar
[2025-02-18 19:43:33.305]:         deleting file: C:\Program Files\NetBeans-2\netbeans\webcommon\update_tracking\org-netbeans-modules-netserver.xml
[2025-02-18 19:43:33.305]:         deleting file: C:\Program Files\NetBeans-2\netbeans\webcommon\update_tracking\org-netbeans-libs-jstestdriver.xml
[2025-02-18 19:43:33.305]:         deleting file: C:\Program Files\NetBeans-2\netbeans\webcommon\typescript-lsp\node_modules\vscode-uri\.travis.yml
[2025-02-18 19:43:33.306]:         deleting file: C:\Program Files\NetBeans-2\netbeans\webcommon\typescript-lsp\node_modules\vscode-jsonrpc\node.js
[2025-02-18 19:43:33.306]:         deleting file: C:\Program Files\NetBeans-2\netbeans\webcommon\typescript-lsp\node_modules\typescript\LICENSE.txt
[2025-02-18 19:43:33.306]:         deleting file: C:\Program Files\NetBeans-2\netbeans\webcommon\typescript-lsp\node_modules\universalify\README.md
[2025-02-18 19:43:33.307]:         deleting file: C:\Program Files\NetBeans-2\netbeans\webcommon\typescript-lsp\node_modules\command-exists\LICENSE
[2025-02-18 19:43:33.307]:         deleting file: C:\Program Files\NetBeans-2\netbeans\webcommon\typescript-lsp\node_modules\unique-string\index.js
[2025-02-18 19:43:33.307]:         deleting file: C:\Program Files\NetBeans-2\netbeans\webcommon\typescript-lsp\node_modules\commander\package.json
[2025-02-18 19:43:33.307]:         deleting file: C:\Program Files\NetBeans-2\netbeans\webcommon\typescript-lsp\node_modules\commander\CHANGELOG.md
[2025-02-18 19:43:33.309]:         deleting directory: C:\Program Files\NetBeans-2\netbeans\webcommon\typescript-lsp\node_modules\vscode-languageserver
[2025-02-18 19:43:33.309]:         deleting directory: C:\Program Files\NetBeans-2\netbeans\webcommon\typescript-lsp\node_modules\vscode-textbuffer\lib
[2025-02-18 19:43:33.309]:         deleting directory: C:\Program Files\NetBeans-2\netbeans\webcommon\typescript-lsp\node_modules\vscode-textbuffer\src
[2025-02-18 19:43:33.318]:         deleting file: C:\Program Files\NetBeans-2\netbeans\webcommon\config\Modules\org-netbeans-modules-netserver.xml
[2025-02-18 19:43:33.319]:         deleting file: C:\Program Files\NetBeans-2\netbeans\webcommon\config\Modules\org-netbeans-libs-jstestdriver.xml
[2025-02-18 19:43:33.320]:         deleting file: C:\Program Files\NetBeans-2\netbeans\webcommon\modules\org-netbeans-modules-javascript2-html.jar
[2025-02-18 19:43:33.320]:         deleting file: C:\Program Files\NetBeans-2\netbeans\webcommon\modules\org-netbeans-modules-javascript-cdnjs.jar
[2025-02-18 19:43:33.321]:         deleting file: C:\Program Files\NetBeans-2\netbeans\webcommon\modules\org-netbeans-modules-javascript-bower.jar
[2025-02-18 19:43:33.321]:         deleting file: C:\Program Files\NetBeans-2\netbeans\webcommon\modules\org-netbeans-modules-javascript-grunt.jar
[2025-02-18 19:43:33.322]:         deleting file: C:\Program Files\NetBeans-2\netbeans\webcommon\modules\org-netbeans-modules-javascript-karma.jar
[2025-02-18 19:43:33.322]:         deleting file: C:\Program Files\NetBeans-2\netbeans\webcommon\modules\org-netbeans-modules-javascript2-sdoc.jar
[2025-02-18 19:43:33.323]:         deleting file: C:\Program Files\NetBeans-2\netbeans\webcommon\modules\org-netbeans-modules-javascript2-json.jar
[2025-02-18 19:43:33.323]:         deleting file: C:\Program Files\NetBeans-2\netbeans\webcommon\modules\org-netbeans-modules-javascript2-jade.jar
[2025-02-18 19:43:33.325]:         deleting file: C:\Program Files\NetBeans-2\netbeans\webcommon\typescript-lsp\node_modules\fs-extra\lib\index.js
[2025-02-18 19:43:33.325]:         deleting file: C:\Program Files\NetBeans-2\netbeans\webcommon\typescript-lsp\node_modules\fs-extra\package.json
[2025-02-18 19:43:33.326]:         deleting file: C:\Program Files\NetBeans-2\netbeans\webcommon\typescript-lsp\node_modules\fs-extra\CHANGELOG.md
[2025-02-18 19:43:33.326]:         deleting file: C:\Program Files\NetBeans-2\netbeans\webcommon\typescript-lsp\node_modules\vscode-uri\LICENSE.md
[2025-02-18 19:43:33.326]:         deleting file: C:\Program Files\NetBeans-2\netbeans\webcommon\typescript-lsp\node_modules\graceful-fs\README.md
[2025-02-18 19:43:33.333]:         deleting file: C:\Program Files\NetBeans-2\netbeans\webcommon\typescript-lsp\node_modules\typescript\lib\tsc.js
[2025-02-18 19:43:33.335]:         deleting file: C:\Program Files\NetBeans-2\netbeans\webcommon\typescript-lsp\node_modules\typescript\AUTHORS.md
[2025-02-18 19:43:33.335]:         deleting file: C:\Program Files\NetBeans-2\netbeans\webcommon\typescript-lsp\node_modules\universalify\index.js
[2025-02-18 19:43:33.337]:         deleting file: C:\Program Files\NetBeans-2\netbeans\webcommon\typescript-lsp\node_modules\jsonfile\package.json
[2025-02-18 19:43:33.338]:         deleting file: C:\Program Files\NetBeans-2\netbeans\webcommon\typescript-lsp\node_modules\jsonfile\CHANGELOG.md
[2025-02-18 19:43:33.338]:         deleting file: C:\Program Files\NetBeans-2\netbeans\webcommon\typescript-lsp\node_modules\unique-string\license
[2025-02-18 19:43:33.339]:         deleting file: C:\Program Files\NetBeans-2\netbeans\webcommon\typescript-lsp\node_modules\temp-dir\package.json
[2025-02-18 19:43:33.340]:         deleting directory: C:\Program Files\NetBeans-2\netbeans\webcommon\typescript-lsp\node_modules\typescript\lib\zh-cn
[2025-02-18 19:43:33.340]:         deleting directory: C:\Program Files\NetBeans-2\netbeans\webcommon\typescript-lsp\node_modules\typescript\lib\pt-br
[2025-02-18 19:43:33.340]:         deleting directory: C:\Program Files\NetBeans-2\netbeans\webcommon\typescript-lsp\node_modules\typescript\lib\zh-tw
[2025-02-18 19:43:33.340]:         deleting directory: C:\Program Files\NetBeans-2\netbeans\webcommon\typescript-lsp\node_modules\crypto-random-string
[2025-02-18 19:43:33.341]:         deleting file: C:\Program Files\NetBeans-2\netbeans\webcommon\modules\org-netbeans-modules-javascript2-doc.jar
[2025-02-18 19:43:33.342]:         deleting file: C:\Program Files\NetBeans-2\netbeans\webcommon\modules\org-netbeans-modules-javascript-gulp.jar
[2025-02-18 19:43:33.342]:         deleting file: C:\Program Files\NetBeans-2\netbeans\webcommon\modules\org-netbeans-modules-javascript2-kit.jar
[2025-02-18 19:43:33.342]:         deleting file: C:\Program Files\NetBeans-2\netbeans\webcommon\update_tracking\org-netbeans-modules-cordova.xml
[2025-02-18 19:43:33.344]:         deleting file: C:\Program Files\NetBeans-2\netbeans\webcommon\typescript-lsp\node_modules\vscode-uri\README.md
[2025-02-18 19:43:33.345]:         deleting file: C:\Program Files\NetBeans-2\netbeans\webcommon\typescript-lsp\node_modules\graceful-fs\clone.js
[2025-02-18 19:43:33.345]:         deleting file: C:\Program Files\NetBeans-2\netbeans\webcommon\typescript-lsp\node_modules\typescript\README.md
[2025-02-18 19:43:33.346]:         deleting file: C:\Program Files\NetBeans-2\netbeans\webcommon\typescript-lsp\node_modules\universalify\LICENSE
[2025-02-18 19:43:33.347]:         deleting file: C:\Program Files\NetBeans-2\netbeans\webcommon\typescript-lsp\node_modules\p-debounce\readme.md
[2025-02-18 19:43:33.347]:         deleting directory: C:\Program Files\NetBeans-2\netbeans\webcommon\typescript-lsp\node_modules\command-exists\test
[2025-02-18 19:43:33.347]:         deleting directory: C:\Program Files\NetBeans-2\netbeans\webcommon\typescript-lsp\node_modules\fs-extra\lib\ensure
[2025-02-18 19:43:33.348]:         deleting directory: C:\Program Files\NetBeans-2\netbeans\webcommon\typescript-lsp\node_modules\fs-extra\lib\mkdirs
[2025-02-18 19:43:33.348]:         deleting directory: C:\Program Files\NetBeans-2\netbeans\webcommon\typescript-lsp\node_modules\fs-extra\lib\remove
[2025-02-18 19:43:33.348]:         deleting directory: C:\Program Files\NetBeans-2\netbeans\webcommon\typescript-lsp\node_modules\fs-extra\lib\output
[2025-02-18 19:43:33.348]:         deleting file: C:\Program Files\NetBeans-2\netbeans\webcommon\config\Modules\org-netbeans-modules-cordova.xml
[2025-02-18 19:43:33.348]:         deleting file: C:\Program Files\NetBeans-2\netbeans\webcommon\modules\org-netbeans-modules-web-client-kit.jar
[2025-02-18 19:43:33.349]:         deleting file: C:\Program Files\NetBeans-2\netbeans\webcommon\typescript-lsp\node_modules\graceful-fs\LICENSE
[2025-02-18 19:43:33.349]:         deleting file: C:\Program Files\NetBeans-2\netbeans\webcommon\typescript-lsp\node_modules\p-debounce\index.js
[2025-02-18 19:43:33.350]:         deleting file: C:\Program Files\NetBeans-2\netbeans\webcommon\typescript-lsp\node_modules\commander\Readme.md
[2025-02-18 19:43:33.350]:         deleting directory: C:\Program Files\NetBeans-2\netbeans\webcommon\typescript-lsp\node_modules\typescript\loc\lcl
[2025-02-18 19:43:33.351]:         deleting directory: C:\Program Files\NetBeans-2\netbeans\webcommon\typescript-lsp\node_modules\vscode-jsonrpc\lib
[2025-02-18 19:43:33.351]:         deleting directory: C:\Program Files\NetBeans-2\netbeans\webcommon\typescript-lsp\node_modules\command-exists\lib
[2025-02-18 19:43:33.351]:         deleting directory: C:\Program Files\NetBeans-2\netbeans\webcommon\typescript-lsp\node_modules\vscode-uri\.vscode
[2025-02-18 19:43:33.351]:         deleting directory: C:\Program Files\NetBeans-2\netbeans\webcommon\typescript-lsp\node_modules\vscode-uri\lib\esm
[2025-02-18 19:43:33.351]:         deleting directory: C:\Program Files\NetBeans-2\netbeans\webcommon\typescript-lsp\node_modules\vscode-uri\lib\umd
[2025-02-18 19:43:33.352]:         deleting directory: C:\Program Files\NetBeans-2\netbeans\webcommon\typescript-lsp\node_modules\fs-extra\lib\empty
[2025-02-18 19:43:33.352]:         deleting file: C:\Program Files\NetBeans-2\netbeans\webcommon\modules\org-netbeans-modules-languages-ini.jar
[2025-02-18 19:43:33.352]:         deleting file: C:\Program Files\NetBeans-2\netbeans\webcommon\modules\org-netbeans-modules-html-knockout.jar
[2025-02-18 19:43:33.353]:         deleting file: C:\Program Files\NetBeans-2\netbeans\webcommon\typescript-lsp\node_modules\fs-extra\README.md
[2025-02-18 19:43:33.354]:         deleting file: C:\Program Files\NetBeans-2\netbeans\webcommon\typescript-lsp\node_modules\typescript\bin\tsc
[2025-02-18 19:43:33.354]:         deleting file: C:\Program Files\NetBeans-2\netbeans\webcommon\typescript-lsp\node_modules\p-debounce\license
[2025-02-18 19:43:33.355]:         deleting file: C:\Program Files\NetBeans-2\netbeans\webcommon\typescript-lsp\node_modules\jsonfile\README.md
[2025-02-18 19:43:33.356]:         deleting file: C:\Program Files\NetBeans-2\netbeans\webcommon\typescript-lsp\node_modules\tempy\package.json
[2025-02-18 19:43:33.356]:         deleting file: C:\Program Files\NetBeans-2\netbeans\webcommon\typescript-lsp\node_modules\temp-dir\readme.md
[2025-02-18 19:43:33.357]:         deleting file: C:\Program Files\NetBeans-2\netbeans\webcommon\typescript-lsp\node_modules\commander\index.js
[2025-02-18 19:43:33.357]:         deleting directory: C:\Program Files\NetBeans-2\netbeans\webcommon\typescript-lsp\node_modules\typescript\lib\tr
[2025-02-18 19:43:33.362]:         deleting directory: C:\Program Files\NetBeans-2\netbeans\webcommon\typescript-lsp\node_modules\typescript\lib\de
[2025-02-18 19:43:33.362]:         deleting directory: C:\Program Files\NetBeans-2\netbeans\webcommon\typescript-lsp\node_modules\typescript\lib\es
[2025-02-18 19:43:33.363]:         deleting directory: C:\Program Files\NetBeans-2\netbeans\webcommon\typescript-lsp\node_modules\typescript\lib\cs
[2025-02-18 19:43:33.363]:         deleting directory: C:\Program Files\NetBeans-2\netbeans\webcommon\typescript-lsp\node_modules\typescript\lib\it
[2025-02-18 19:43:33.363]:         deleting directory: C:\Program Files\NetBeans-2\netbeans\webcommon\typescript-lsp\node_modules\typescript\lib\ko
[2025-02-18 19:43:33.363]:         deleting directory: C:\Program Files\NetBeans-2\netbeans\webcommon\typescript-lsp\node_modules\typescript\lib\fr
[2025-02-18 19:43:33.363]:         deleting directory: C:\Program Files\NetBeans-2\netbeans\webcommon\typescript-lsp\node_modules\typescript\lib\pl
[2025-02-18 19:43:33.363]:         deleting directory: C:\Program Files\NetBeans-2\netbeans\webcommon\typescript-lsp\node_modules\typescript\lib\ja
[2025-02-18 19:43:33.363]:         deleting directory: C:\Program Files\NetBeans-2\netbeans\webcommon\typescript-lsp\node_modules\typescript\lib\ru
[2025-02-18 19:43:33.365]:         deleting directory: C:\Program Files\NetBeans-2\netbeans\webcommon\typescript-lsp\node_modules\vscode-textbuffer
[2025-02-18 19:43:33.365]:         deleting directory: C:\Program Files\NetBeans-2\netbeans\webcommon\typescript-lsp\node_modules\fs-extra\lib\json
[2025-02-18 19:43:33.365]:         deleting directory: C:\Program Files\NetBeans-2\netbeans\webcommon\typescript-lsp\node_modules\commander\typings
[2025-02-18 19:43:33.366]:         deleting directory: C:\Program Files\NetBeans-2\netbeans\webcommon\typescript-lsp\node_modules\fs-extra\lib\util
[2025-02-18 19:43:33.366]:         deleting directory: C:\Program Files\NetBeans-2\netbeans\webcommon\typescript-lsp\node_modules\fs-extra\lib\move
[2025-02-18 19:43:33.366]:         deleting directory: C:\Program Files\NetBeans-2\netbeans\webcommon\typescript-lsp\node_modules\fs-extra\lib\copy
[2025-02-18 19:43:33.366]:         deleting file: C:\Program Files\NetBeans-2\netbeans\webcommon\modules\org-netbeans-modules-html-angular.jar
[2025-02-18 19:43:33.367]:         deleting file: C:\Program Files\NetBeans-2\netbeans\webcommon\update_tracking\org-netbeans-api-knockout.xml
[2025-02-18 19:43:33.367]:         deleting file: C:\Program Files\NetBeans-2\netbeans\webcommon\update_tracking\org-netbeans-libs-nashorn.xml
[2025-02-18 19:43:33.367]:         deleting file: C:\Program Files\NetBeans-2\netbeans\webcommon\update_tracking\org-netbeans-libs-graaljs.xml
[2025-02-18 19:43:33.368]:         deleting file: C:\Program Files\NetBeans-2\netbeans\webcommon\typescript-lsp\node_modules\jsonfile\index.js
[2025-02-18 19:43:33.368]:         deleting file: C:\Program Files\NetBeans-2\netbeans\webcommon\typescript-lsp\node_modules\temp-dir\index.js
[2025-02-18 19:43:33.369]:         deleting file: C:\Program Files\NetBeans-2\netbeans\webcommon\typescript-lsp\node_modules\commander\LICENSE
[2025-02-18 19:43:33.369]:         deleting file: C:\Program Files\NetBeans-2\netbeans\webcommon\config\Modules\org-netbeans-api-knockout.xml
[2025-02-18 19:43:33.370]:         deleting file: C:\Program Files\NetBeans-2\netbeans\webcommon\config\Modules\org-netbeans-libs-nashorn.xml
[2025-02-18 19:43:33.370]:         deleting file: C:\Program Files\NetBeans-2\netbeans\webcommon\config\Modules\org-netbeans-libs-graaljs.xml
[2025-02-18 19:43:33.370]:         deleting file: C:\Program Files\NetBeans-2\netbeans\webcommon\modules\org-netbeans-modules-web-inspect.jar
[2025-02-18 19:43:33.371]:         deleting file: C:\Program Files\NetBeans-2\netbeans\webcommon\update_tracking\org-netbeans-lib-v8debug.xml
[2025-02-18 19:43:33.371]:         deleting file: C:\Program Files\NetBeans-2\netbeans\webcommon\typescript-lsp\node_modules\fs-extra\LICENSE
[2025-02-18 19:43:33.378]:         deleting file: C:\Program Files\NetBeans-2\netbeans\webcommon\typescript-lsp\node_modules\jsonfile\LICENSE
[2025-02-18 19:43:33.379]:         deleting file: C:\Program Files\NetBeans-2\netbeans\webcommon\typescript-lsp\node_modules\temp-dir\license
[2025-02-18 19:43:33.379]:         deleting directory: C:\Program Files\NetBeans-2\netbeans\webcommon\typescript-lsp\node_modules\fs-extra\lib\fs
[2025-02-18 19:43:33.379]:         deleting file: C:\Program Files\NetBeans-2\netbeans\webcommon\config\Modules\org-netbeans-lib-v8debug.xml
[2025-02-18 19:43:33.379]:         deleting file: C:\Program Files\NetBeans-2\netbeans\webcommon\update_tracking\org-netbeans-libs-plist.xml
[2025-02-18 19:43:33.381]:         deleting file: C:\Program Files\NetBeans-2\netbeans\webcommon\typescript-lsp\node_modules\tempy\readme.md
[2025-02-18 19:43:33.382]:         deleting directory: C:\Program Files\NetBeans-2\netbeans\webcommon\typescript-lsp\node_modules\typescript\loc
[2025-02-18 19:43:33.382]:         deleting directory: C:\Program Files\NetBeans-2\netbeans\webcommon\typescript-lsp\node_modules\typescript\lib
[2025-02-18 19:43:33.382]:         deleting directory: C:\Program Files\NetBeans-2\netbeans\webcommon\typescript-lsp\node_modules\vscode-jsonrpc
[2025-02-18 19:43:33.382]:         deleting directory: C:\Program Files\NetBeans-2\netbeans\webcommon\typescript-lsp\node_modules\command-exists
[2025-02-18 19:43:33.382]:         deleting directory: C:\Program Files\NetBeans-2\netbeans\webcommon\typescript-lsp\node_modules\vscode-uri\lib
[2025-02-18 19:43:33.383]:         deleting directory: C:\Program Files\NetBeans-2\netbeans\webcommon\typescript-lsp\node_modules\typescript\bin
[2025-02-18 19:43:33.383]:         deleting file: C:\Program Files\NetBeans-2\netbeans\webcommon\config\Modules\org-netbeans-libs-plist.xml
[2025-02-18 19:43:33.385]:         deleting file: C:\Program Files\NetBeans-2\netbeans\webcommon\karma\karma-netbeans-reporter\package.json
[2025-02-18 19:43:33.386]:         deleting file: C:\Program Files\NetBeans-2\netbeans\webcommon\modules\org-netbeans-modules-netserver.jar
[2025-02-18 19:43:33.386]:         deleting file: C:\Program Files\NetBeans-2\netbeans\webcommon\modules\org-netbeans-libs-jstestdriver.jar
[2025-02-18 19:43:33.387]:         deleting file: C:\Program Files\NetBeans-2\netbeans\webcommon\typescript-lsp\node_modules\tempy\index.js
[2025-02-18 19:43:33.387]:         deleting directory: C:\Program Files\NetBeans-2\netbeans\webcommon\typescript-lsp\node_modules\unique-string
[2025-02-18 19:43:33.387]:         deleting file: C:\Program Files\NetBeans-2\netbeans\webcommon\typescript-lsp\node_modules\tempy\license
[2025-02-18 19:43:33.388]:         deleting directory: C:\Program Files\NetBeans-2\netbeans\webcommon\typescript-lsp\node_modules\fs-extra\lib
[2025-02-18 19:43:33.388]:         deleting directory: C:\Program Files\NetBeans-2\netbeans\webcommon\typescript-lsp\node_modules\universalify
[2025-02-18 19:43:33.388]:         deleting file: C:\Program Files\NetBeans-2\netbeans\webcommon\modules\org-netbeans-modules-cordova.jar
[2025-02-18 19:43:33.389]:         deleting directory: C:\Program Files\NetBeans-2\netbeans\webcommon\typescript-lsp\node_modules\graceful-fs
[2025-02-18 19:43:33.389]:         deleting file: C:\Program Files\NetBeans-2\netbeans\webcommon\protractor\jasmine-netbeans-reporter.js
[2025-02-18 19:43:33.390]:         deleting directory: C:\Program Files\NetBeans-2\netbeans\webcommon\typescript-lsp\node_modules\typescript
[2025-02-18 19:43:33.390]:         deleting directory: C:\Program Files\NetBeans-2\netbeans\webcommon\typescript-lsp\node_modules\vscode-uri
[2025-02-18 19:43:33.391]:         deleting directory: C:\Program Files\NetBeans-2\netbeans\webcommon\typescript-lsp\node_modules\p-debounce
[2025-02-18 19:43:33.391]:         deleting file: C:\Program Files\NetBeans-2\netbeans\webcommon\karma\karma-netbeans-reporter\index.js
[2025-02-18 19:43:33.391]:         deleting directory: C:\Program Files\NetBeans-2\netbeans\webcommon\typescript-lsp\node_modules\commander
[2025-02-18 19:43:33.394]:         deleting file: C:\Program Files\NetBeans-2\netbeans\webcommon\modules\org-netbeans-api-knockout.jar
[2025-02-18 19:43:33.394]:         deleting file: C:\Program Files\NetBeans-2\netbeans\webcommon\modules\org-netbeans-libs-graaljs.jar
[2025-02-18 19:43:33.395]:         deleting file: C:\Program Files\NetBeans-2\netbeans\webcommon\modules\org-netbeans-libs-nashorn.jar
[2025-02-18 19:43:33.396]:         deleting file: C:\Program Files\NetBeans-2\netbeans\webcommon\modules\ext\libs.jstestdriver-ext.jar
[2025-02-18 19:43:33.396]:         deleting directory: C:\Program Files\NetBeans-2\netbeans\webcommon\typescript-lsp\node_modules\fs-extra
[2025-02-18 19:43:33.396]:         deleting directory: C:\Program Files\NetBeans-2\netbeans\webcommon\typescript-lsp\node_modules\jsonfile
[2025-02-18 19:43:33.397]:         deleting directory: C:\Program Files\NetBeans-2\netbeans\webcommon\typescript-lsp\node_modules\temp-dir
[2025-02-18 19:43:33.397]:         deleting file: C:\Program Files\NetBeans-2\netbeans\webcommon\modules\org-netbeans-lib-v8debug.jar
[2025-02-18 19:43:33.397]:         deleting file: C:\Program Files\NetBeans-2\netbeans\webcommon\protractor\netbeans-configuration.js
[2025-02-18 19:43:33.397]:         deleting file: C:\Program Files\NetBeans-2\netbeans\webcommon\modules\org-netbeans-libs-plist.jar
[2025-02-18 19:43:33.398]:         deleting file: C:\Program Files\NetBeans-2\netbeans\webcommon\modules\ext\js-launcher-20.3.0.jar
[2025-02-18 19:43:33.398]:         deleting directory: C:\Program Files\NetBeans-2\netbeans\webcommon\typescript-lsp\node_modules\tempy
[2025-02-18 19:43:33.398]:         deleting directory: C:\Program Files\NetBeans-2\netbeans\webcommon\karma\karma-netbeans-reporter
[2025-02-18 19:43:33.399]:         deleting file: C:\Program Files\NetBeans-2\netbeans\webcommon\docs\jquery-propertyNames.xml
[2025-02-18 19:43:33.399]:         deleting file: C:\Program Files\NetBeans-2\netbeans\webcommon\karma\karma-netbeans.conf.js
[2025-02-18 19:43:33.400]:         deleting file: C:\Program Files\NetBeans-2\netbeans\webcommon\modules\ext\regex-20.3.0.jar
[2025-02-18 19:43:33.400]:         deleting directory: C:\Program Files\NetBeans-2\netbeans\webcommon\typescript-lsp\node_modules
[2025-02-18 19:43:33.400]:         deleting file: C:\Program Files\NetBeans-2\netbeans\webcommon\modules\ext\icu4j-67.1.jar
[2025-02-18 19:43:33.401]:         deleting file: C:\Program Files\NetBeans-2\netbeans\webcommon\mocha\netbeans-reporter.js
[2025-02-18 19:43:33.401]:         deleting file: C:\Program Files\NetBeans-2\netbeans\webcommon\modules\ext\js-20.3.0.jar
[2025-02-18 19:43:33.401]:         deleting file: C:\Program Files\NetBeans-2\netbeans\webcommon\docs\extjs-properties.xml
[2025-02-18 19:43:33.401]:         deleting file: C:\Program Files\NetBeans-2\netbeans\webcommon\modules\ext\dd-plist.jar
[2025-02-18 19:43:33.402]:         deleting file: C:\Program Files\NetBeans-2\netbeans\webcommon\jsstubs\core-stubs.zip
[2025-02-18 19:43:33.402]:         deleting file: C:\Program Files\NetBeans-2\netbeans\webcommon\jsstubs\dom-stubs.zip
[2025-02-18 19:43:33.403]:         deleting file: C:\Program Files\NetBeans-2\netbeans\webcommon\docs\jquery-api.xml
[2025-02-18 19:43:33.403]:         deleting directory: C:\Program Files\NetBeans-2\netbeans\webcommon\update_tracking
[2025-02-18 19:43:33.404]:         deleting directory: C:\Program Files\NetBeans-2\netbeans\webcommon\typescript-lsp
[2025-02-18 19:43:33.404]:         deleting directory: C:\Program Files\NetBeans-2\netbeans\webcommon\config\Modules
[2025-02-18 19:43:33.404]:         deleting file: C:\Program Files\NetBeans-2\netbeans\webcommon\.lastModified
[2025-02-18 19:43:33.405]:         deleting directory: C:\Program Files\NetBeans-2\netbeans\webcommon\modules\ext
[2025-02-18 19:43:33.407]:         deleting file: C:\Program Files\NetBeans-2\netbeans\webcommon\VERSION.txt
[2025-02-18 19:43:33.407]:         deleting directory: C:\Program Files\NetBeans-2\netbeans\webcommon\protractor
[2025-02-18 19:43:33.407]:         deleting directory: C:\Program Files\NetBeans-2\netbeans\webcommon\ant\extra
[2025-02-18 19:43:33.409]:         deleting directory: C:\Program Files\NetBeans-2\netbeans\webcommon\modules
[2025-02-18 19:43:33.409]:         deleting directory: C:\Program Files\NetBeans-2\netbeans\webcommon\jsstubs
[2025-02-18 19:43:33.409]:         deleting directory: C:\Program Files\NetBeans-2\netbeans\webcommon\config
[2025-02-18 19:43:33.409]:         deleting directory: C:\Program Files\NetBeans-2\netbeans\webcommon\karma
[2025-02-18 19:43:33.410]:         deleting directory: C:\Program Files\NetBeans-2\netbeans\webcommon\mocha
[2025-02-18 19:43:33.410]:         deleting directory: C:\Program Files\NetBeans-2\netbeans\webcommon\docs
[2025-02-18 19:43:33.410]:         deleting file: C:\Program Files\NetBeans-2\webcommon\.lastModified
[2025-02-18 19:43:33.410]:             ... file does not exist
[2025-02-18 19:43:33.410]:         deleting directory: C:\Program Files\NetBeans-2\netbeans\webcommon\ant
[2025-02-18 19:43:33.410]:         deleting directory: C:\Program Files\NetBeans-2\netbeans\webcommon
[2025-02-18 19:43:33.410]:         deleting directory: C:\Program Files\NetBeans-2\netbeans
[2025-02-18 19:43:33.411]:         ... removing the system integration
[2025-02-18 19:43:33.411]:         ... removing installation files list
[2025-02-18 19:43:33.411]:         deleting file: C:\Users\Durgi\.nbi\product-cache\nb-webcommon\21.0.0.240215.0\installed-files.xml.gz
[2025-02-18 19:43:33.411]:     ...finished uninstallation of HTML5/JavaScript(nb-webcommon/21.0.0.240215.0)
[2025-02-18 19:43:33.612]:     NameResolver - to parse Uninstalling {0}
[2025-02-18 19:43:33.612]:     Start uninstallation of Extended IDE(nb-extide/21.0.0.240215.0)
[2025-02-18 19:43:33.615]:         ... running uninstallation logic
[2025-02-18 19:43:33.615]:         NameResolver - to parse C:\Program Files\NetBeans-21
[2025-02-18 19:43:33.615]:         System.getProperty(netbeans.default_userdir_root): C:\Users\Durgi\AppData\Roaming\NetBeans
[2025-02-18 19:43:33.616]:         NameResolver - to parse C:\Program Files\NetBeans-21
[2025-02-18 19:43:33.616]:         NameResolver - to parse C:\Program Files\NetBeans-21
[2025-02-18 19:43:33.616]:             child = apisupport
[2025-02-18 19:43:33.616]:             child = bin
[2025-02-18 19:43:33.616]:             child = cpplite
[2025-02-18 19:43:33.616]:             child = DEPENDENCIES
[2025-02-18 19:43:33.616]:             child = enterprise
[2025-02-18 19:43:33.616]:             child = ergonomics
[2025-02-18 19:43:33.616]:             child = etc
[2025-02-18 19:43:33.616]:             child = extide
[2025-02-18 19:43:33.616]:             child = groovy
[2025-02-18 19:43:33.616]:             child = harness
[2025-02-18 19:43:33.616]:             child = ide
[2025-02-18 19:43:33.616]:             child = java
[2025-02-18 19:43:33.616]:             child = javafx
[2025-02-18 19:43:33.616]:             child = LICENSE
[2025-02-18 19:43:33.616]:             child = licenses
[2025-02-18 19:43:33.616]:             child = nb
[2025-02-18 19:43:33.621]:         ... removing installation files
[2025-02-18 19:43:33.623]:         deleting file: C:\Program Files\NetBeans-2\netbeans\websvccommon\update_tracking\org-netbeans-modules-websvc-jaxwsmodelapi.xml
[2025-02-18 19:43:33.625]:         deleting file: C:\Program Files\NetBeans-2\netbeans\websvccommon\config\Modules\org-netbeans-modules-websvc-jaxwsmodelapi.xml
[2025-02-18 19:43:33.625]:         deleting file: C:\Program Files\NetBeans-2\netbeans\websvccommon\update_tracking\org-netbeans-modules-websvc-saas-codegen.xml
[2025-02-18 19:43:33.625]:         deleting file: C:\Program Files\NetBeans-2\netbeans\websvccommon\config\Modules\org-netbeans-modules-websvc-saas-codegen.xml
[2025-02-18 19:43:33.627]:         deleting file: C:\Program Files\NetBeans-2\netbeans\websvccommon\update_tracking\org-netbeans-modules-websvc-saas-kit.xml
[2025-02-18 19:43:33.628]:         deleting file: C:\Program Files\NetBeans-2\netbeans\websvccommon\update_tracking\org-netbeans-modules-websvc-saas-api.xml
[2025-02-18 19:43:33.629]:         deleting file: C:\Program Files\NetBeans-2\netbeans\websvccommon\config\Modules\org-netbeans-modules-websvc-saas-kit.xml
[2025-02-18 19:43:33.630]:         deleting file: C:\Program Files\NetBeans-2\netbeans\websvccommon\config\Modules\org-netbeans-modules-websvc-saas-api.xml
[2025-02-18 19:43:33.631]:         deleting file: C:\Program Files\NetBeans-2\netbeans\websvccommon\update_tracking\org-netbeans-modules-websvc-saas-ui.xml
[2025-02-18 19:43:33.632]:         deleting file: C:\Program Files\NetBeans-2\netbeans\websvccommon\config\Modules\org-netbeans-modules-websvc-saas-ui.xml
[2025-02-18 19:43:33.634]:         deleting file: C:\Program Files\NetBeans-2\netbeans\websvccommon\modules\org-netbeans-modules-websvc-jaxwsmodelapi.jar
[2025-02-18 19:43:33.635]:         deleting file: C:\Program Files\NetBeans-2\netbeans\websvccommon\modules\org-netbeans-modules-websvc-saas-codegen.jar
[2025-02-18 19:43:33.636]:         deleting file: C:\Program Files\NetBeans-2\netbeans\websvccommon\modules\org-netbeans-modules-websvc-saas-kit.jar
[2025-02-18 19:43:33.637]:         deleting file: C:\Program Files\NetBeans-2\netbeans\websvccommon\modules\org-netbeans-modules-websvc-saas-api.jar
[2025-02-18 19:43:33.638]:         deleting file: C:\Program Files\NetBeans-2\netbeans\websvccommon\modules\org-netbeans-modules-websvc-saas-ui.jar
[2025-02-18 19:43:33.639]:         deleting file: C:\Program Files\NetBeans-2\netbeans\websvccommon\modules\ext\build-jaxb.xml
[2025-02-18 19:43:33.640]:         deleting directory: C:\Program Files\NetBeans-2\netbeans\websvccommon\update_tracking
[2025-02-18 19:43:33.641]:         deleting directory: C:\Program Files\NetBeans-2\netbeans\websvccommon\config\Modules
[2025-02-18 19:43:33.641]:         deleting file: C:\Program Files\NetBeans-2\netbeans\websvccommon\.lastModified
[2025-02-18 19:43:33.642]:         deleting directory: C:\Program Files\NetBeans-2\netbeans\websvccommon\modules\ext
[2025-02-18 19:43:33.642]:         deleting file: C:\Program Files\NetBeans-2\netbeans\websvccommon\VERSION.txt
[2025-02-18 19:43:33.643]:         deleting directory: C:\Program Files\NetBeans-2\netbeans\websvccommon\modules
[2025-02-18 19:43:33.643]:         deleting directory: C:\Program Files\NetBeans-2\netbeans\websvccommon\config
[2025-02-18 19:43:33.644]:         deleting file: C:\Program Files\NetBeans-2\websvccommon\.lastModified
[2025-02-18 19:43:33.644]:             ... file does not exist
[2025-02-18 19:43:33.644]:         deleting directory: C:\Program Files\NetBeans-2\netbeans\websvccommon
[2025-02-18 19:43:33.644]:         deleting file: C:\Program Files\NetBeans-2\extide\.lastModified
[2025-02-18 19:43:33.645]:             ... file does not exist
[2025-02-18 19:43:33.645]:         deleting directory: C:\Program Files\NetBeans-2\netbeans
[2025-02-18 19:43:33.645]:         ... removing the system integration
[2025-02-18 19:43:33.645]:         ... removing installation files list
[2025-02-18 19:43:33.646]:         deleting file: C:\Users\Durgi\.nbi\product-cache\nb-extide\21.0.0.240215.0\installed-files.xml.gz
[2025-02-18 19:43:33.646]:     ...finished uninstallation of Extended IDE(nb-extide/21.0.0.240215.0)
[2025-02-18 19:43:33.847]:     NameResolver - to parse Uninstalling {0}
[2025-02-18 19:43:33.847]:     Start uninstallation of Base IDE(nb-all/21.0.0.240215.0)
[2025-02-18 19:43:33.864]:         ... running uninstallation logic
[2025-02-18 19:43:33.864]:         NameResolver - to parse C:\Program Files\NetBeans-21
[2025-02-18 19:43:33.865]:         System.getProperty(netbeans.default_userdir_root): C:\Users\Durgi\AppData\Roaming\NetBeans
[2025-02-18 19:43:34.021]:         executing command: C:\Program Files\Java\jdk-21\bin\java.exe -classpath C:\Users\Durgi\.nbi\tmp TestJDK, in directory: .
[2025-02-18 19:43:34.111]:             [stdout]: 21.0.5
[2025-02-18 19:43:34.111]:             [stdout]: 21.0.5+9-LTS-239
[2025-02-18 19:43:34.111]:             [stdout]: Oracle Corporation
[2025-02-18 19:43:34.111]:             [stdout]: Windows 11
[2025-02-18 19:43:34.111]:             [stdout]: amd64
[2025-02-18 19:43:34.137]:             [return]: 0
[2025-02-18 19:43:34.137]:         ... command execution finished
[2025-02-18 19:43:34.138]:         ... java.version    = 21.0.5
[2025-02-18 19:43:34.138]:         ... java.vm.version = 21.0.5+9-LTS-239
[2025-02-18 19:43:34.138]:         ... java.vendor     = Oracle Corporation
[2025-02-18 19:43:34.138]:         ... os.name         = Windows 11
[2025-02-18 19:43:34.138]:         ... os.arch         = amd64
[2025-02-18 19:43:34.138]:         ... version string : 21.0.5+9-LTS-239
[2025-02-18 19:43:34.138]:         ... put jdk info to the Java map
[2025-02-18 19:43:34.139]:         deleting file: C:\ProgramData\Microsoft\Windows\Start Menu\Programs\Apache NetBeans\Apache NetBeans IDE 21.lnk
[2025-02-18 19:43:34.140]:         deleting directory: C:\ProgramData\Microsoft\Windows\Start Menu\Programs\Apache NetBeans
[2025-02-18 19:43:34.144]:         deleting file: C:\Users\Public\Desktop\Apache NetBeans IDE 21.lnk
[2025-02-18 19:43:34.144]:             ... file does not exist
[2025-02-18 19:43:34.145]:         Checking windows registry
[2025-02-18 19:43:34.145]:         ... removing installation files
[2025-02-18 19:43:34.150]:         deleting file: C:\Program Files\NetBeans-2\netbeans\harness\nbi\stub\ext\engine\src\org\mycompany\installer\wizard\components\panels\resources\welcome-left-bottom.png
[2025-02-18 19:43:34.151]:         deleting file: C:\Program Files\NetBeans-2\netbeans\harness\nbi\stub\ext\engine\src\org\mycompany\installer\wizard\components\panels\resources\welcome-left-top.png
[2025-02-18 19:43:34.153]:         deleting file: C:\Program Files\NetBeans-2\netbeans\harness\nbi\stub\ext\engine\src\org\mycompany\installer\wizard\components\panels\PostInstallSummaryPanel.java
[2025-02-18 19:43:34.154]:         deleting file: C:\Program Files\NetBeans-2\netbeans\harness\nbi\stub\ext\engine\src\org\mycompany\installer\wizard\components\panels\PreInstallSummaryPanel.java
[2025-02-18 19:43:34.158]:         deleting file: C:\Program Files\NetBeans-2\netbeans\harness\nbi\stub\ext\components\products\helloworld\src\org\mycompany\wizard\panels\HelloWorldPanel.java
[2025-02-18 19:43:34.159]:         deleting file: C:\Program Files\NetBeans-2\netbeans\harness\nbi\stub\ext\engine\src\org\mycompany\installer\wizard\components\actions\InitializeAction.java
[2025-02-18 19:43:34.161]:         deleting file: C:\Program Files\NetBeans-2\netbeans\harness\nbi\stub\ext\engine\src\org\mycompany\installer\wizard\wizard-description-background-right.png
[2025-02-18 19:43:34.162]:         deleting file: C:\Program Files\NetBeans-2\netbeans\harness\nbi\stub\ext\engine\src\org\mycompany\installer\wizard\components\sequences\Bundle.properties
[2025-02-18 19:43:34.164]:         deleting file: C:\Program Files\NetBeans-2\netbeans\harness\nbi\stub\ext\engine\src\org\mycompany\installer\wizard\components\sequences\MainSequence.java
[2025-02-18 19:43:34.165]:         deleting file: C:\Program Files\NetBeans-2\netbeans\harness\nbi\stub\ext\engine\src\org\mycompany\installer\wizard\wizard-description-background-left.png
[2025-02-18 19:43:34.165]:         deleting file: C:\Program Files\NetBeans-2\netbeans\harness\nbi\stub\ext\components\products\helloworld\src\org\mycompany\wizard\panels\Bundle.properties
[2025-02-18 19:43:34.167]:         deleting file: C:\Program Files\NetBeans-2\netbeans\harness\nbi\stub\ext\engine\src\org\mycompany\installer\wizard\components\actions\Bundle.properties
[2025-02-18 19:43:34.169]:         deleting file: C:\Program Files\NetBeans-2\netbeans\harness\nbi\stub\ext\engine\src\org\mycompany\installer\wizard\components\panels\Bundle.properties
[2025-02-18 19:43:34.170]:         deleting file: C:\Program Files\NetBeans-2\netbeans\harness\nbi\stub\ext\engine\src\org\mycompany\installer\wizard\components\panels\WelcomePanel.java
[2025-02-18 19:43:34.171]:         deleting file: C:\Program Files\NetBeans-2\netbeans\harness\nbi\stub\ext\engine\src\org\mycompany\installer\utils\applications\NetBeansRCPUtils.java
[2025-02-18 19:43:34.172]:         deleting file: C:\Program Files\NetBeans-2\netbeans\harness\nbi\stub\ext\components\products\helloworld\src\org\mycompany\ConfigurationLogic.java
[2025-02-18 19:43:34.173]:         deleting file: C:\Program Files\NetBeans-2\netbeans\harness\nbi\stub\ext\engine\src\org\mycompany\installer\utils\applications\Bundle.properties
[2025-02-18 19:43:34.174]:         deleting directory: C:\Program Files\NetBeans-2\netbeans\harness\nbi\stub\ext\engine\src\org\mycompany\installer\wizard\components\panels\resources
[2025-02-18 19:43:34.175]:         deleting file: C:\Program Files\NetBeans-2\netbeans\harness\nbi\stub\ext\components\products\helloworld\src\org\mycompany\Bundle.properties
[2025-02-18 19:43:34.177]:         deleting file: C:\Program Files\NetBeans-2\netbeans\harness\nbi\stub\ext\engine\src\org\mycompany\installer\wizard\wizard-components.xml
[2025-02-18 19:43:34.178]:         deleting directory: C:\Program Files\NetBeans-2\netbeans\harness\nbi\stub\ext\components\products\helloworld\src\org\mycompany\wizard\panels
[2025-02-18 19:43:34.179]:         deleting directory: C:\Program Files\NetBeans-2\netbeans\harness\nbi\stub\ext\engine\src\org\mycompany\installer\wizard\components\sequences
[2025-02-18 19:43:34.180]:         deleting directory: C:\Program Files\NetBeans-2\netbeans\harness\nbi\stub\ext\engine\src\org\mycompany\installer\wizard\components\actions
[2025-02-18 19:43:34.181]:         deleting file: C:\Program Files\NetBeans-2\netbeans\harness\nbi\stub\ext\components\products\helloworld\nbproject\genfiles.properties
[2025-02-18 19:43:34.182]:         deleting directory: C:\Program Files\NetBeans-2\netbeans\harness\nbi\stub\ext\engine\src\org\mycompany\installer\wizard\components\panels
[2025-02-18 19:43:34.183]:         deleting file: C:\Program Files\NetBeans-2\netbeans\harness\nbi\stub\ext\engine\src\native\launcher\windows\i18n\launcher.properties
[2025-02-18 19:43:34.184]:         deleting file: C:\Program Files\NetBeans-2\netbeans\harness\nbi\stub\ext\components\products\helloworld\nbproject\project.properties
[2025-02-18 19:43:34.185]:         deleting file: C:\Program Files\NetBeans-2\netbeans\harness\nbi\stub\ext\components\products\helloworld\src\org\mycompany\wizard.xml
[2025-02-18 19:43:34.185]:         deleting file: C:\Program Files\NetBeans-2\netbeans\harness\nbi\stub\ext\engine\src\org\mycompany\installer\wizard\wizard-icon.png
[2025-02-18 19:43:34.189]:         deleting file: C:\Program Files\NetBeans-2\netbeans\ide\update_tracking\org-netbeans-modules-editor-deprecated-pre65formatting.xml
[2025-02-18 19:43:34.190]:         deleting file: C:\Program Files\NetBeans-2\netbeans\harness\nbi\stub\ext\engine\src\native\launcher\unix\i18n\launcher.properties
[2025-02-18 19:43:34.191]:         deleting file: C:\Program Files\NetBeans-2\netbeans\ide\config\Modules\org-netbeans-modules-editor-deprecated-pre65formatting.xml
[2025-02-18 19:43:34.193]:         deleting file: C:\Program Files\NetBeans-2\netbeans\ide\update_tracking\org-netbeans-modules-spellchecker-bindings-properties.xml
[2025-02-18 19:43:34.194]:         deleting file: C:\Program Files\NetBeans-2\netbeans\ide\update_tracking\org-netbeans-modules-versioning-system-cvss-installer.xml
[2025-02-18 19:43:34.195]:         deleting directory: C:\Program Files\NetBeans-2\netbeans\harness\nbi\stub\ext\components\products\helloworld\src\org\mycompany\wizard
[2025-02-18 19:43:34.195]:         deleting file: C:\Program Files\NetBeans-2\netbeans\harness\nbi\stub\ext\components\products\helloworld\nbproject\build-impl.xml
[2025-02-18 19:43:34.196]:         deleting file: C:\Program Files\NetBeans-2\netbeans\ide\config\Modules\org-netbeans-modules-spellchecker-bindings-properties.xml
[2025-02-18 19:43:34.198]:         deleting file: C:\Program Files\NetBeans-2\netbeans\ide\config\Modules\org-netbeans-modules-versioning-system-cvss-installer.xml
[2025-02-18 19:43:34.199]:         deleting directory: C:\Program Files\NetBeans-2\netbeans\harness\nbi\stub\ext\engine\src\org\mycompany\installer\utils\applications
[2025-02-18 19:43:34.200]:         deleting file: C:\Program Files\NetBeans-2\netbeans\harness\nbi\stub\ext\components\products\helloworld\data\Bundle.properties
[2025-02-18 19:43:34.201]:         deleting file: C:\Program Files\NetBeans-2\netbeans\ide\config\ModuleAutoDeps\org-netbeans-modules-editor-settings-storage.xml
[2025-02-18 19:43:34.203]:         deleting file: C:\Program Files\NetBeans-2\netbeans\ide\update_tracking\org-netbeans-modules-spellchecker-bindings-htmlxml.xml
[2025-02-18 19:43:34.203]:         deleting directory: C:\Program Files\NetBeans-2\netbeans\harness\nbi\stub\ext\engine\src\org\mycompany\installer\wizard\components
[2025-02-18 19:43:34.204]:         deleting file: C:\Program Files\NetBeans-2\netbeans\harness\nbi\stub\ext\components\products\helloworld\nbproject\project.xml
[2025-02-18 19:43:34.204]:         deleting file: C:\Program Files\NetBeans-2\netbeans\ide\config\Modules\org-netbeans-modules-spellchecker-bindings-htmlxml.xml
[2025-02-18 19:43:34.205]:         deleting file: C:\Program Files\NetBeans-2\netbeans\platform\update_tracking\org-netbeans-modules-editor-mimelookup-impl.xml
[2025-02-18 19:43:34.207]:         deleting file: C:\Program Files\NetBeans-2\netbeans\nb\update_tracking\org-netbeans-modules-uihandler-exceptionreporter.xml
[2025-02-18 19:43:34.210]:         deleting file: C:\Program Files\NetBeans-2\netbeans\platform\config\Modules\org-netbeans-modules-editor-mimelookup-impl.xml
[2025-02-18 19:43:34.210]:         deleting file: C:\Program Files\NetBeans-2\netbeans\ide\update_tracking\org-netbeans-modules-spellchecker-dictionary_en.xml
[2025-02-18 19:43:34.213]:         deleting file: C:\Program Files\NetBeans-2\netbeans\nb\config\Modules\org-netbeans-modules-uihandler-exceptionreporter.xml
[2025-02-18 19:43:34.214]:         deleting file: C:\Program Files\NetBeans-2\netbeans\nb\update_tracking\org-netbeans-modules-bugzilla-exceptionreporter.xml
[2025-02-18 19:43:34.214]:         deleting file: C:\Program Files\NetBeans-2\netbeans\ide\config\Modules\org-netbeans-modules-spellchecker-dictionary_en.xml
[2025-02-18 19:43:34.216]:         deleting file: C:\Program Files\NetBeans-2\netbeans\ide\modules\org-netbeans-modules-editor-deprecated-pre65formatting.jar
[2025-02-18 19:43:34.218]:         deleting file: C:\Program Files\NetBeans-2\netbeans\ide\update_tracking\org-netbeans-modules-dlight-nativeexecution-nb.xml
[2025-02-18 19:43:34.218]:         deleting file: C:\Program Files\NetBeans-2\netbeans\ide\update_tracking\org-netbeans-modules-versioning-indexingbridge.xml
[2025-02-18 19:43:34.219]:         deleting file: C:\Program Files\NetBeans-2\netbeans\ide\update_tracking\org-netbeans-modules-extexecution-process-jdk9.xml
[2025-02-18 19:43:34.220]:         deleting directory: C:\Program Files\NetBeans-2\netbeans\harness\nbi\stub\ext\components\products\helloworld\src\org\mycompany
[2025-02-18 19:43:34.220]:         deleting file: C:\Program Files\NetBeans-2\netbeans\nb\config\Modules\org-netbeans-modules-bugzilla-exceptionreporter.xml
[2025-02-18 19:43:34.221]:         deleting file: C:\Program Files\NetBeans-2\netbeans\nb\update_tracking\org-netbeans-modules-autoupdate-pluginimporter.xml
[2025-02-18 19:43:34.222]:         deleting file: C:\Program Files\NetBeans-2\netbeans\harness\nbi\stub\ext\infra\build\products\helloworld\build.properties
[2025-02-18 19:43:34.222]:         deleting file: C:\Program Files\NetBeans-2\netbeans\platform\update_tracking\org-netbeans-modules-autoupdate-services.xml
[2025-02-18 19:43:34.223]:         deleting file: C:\Program Files\NetBeans-2\netbeans\ide\config\Modules\org-netbeans-modules-dlight-nativeexecution-nb.xml
[2025-02-18 19:43:34.224]:         deleting file: C:\Program Files\NetBeans-2\netbeans\ide\config\Modules\org-netbeans-modules-versioning-indexingbridge.xml
[2025-02-18 19:43:34.225]:         deleting file: C:\Program Files\NetBeans-2\netbeans\ide\config\Modules\org-netbeans-modules-extexecution-process-jdk9.xml
[2025-02-18 19:43:34.225]:         deleting file: C:\Program Files\NetBeans-2\netbeans\ide\modules\org-netbeans-modules-versioning-system-cvss-installer.jar
[2025-02-18 19:43:34.226]:         deleting file: C:\Program Files\NetBeans-2\netbeans\ide\modules\org-netbeans-modules-spellchecker-bindings-properties.jar
[2025-02-18 19:43:34.226]:         deleting file: C:\Program Files\NetBeans-2\netbeans\nb\config\Modules\org-netbeans-modules-autoupdate-pluginimporter.xml
[2025-02-18 19:43:34.227]:         deleting file: C:\Program Files\NetBeans-2\netbeans\harness\update_tracking\org-netbeans-modules-jellytools-platform.xml
[2025-02-18 19:43:34.228]:         deleting file: C:\Program Files\NetBeans-2\netbeans\platform\config\Modules\org-netbeans-modules-autoupdate-services.xml
[2025-02-18 19:43:34.228]:         deleting file: C:\Program Files\NetBeans-2\netbeans\ide\config\ModuleAutoDeps\org-netbeans-modules-project-libraries.xml
[2025-02-18 19:43:34.228]:         deleting file: C:\Program Files\NetBeans-2\netbeans\ide\update_tracking\org-netbeans-modules-project-spi-intern-impl.xml
[2025-02-18 19:43:34.229]:         deleting file: C:\Program Files\NetBeans-2\netbeans\ide\update_tracking\org-netbeans-modules-editor-settings-storage.xml
[2025-02-18 19:43:34.230]:         deleting file: C:\Program Files\NetBeans-2\netbeans\nb\config\GlassFishEE6WC\Instances\glassfish_autoregistered_instance
[2025-02-18 19:43:34.230]:             ... file does not exist
[2025-02-18 19:43:34.231]:         deleting file: C:\Program Files\NetBeans-2\netbeans\harness\config\Modules\org-netbeans-modules-jellytools-platform.xml
[2025-02-18 19:43:34.232]:         deleting file: C:\Program Files\NetBeans-2\netbeans\harness\nbi\stub\ext\components\products\helloworld\data\icon48.png
[2025-02-18 19:43:34.232]:         deleting file: C:\Program Files\NetBeans-2\netbeans\harness\update_tracking\org-netbeans-modules-apisupport-harness.xml
[2025-02-18 19:43:34.233]:         deleting file: C:\Program Files\NetBeans-2\netbeans\platform\config\ModuleAutoDeps\org-netbeans-modules-options-api.xml
[2025-02-18 19:43:34.234]:         deleting file: C:\Program Files\NetBeans-2\netbeans\platform\update_tracking\org-netbeans-modules-editor-mimelookup.xml
[2025-02-18 19:43:34.234]:         deleting file: C:\Program Files\NetBeans-2\netbeans\ide\config\Modules\org-netbeans-modules-project-spi-intern-impl.xml
[2025-02-18 19:43:34.235]:         deleting file: C:\Program Files\NetBeans-2\netbeans\ide\config\Modules\org-netbeans-modules-editor-settings-storage.xml
[2025-02-18 19:43:34.236]:         deleting file: C:\Program Files\NetBeans-2\netbeans\ide\update_tracking\org-eclipse-mylyn-commons-repositories-core.xml
[2025-02-18 19:43:34.237]:         deleting file: C:\Program Files\NetBeans-2\netbeans\ide\update_tracking\org-netbeans-modules-spellchecker-apimodule.xml
[2025-02-18 19:43:34.238]:         deleting file: C:\Program Files\NetBeans-2\netbeans\ide\update_tracking\org-netbeans-modules-dlight-nativeexecution.xml
[2025-02-18 19:43:34.239]:         deleting file: C:\Program Files\NetBeans-2\netbeans\ide\update_tracking\org-netbeans-modules-editor-errorstripe-api.xml
[2025-02-18 19:43:34.240]:         deleting file: C:\Program Files\NetBeans-2\netbeans\ide\update_tracking\org-eclipse-core-runtime-compatibility-auth.xml
[2025-02-18 19:43:34.240]:         deleting file: C:\Program Files\NetBeans-2\netbeans\ide\update_tracking\org-netbeans-modules-project-indexingbridge.xml
[2025-02-18 19:43:34.241]:         deleting file: C:\Program Files\NetBeans-2\netbeans\harness\config\Modules\org-netbeans-modules-apisupport-harness.xml
[2025-02-18 19:43:34.241]:         deleting file: C:\Program Files\NetBeans-2\netbeans\platform\config\Modules\org-netbeans-modules-editor-mimelookup.xml
[2025-02-18 19:43:34.242]:         deleting file: C:\Program Files\NetBeans-2\netbeans\platform\update_tracking\org-netbeans-modules-masterfs-windows.xml
[2025-02-18 19:43:34.243]:         deleting file: C:\Program Files\NetBeans-2\netbeans\platform\update_tracking\org-netbeans-modules-keyring-fallback.xml
[2025-02-18 19:43:34.243]:         deleting file: C:\Program Files\NetBeans-2\netbeans\ide\config\Modules\org-eclipse-mylyn-commons-repositories-core.xml
[2025-02-18 19:43:34.244]:         deleting file: C:\Program Files\NetBeans-2\netbeans\ide\config\Modules\org-netbeans-modules-spellchecker-apimodule.xml
[2025-02-18 19:43:34.245]:         deleting file: C:\Program Files\NetBeans-2\netbeans\ide\config\Modules\org-netbeans-modules-dlight-nativeexecution.xml
[2025-02-18 19:43:34.245]:         deleting file: C:\Program Files\NetBeans-2\netbeans\ide\config\Modules\org-netbeans-modules-editor-errorstripe-api.xml
[2025-02-18 19:43:34.246]:         deleting file: C:\Program Files\NetBeans-2\netbeans\ide\config\Modules\org-eclipse-core-runtime-compatibility-auth.xml
[2025-02-18 19:43:34.247]:         deleting file: C:\Program Files\NetBeans-2\netbeans\ide\config\Modules\org-netbeans-modules-project-indexingbridge.xml
[2025-02-18 19:43:34.247]:         deleting file: C:\Program Files\NetBeans-2\netbeans\ide\modules\org-netbeans-modules-spellchecker-bindings-htmlxml.jar
[2025-02-18 19:43:34.248]:         deleting file: C:\Program Files\NetBeans-2\netbeans\ide\update_tracking\org-eclipse-mylyn-wikitext-confluence-core.xml
[2025-02-18 19:43:34.248]:         deleting file: C:\Program Files\NetBeans-2\netbeans\ide\update_tracking\org-netbeans-modules-xml-schema-completion.xml
[2025-02-18 19:43:34.249]:         deleting file: C:\Program Files\NetBeans-2\netbeans\ide\update_tracking\org-netbeans-modules-editor-bracesmatching.xml
[2025-02-18 19:43:34.250]:         deleting file: C:\Program Files\NetBeans-2\netbeans\ide\update_tracking\org-netbeans-modules-editor-indent-support.xml
[2025-02-18 19:43:34.251]:         deleting file: C:\Program Files\NetBeans-2\netbeans\ide\update_tracking\org-netbeans-modules-editor-indent-project.xml
[2025-02-18 19:43:34.251]:         deleting file: C:\Program Files\NetBeans-2\netbeans\nb\config\GlassFishEE6\Instances\glassfish_autoregistered_instance
[2025-02-18 19:43:34.251]:             ... file does not exist
[2025-02-18 19:43:34.252]:         deleting file: C:\Program Files\NetBeans-2\netbeans\harness\nbi\stub\ext\components\products\helloworld\data\icon.png
[2025-02-18 19:43:34.252]:         deleting file: C:\Program Files\NetBeans-2\netbeans\platform\config\Modules\org-netbeans-modules-masterfs-windows.xml
[2025-02-18 19:43:34.253]:         deleting file: C:\Program Files\NetBeans-2\netbeans\platform\config\Modules\org-netbeans-modules-keyring-fallback.xml
[2025-02-18 19:43:34.253]:         deleting file: C:\Program Files\NetBeans-2\netbeans\platform\update_tracking\org-netbeans-modules-masterfs-macosx.xml
[2025-02-18 19:43:34.255]:         deleting file: C:\Program Files\NetBeans-2\netbeans\cpplite\update_tracking\org-netbeans-modules-cpplite-debugger.xml
[2025-02-18 19:43:34.255]:         deleting file: C:\Program Files\NetBeans-2\netbeans\ide\config\ModuleAutoDeps\org-netbeans-modules-options-editor.xml
[2025-02-18 19:43:34.256]:         deleting file: C:\Program Files\NetBeans-2\netbeans\ide\config\Modules\org-eclipse-mylyn-wikitext-confluence-core.xml
[2025-02-18 19:43:34.256]:         deleting file: C:\Program Files\NetBeans-2\netbeans\ide\config\Modules\org-netbeans-modules-xml-schema-completion.xml
[2025-02-18 19:43:34.257]:         deleting file: C:\Program Files\NetBeans-2\netbeans\ide\config\Modules\org-netbeans-modules-editor-bracesmatching.xml
[2025-02-18 19:43:34.258]:         deleting file: C:\Program Files\NetBeans-2\netbeans\ide\config\Modules\org-netbeans-modules-editor-indent-support.xml
[2025-02-18 19:43:34.259]:         deleting file: C:\Program Files\NetBeans-2\netbeans\ide\config\Modules\org-netbeans-modules-editor-indent-project.xml
[2025-02-18 19:43:34.259]:         deleting file: C:\Program Files\NetBeans-2\netbeans\ide\update_tracking\org-netbeans-modules-javascript2-debug-ui.xml
[2025-02-18 19:43:34.260]:         deleting file: C:\Program Files\NetBeans-2\netbeans\ide\update_tracking\org-netbeans-libs-svnClientAdapter-javahl.xml
[2025-02-18 19:43:34.260]:         deleting file: C:\Program Files\NetBeans-2\netbeans\ide\update_tracking\org-netbeans-modules-editor-global-format.xml
[2025-02-18 19:43:34.261]:         deleting file: C:\Program Files\NetBeans-2\netbeans\ide\update_tracking\org-netbeans-modules-web-webkit-debugging.xml
[2025-02-18 19:43:34.261]:         deleting file: C:\Program Files\NetBeans-2\netbeans\ide\update_tracking\org-netbeans-modules-editor-tools-storage.xml
[2025-02-18 19:43:34.261]:         deleting file: C:\Program Files\NetBeans-2\netbeans\ide\update_tracking\org-netbeans-modules-project-libraries-ui.xml
[2025-02-18 19:43:34.262]:         deleting file: C:\Program Files\NetBeans-2\netbeans\ide\update_tracking\org-netbeans-modules-editor-codetemplates.xml
[2025-02-18 19:43:34.262]:         deleting file: C:\Program Files\NetBeans-2\netbeans\ide\update_tracking\org-netbeans-modules-extexecution-process.xml
[2025-02-18 19:43:34.263]:         deleting file: C:\Program Files\NetBeans-2\netbeans\platform\config\ModuleAutoDeps\org-apache-commons-commons_io.xml
[2025-02-18 19:43:34.264]:         deleting file: C:\Program Files\NetBeans-2\netbeans\platform\config\ModuleAutoDeps\org-netbeans-modules-masterfs.xml
[2025-02-18 19:43:34.264]:         deleting file: C:\Program Files\NetBeans-2\netbeans\platform\config\Modules\org-netbeans-modules-masterfs-macosx.xml
[2025-02-18 19:43:34.265]:         deleting file: C:\Program Files\NetBeans-2\netbeans\platform\modules\org-netbeans-modules-editor-mimelookup-impl.jar
[2025-02-18 19:43:34.266]:         deleting file: C:\Program Files\NetBeans-2\netbeans\platform\update_tracking\org-netbeans-api-annotations-common.xml
[2025-02-18 19:43:34.266]:         deleting file: C:\Program Files\NetBeans-2\netbeans\platform\update_tracking\org-netbeans-modules-autoupdate-cli.xml
[2025-02-18 19:43:34.266]:         deleting file: C:\Program Files\NetBeans-2\netbeans\platform\update_tracking\org-netbeans-modules-options-keymap.xml
[2025-02-18 19:43:34.267]:         deleting file: C:\Program Files\NetBeans-2\netbeans\platform\update_tracking\org-netbeans-modules-masterfs-linux.xml
[2025-02-18 19:43:34.268]:         deleting file: C:\Program Files\NetBeans-2\netbeans\cpplite\config\Modules\org-netbeans-modules-cpplite-debugger.xml
[2025-02-18 19:43:34.268]:         deleting file: C:\Program Files\NetBeans-2\netbeans\cpplite\update_tracking\org-netbeans-modules-cpplite-project.xml
[2025-02-18 19:43:34.269]:         deleting file: C:\Program Files\NetBeans-2\netbeans\ide\config\ModuleAutoDeps\org-netbeans-modules-editor-indent.xml
[2025-02-18 19:43:34.270]:         deleting file: C:\Program Files\NetBeans-2\netbeans\ide\config\Modules\org-netbeans-modules-javascript2-debug-ui.xml
[2025-02-18 19:43:34.271]:         deleting file: C:\Program Files\NetBeans-2\netbeans\ide\config\Modules\org-netbeans-libs-svnClientAdapter-javahl.xml
[2025-02-18 19:43:34.272]:         deleting file: C:\Program Files\NetBeans-2\netbeans\ide\config\Modules\org-netbeans-modules-editor-global-format.xml
[2025-02-18 19:43:34.272]:         deleting file: C:\Program Files\NetBeans-2\netbeans\ide\config\Modules\org-netbeans-modules-web-webkit-debugging.xml
[2025-02-18 19:43:34.273]:         deleting file: C:\Program Files\NetBeans-2\netbeans\ide\config\Modules\org-netbeans-modules-editor-tools-storage.xml
[2025-02-18 19:43:34.273]:         deleting file: C:\Program Files\NetBeans-2\netbeans\ide\config\Modules\org-netbeans-modules-project-libraries-ui.xml
[2025-02-18 19:43:34.273]:         deleting file: C:\Program Files\NetBeans-2\netbeans\ide\config\Modules\org-netbeans-modules-editor-codetemplates.xml
[2025-02-18 19:43:34.274]:         deleting file: C:\Program Files\NetBeans-2\netbeans\ide\config\Modules\org-netbeans-modules-extexecution-process.xml
[2025-02-18 19:43:34.274]:         deleting file: C:\Program Files\NetBeans-2\netbeans\ide\update_tracking\org-netbeans-modules-projectui-buildmenu.xml
[2025-02-18 19:43:34.275]:         deleting file: C:\Program Files\NetBeans-2\netbeans\ide\update_tracking\org-netbeans-modules-bugtracking-commons.xml
[2025-02-18 19:43:34.275]:         deleting file: C:\Program Files\NetBeans-2\netbeans\ide\update_tracking\org-netbeans-modules-xml-text-obsolete90.xml
[2025-02-18 19:43:34.275]:         deleting file: C:\Program Files\NetBeans-2\netbeans\ide\update_tracking\org-netbeans-modules-db-sql-visualeditor.xml
[2025-02-18 19:43:34.276]:         deleting file: C:\Program Files\NetBeans-2\netbeans\ide\update_tracking\org-eclipse-mylyn-wikitext-markdown-core.xml
[2025-02-18 19:43:34.276]:         deleting file: C:\Program Files\NetBeans-2\netbeans\ide\update_tracking\org-netbeans-modules-editor-settings-lib.xml
[2025-02-18 19:43:34.277]:         deleting file: C:\Program Files\NetBeans-2\netbeans\ide\update_tracking\org-netbeans-modules-versioning-masterfs.xml
[2025-02-18 19:43:34.278]:         deleting file: C:\Program Files\NetBeans-2\netbeans\ide\update_tracking\org-netbeans-modules-tasklist-projectint.xml
[2025-02-18 19:43:34.278]:         deleting file: C:\Program Files\NetBeans-2\netbeans\ide\update_tracking\org-netbeans-modules-project-ant-compat8.xml
[2025-02-18 19:43:34.279]:         deleting file: C:\Program Files\NetBeans-2\netbeans\nb\modules\org-netbeans-modules-uihandler-exceptionreporter.jar
[2025-02-18 19:43:34.279]:         deleting file: C:\Program Files\NetBeans-2\netbeans\harness\nbi\stub\ext\components\products\helloworld\manifest.mf
[2025-02-18 19:43:34.280]:         deleting file: C:\Program Files\NetBeans-2\netbeans\platform\config\ModuleAutoDeps\org-netbeans-modules-queries.xml
[2025-02-18 19:43:34.281]:         deleting file: C:\Program Files\NetBeans-2\netbeans\platform\config\Modules\org-netbeans-api-annotations-common.xml
[2025-02-18 19:43:34.282]:         deleting file: C:\Program Files\NetBeans-2\netbeans\platform\config\Modules\org-netbeans-modules-autoupdate-cli.xml
[2025-02-18 19:43:34.282]:         deleting file: C:\Program Files\NetBeans-2\netbeans\platform\config\Modules\org-netbeans-modules-options-keymap.xml
[2025-02-18 19:43:34.284]:         deleting file: C:\Program Files\NetBeans-2\netbeans\platform\config\Modules\org-netbeans-modules-masterfs-linux.xml
[2025-02-18 19:43:34.284]:         deleting file: C:\Program Files\NetBeans-2\netbeans\platform\update_tracking\org-netbeans-modules-autoupdate-ui.xml
[2025-02-18 19:43:34.285]:         deleting file: C:\Program Files\NetBeans-2\netbeans\platform\update_tracking\org-netbeans-modules-masterfs-nio2.xml
[2025-02-18 19:43:34.286]:         deleting file: C:\Program Files\NetBeans-2\netbeans\cpplite\config\Modules\org-netbeans-modules-cpplite-project.xml
[2025-02-18 19:43:34.286]:         deleting file: C:\Program Files\NetBeans-2\netbeans\cpplite\update_tracking\org-netbeans-modules-cpplite-editor.xml
[2025-02-18 19:43:34.288]:         deleting file: C:\Program Files\NetBeans-2\netbeans\ide\config\ModuleAutoDeps\org-netbeans-modules-projectuiapi.xml
[2025-02-18 19:43:34.288]:         deleting file: C:\Program Files\NetBeans-2\netbeans\ide\config\Modules\org-netbeans-modules-projectui-buildmenu.xml
[2025-02-18 19:43:34.289]:         deleting file: C:\Program Files\NetBeans-2\netbeans\ide\config\Modules\org-netbeans-modules-bugtracking-commons.xml
[2025-02-18 19:43:34.290]:         deleting file: C:\Program Files\NetBeans-2\netbeans\ide\config\Modules\org-netbeans-modules-xml-text-obsolete90.xml
[2025-02-18 19:43:34.290]:         deleting file: C:\Program Files\NetBeans-2\netbeans\ide\config\Modules\org-netbeans-modules-db-sql-visualeditor.xml
[2025-02-18 19:43:34.290]:         deleting file: C:\Program Files\NetBeans-2\netbeans\ide\config\Modules\org-eclipse-mylyn-wikitext-markdown-core.xml
[2025-02-18 19:43:34.292]:         deleting file: C:\Program Files\NetBeans-2\netbeans\ide\config\Modules\org-netbeans-modules-editor-settings-lib.xml
[2025-02-18 19:43:34.292]:         deleting file: C:\Program Files\NetBeans-2\netbeans\ide\config\Modules\org-netbeans-modules-versioning-masterfs.xml
[2025-02-18 19:43:34.292]:         deleting file: C:\Program Files\NetBeans-2\netbeans\ide\config\Modules\org-netbeans-modules-tasklist-projectint.xml
[2025-02-18 19:43:34.293]:         deleting file: C:\Program Files\NetBeans-2\netbeans\ide\config\Modules\org-netbeans-modules-project-ant-compat8.xml
[2025-02-18 19:43:34.293]:         deleting file: C:\Program Files\NetBeans-2\netbeans\ide\modules\org-netbeans-modules-spellchecker-dictionary_en.jar
[2025-02-18 19:43:34.294]:         deleting file: C:\Program Files\NetBeans-2\netbeans\ide\update_tracking\org-eclipse-mylyn-wikitext-textile-core.xml
[2025-02-18 19:43:34.294]:         deleting file: C:\Program Files\NetBeans-2\netbeans\ide\update_tracking\org-netbeans-modules-editor-errorstripe.xml
[2025-02-18 19:43:34.294]:         deleting file: C:\Program Files\NetBeans-2\netbeans\ide\update_tracking\org-netbeans-modules-project-spi-intern.xml
[2025-02-18 19:43:34.295]:         deleting file: C:\Program Files\NetBeans-2\netbeans\ide\update_tracking\org-netbeans-modules-editor-breadcrumbs.xml
[2025-02-18 19:43:34.295]:         deleting file: C:\Program Files\NetBeans-2\netbeans\ide\update_tracking\org-netbeans-modules-project-dependency.xml
[2025-02-18 19:43:34.296]:         deleting file: C:\Program Files\NetBeans-2\netbeans\ide\update_tracking\org-netbeans-modules-languages-manifest.xml
[2025-02-18 19:43:34.296]:         deleting file: C:\Program Files\NetBeans-2\netbeans\ide\update_tracking\org-netbeans-modules-bugtracking-bridge.xml
[2025-02-18 19:43:34.296]:         deleting directory: C:\Program Files\NetBeans-2\netbeans\harness\nbi\stub\ext\engine\src\org\mycompany\installer\wizard
[2025-02-18 19:43:34.297]:         deleting file: C:\Program Files\NetBeans-2\netbeans\nb\modules\org-netbeans-modules-bugzilla-exceptionreporter.jar
[2025-02-18 19:43:34.297]:         deleting file: C:\Program Files\NetBeans-2\netbeans\harness\nbi\stub\ext\infra\build\products\helloworld\build.xml
[2025-02-18 19:43:34.298]:         deleting file: C:\Program Files\NetBeans-2\netbeans\platform\config\Modules\org-netbeans-modules-autoupdate-ui.xml
[2025-02-18 19:43:34.298]:         deleting file: C:\Program Files\NetBeans-2\netbeans\platform\config\Modules\org-netbeans-modules-masterfs-nio2.xml
[2025-02-18 19:43:34.299]:         deleting file: C:\Program Files\NetBeans-2\netbeans\platform\update_tracking\org-netbeans-modules-keyring-impl.xml
[2025-02-18 19:43:34.299]:         deleting file: C:\Program Files\NetBeans-2\netbeans\platform\update_tracking\org-netbeans-api-progress-compat8.xml
[2025-02-18 19:43:34.302]:         deleting file: C:\Program Files\NetBeans-2\netbeans\cpplite\config\Modules\org-netbeans-modules-cpplite-editor.xml
[2025-02-18 19:43:34.302]:         deleting file: C:\Program Files\NetBeans-2\netbeans\ide\config\ModuleAutoDeps\org-netbeans-modules-xml-catalog.xml
[2025-02-18 19:43:34.303]:         deleting file: C:\Program Files\NetBeans-2\netbeans\ide\config\ModuleAutoDeps\org-netbeans-modules-editor-lib2.xml
[2025-02-18 19:43:34.303]:         deleting file: C:\Program Files\NetBeans-2\netbeans\ide\config\ModuleAutoDeps\org-netbeans-modules-parsing-api.xml
[2025-02-18 19:43:34.304]:         deleting file: C:\Program Files\NetBeans-2\netbeans\ide\config\ModuleAutoDeps\org-netbeans-modules-project-ant.xml
[2025-02-18 19:43:34.304]:         deleting file: C:\Program Files\NetBeans-2\netbeans\ide\config\ModuleAutoDeps\org-netbeans-modules-html-editor.xml
[2025-02-18 19:43:34.305]:         deleting file: C:\Program Files\NetBeans-2\netbeans\ide\config\Modules\org-eclipse-mylyn-wikitext-textile-core.xml
[2025-02-18 19:43:34.305]:         deleting file: C:\Program Files\NetBeans-2\netbeans\ide\config\Modules\org-netbeans-modules-editor-errorstripe.xml
[2025-02-18 19:43:34.305]:         deleting file: C:\Program Files\NetBeans-2\netbeans\ide\config\Modules\org-netbeans-modules-project-spi-intern.xml
[2025-02-18 19:43:34.306]:         deleting file: C:\Program Files\NetBeans-2\netbeans\ide\config\Modules\org-netbeans-modules-editor-breadcrumbs.xml
[2025-02-18 19:43:34.306]:         deleting file: C:\Program Files\NetBeans-2\netbeans\ide\config\Modules\org-netbeans-modules-project-dependency.xml
[2025-02-18 19:43:34.306]:         deleting file: C:\Program Files\NetBeans-2\netbeans\ide\config\Modules\org-netbeans-modules-languages-manifest.xml
[2025-02-18 19:43:34.307]:         deleting file: C:\Program Files\NetBeans-2\netbeans\ide\config\Modules\org-netbeans-modules-bugtracking-bridge.xml
[2025-02-18 19:43:34.308]:         deleting file: C:\Program Files\NetBeans-2\netbeans\ide\modules\org-netbeans-modules-extexecution-process-jdk9.jar
[2025-02-18 19:43:34.308]:         deleting file: C:\Program Files\NetBeans-2\netbeans\ide\modules\org-netbeans-modules-dlight-nativeexecution-nb.jar
[2025-02-18 19:43:34.309]:         deleting file: C:\Program Files\NetBeans-2\netbeans\ide\modules\org-netbeans-modules-versioning-indexingbridge.jar
[2025-02-18 19:43:34.309]:         deleting file: C:\Program Files\NetBeans-2\netbeans\ide\update_tracking\org-netbeans-modules-db-metadata-model.xml
[2025-02-18 19:43:34.310]:         deleting file: C:\Program Files\NetBeans-2\netbeans\ide\update_tracking\org-netbeans-modules-editor-completion.xml
[2025-02-18 19:43:34.310]:         deleting file: C:\Program Files\NetBeans-2\netbeans\ide\update_tracking\org-netbeans-modules-properties-syntax.xml
[2025-02-18 19:43:34.310]:         deleting file: C:\Program Files\NetBeans-2\netbeans\ide\update_tracking\org-netbeans-modules-projectuiapi-base.xml
[2025-02-18 19:43:34.311]:         deleting file: C:\Program Files\NetBeans-2\netbeans\ide\update_tracking\org-netbeans-modules-utilities-project.xml
[2025-02-18 19:43:34.311]:         deleting file: C:\Program Files\NetBeans-2\netbeans\ide\update_tracking\org-netbeans-modules-javascript2-debug.xml
[2025-02-18 19:43:34.312]:         deleting file: C:\Program Files\NetBeans-2\netbeans\ide\update_tracking\org-netbeans-modules-extexecution-impl.xml
[2025-02-18 19:43:34.312]:         deleting file: C:\Program Files\NetBeans-2\netbeans\ide\update_tracking\org-netbeans-spi-editor-hints-projects.xml
[2025-02-18 19:43:34.312]:         deleting file: C:\Program Files\NetBeans-2\netbeans\ide\update_tracking\org-netbeans-modules-gsf-testrunner-ui.xml
[2025-02-18 19:43:34.313]:         deleting file: C:\Program Files\NetBeans-2\netbeans\ide\update_tracking\org-netbeans-modules-extexecution-base.xml
[2025-02-18 19:43:34.313]:         deleting file: C:\Program Files\NetBeans-2\netbeans\ide\update_tracking\org-netbeans-modules-hudson-subversion.xml
[2025-02-18 19:43:34.313]:         deleting file: C:\Program Files\NetBeans-2\netbeans\ide\update_tracking\org-netbeans-modules-project-libraries.xml
[2025-02-18 19:43:34.317]:         deleting file: C:\Program Files\NetBeans-2\netbeans\nb\config\J2EE\InstalledServers\tomcat_autoregistered_instance
[2025-02-18 19:43:34.317]:             ... file does not exist
[2025-02-18 19:43:34.317]:         deleting directory: C:\Program Files\NetBeans-2\netbeans\harness\nbi\stub\ext\engine\src\org\mycompany\installer\utils
[2025-02-18 19:43:34.317]:         deleting directory: C:\Program Files\NetBeans-2\netbeans\harness\nbi\stub\ext\components\products\helloworld\nbproject
[2025-02-18 19:43:34.318]:         deleting file: C:\Program Files\NetBeans-2\netbeans\extide\update_tracking\org-netbeans-modules-gradle-editor.xml
[2025-02-18 19:43:34.319]:         deleting file: C:\Program Files\NetBeans-2\netbeans\nb\modules\org-netbeans-modules-autoupdate-pluginimporter.jar
[2025-02-18 19:43:34.319]:         deleting file: C:\Program Files\NetBeans-2\netbeans\nb\update_tracking\org-netbeans-modules-deadlock-detector.xml
[2025-02-18 19:43:34.319]:         deleting file: C:\Program Files\NetBeans-2\netbeans\harness\nbi\stub\ext\components\products\helloworld\build.xml
[2025-02-18 19:43:34.320]:         deleting file: C:\Program Files\NetBeans-2\netbeans\platform\config\Modules\org-netbeans-modules-keyring-impl.xml
[2025-02-18 19:43:34.321]:         deleting file: C:\Program Files\NetBeans-2\netbeans\platform\config\Modules\org-netbeans-api-progress-compat8.xml
[2025-02-18 19:43:34.321]:         deleting file: C:\Program Files\NetBeans-2\netbeans\platform\modules\org-netbeans-modules-autoupdate-services.jar
[2025-02-18 19:43:34.322]:         deleting file: C:\Program Files\NetBeans-2\netbeans\platform\update_tracking\org-netbeans-modules-options-api.xml
[2025-02-18 19:43:34.322]:         deleting file: C:\Program Files\NetBeans-2\netbeans\platform\update_tracking\org-netbeans-modules-progress-ui.xml
[2025-02-18 19:43:34.323]:         deleting file: C:\Program Files\NetBeans-2\netbeans\platform\update_tracking\org-netbeans-html-presenters-spi.xml
[2025-02-18 19:43:34.323]:         deleting file: C:\Program Files\NetBeans-2\netbeans\platform\update_tracking\org-netbeans-modules-masterfs-ui.xml
[2025-02-18 19:43:34.324]:         deleting file: C:\Program Files\NetBeans-2\netbeans\platform\update_tracking\org-netbeans-modules-spi-actions.xml
[2025-02-18 19:43:34.324]:         deleting file: C:\Program Files\NetBeans-2\netbeans\platform\update_tracking\org-netbeans-modules-templatesui.xml
[2025-02-18 19:43:34.324]:         deleting file: C:\Program Files\NetBeans-2\netbeans\ide\config\ModuleAutoDeps\org-netbeans-modules-editor-lib.xml
[2025-02-18 19:43:34.325]:         deleting file: C:\Program Files\NetBeans-2\netbeans\ide\config\ModuleAutoDeps\org-netbeans-modules-projectapi.xml
[2025-02-18 19:43:34.325]:         deleting file: C:\Program Files\NetBeans-2\netbeans\ide\config\Modules\org-netbeans-modules-db-metadata-model.xml
[2025-02-18 19:43:34.326]:         deleting file: C:\Program Files\NetBeans-2\netbeans\ide\config\Modules\org-netbeans-modules-editor-completion.xml
[2025-02-18 19:43:34.326]:         deleting file: C:\Program Files\NetBeans-2\netbeans\ide\config\Modules\org-netbeans-modules-properties-syntax.xml
[2025-02-18 19:43:34.326]:         deleting file: C:\Program Files\NetBeans-2\netbeans\ide\config\Modules\org-netbeans-modules-projectuiapi-base.xml
[2025-02-18 19:43:34.327]:         deleting file: C:\Program Files\NetBeans-2\netbeans\ide\config\Modules\org-netbeans-modules-utilities-project.xml
[2025-02-18 19:43:34.327]:         deleting file: C:\Program Files\NetBeans-2\netbeans\ide\config\Modules\org-netbeans-modules-javascript2-debug.xml
[2025-02-18 19:43:34.327]:         deleting file: C:\Program Files\NetBeans-2\netbeans\ide\config\Modules\org-netbeans-modules-extexecution-impl.xml
[2025-02-18 19:43:34.328]:         deleting file: C:\Program Files\NetBeans-2\netbeans\ide\config\Modules\org-netbeans-spi-editor-hints-projects.xml
[2025-02-18 19:43:34.328]:         deleting file: C:\Program Files\NetBeans-2\netbeans\ide\config\Modules\org-netbeans-modules-gsf-testrunner-ui.xml
[2025-02-18 19:43:34.333]:         deleting file: C:\Program Files\NetBeans-2\netbeans\ide\config\Modules\org-netbeans-modules-extexecution-base.xml
[2025-02-18 19:43:34.334]:         deleting file: C:\Program Files\NetBeans-2\netbeans\ide\config\Modules\org-netbeans-modules-hudson-subversion.xml
[2025-02-18 19:43:34.335]:         deleting file: C:\Program Files\NetBeans-2\netbeans\ide\config\Modules\org-netbeans-modules-project-libraries.xml
[2025-02-18 19:43:34.335]:         deleting file: C:\Program Files\NetBeans-2\netbeans\ide\update_tracking\org-netbeans-modules-swing-validation.xml
[2025-02-18 19:43:34.336]:         deleting file: C:\Program Files\NetBeans-2\netbeans\ide\update_tracking\org-netbeans-modules-editor-fold-nbui.xml
[2025-02-18 19:43:34.336]:         deleting file: C:\Program Files\NetBeans-2\netbeans\ide\update_tracking\org-netbeans-modules-spellchecker-kit.xml
[2025-02-18 19:43:34.337]:         deleting file: C:\Program Files\NetBeans-2\netbeans\ide\update_tracking\org-netbeans-modules-editor-plain-lib.xml
[2025-02-18 19:43:34.337]:         deleting file: C:\Program Files\NetBeans-2\netbeans\ide\update_tracking\org-netbeans-modules-parsing-indexing.xml
[2025-02-18 19:43:34.338]:         deleting file: C:\Program Files\NetBeans-2\netbeans\ide\update_tracking\org-netbeans-modules-editor-structure.xml
[2025-02-18 19:43:34.338]:         deleting file: C:\Program Files\NetBeans-2\netbeans\ide\update_tracking\org-netbeans-modules-hudson-mercurial.xml
[2025-02-18 19:43:34.338]:         deleting file: C:\Program Files\NetBeans-2\netbeans\ide\update_tracking\org-netbeans-modules-xml-schema-model.xml
[2025-02-18 19:43:34.338]:         deleting file: C:\Program Files\NetBeans-2\netbeans\ide\update_tracking\org-netbeans-modules-editor-bookmarks.xml
[2025-02-18 19:43:34.339]:         deleting file: C:\Program Files\NetBeans-2\netbeans\ide\update_tracking\org-netbeans-modules-gsf-codecoverage.xml
[2025-02-18 19:43:34.339]:         deleting file: C:\Program Files\NetBeans-2\netbeans\ide\update_tracking\org-netbeans-modules-selenium2-server.xml
[2025-02-18 19:43:34.340]:         deleting file: C:\Program Files\NetBeans-2\netbeans\nb\config\JavaFX\Instances\javafx_sdk_autoregistered_instance
[2025-02-18 19:43:34.340]:             ... file does not exist
[2025-02-18 19:43:34.340]:         deleting directory: C:\Program Files\NetBeans-2\netbeans\harness\nbi\stub\ext\engine\src\native\launcher\windows\i18n
[2025-02-18 19:43:34.340]:         deleting file: C:\Program Files\NetBeans-2\netbeans\extide\config\Modules\org-netbeans-modules-gradle-editor.xml
[2025-02-18 19:43:34.341]:         deleting file: C:\Program Files\NetBeans-2\netbeans\extide\ant\etc\checkstyle\checkstyle-frames-sortby-check.xsl
[2025-02-18 19:43:34.342]:         deleting file: C:\Program Files\NetBeans-2\netbeans\extide\update_tracking\org-netbeans-modules-gradle-dists.xml
[2025-02-18 19:43:34.342]:         deleting file: C:\Program Files\NetBeans-2\netbeans\extide\update_tracking\org-netbeans-modules-options-java.xml
[2025-02-18 19:43:34.342]:         deleting file: C:\Program Files\NetBeans-2\netbeans\nb\config\Modules\org-netbeans-modules-deadlock-detector.xml
[2025-02-18 19:43:34.342]:         deleting file: C:\Program Files\NetBeans-2\netbeans\nb\update_tracking\org-netbeans-modules-ide-branding-kit.xml
[2025-02-18 19:43:34.343]:         deleting file: C:\Program Files\NetBeans-2\netbeans\harness\modules\org-netbeans-modules-jellytools-platform.jar
[2025-02-18 19:43:34.343]:         deleting file: C:\Program Files\NetBeans-2\netbeans\platform\config\ModuleAutoDeps\org-netbeans-core-startup.xml
[2025-02-18 19:43:34.344]:         deleting file: C:\Program Files\NetBeans-2\netbeans\platform\config\ModuleAutoDeps\org-netbeans-api-progress.xml
[2025-02-18 19:43:34.344]:         deleting file: C:\Program Files\NetBeans-2\netbeans\platform\config\Modules\org-netbeans-modules-options-api.xml
[2025-02-18 19:43:34.344]:         deleting file: C:\Program Files\NetBeans-2\netbeans\platform\config\Modules\org-netbeans-modules-progress-ui.xml
[2025-02-18 19:43:34.349]:         deleting file: C:\Program Files\NetBeans-2\netbeans\platform\config\Modules\org-netbeans-html-presenters-spi.xml
[2025-02-18 19:43:34.350]:         deleting file: C:\Program Files\NetBeans-2\netbeans\platform\config\Modules\org-netbeans-modules-masterfs-ui.xml
[2025-02-18 19:43:34.350]:         deleting file: C:\Program Files\NetBeans-2\netbeans\platform\config\Modules\org-netbeans-modules-spi-actions.xml
[2025-02-18 19:43:34.351]:         deleting file: C:\Program Files\NetBeans-2\netbeans\platform\config\Modules\org-netbeans-modules-templatesui.xml
[2025-02-18 19:43:34.352]:         deleting file: C:\Program Files\NetBeans-2\netbeans\platform\update_tracking\org-openide-filesystems-compat8.xml
[2025-02-18 19:43:34.353]:         deleting file: C:\Program Files\NetBeans-2\netbeans\cpplite\update_tracking\org-netbeans-modules-cpplite-kit.xml
[2025-02-18 19:43:34.353]:         deleting file: C:\Program Files\NetBeans-2\netbeans\ide\config\Modules\org-netbeans-modules-swing-validation.xml
[2025-02-18 19:43:34.354]:         deleting file: C:\Program Files\NetBeans-2\netbeans\ide\config\Modules\org-netbeans-modules-editor-fold-nbui.xml
[2025-02-18 19:43:34.356]:         deleting file: C:\Program Files\NetBeans-2\netbeans\ide\config\Modules\org-netbeans-modules-spellchecker-kit.xml
[2025-02-18 19:43:34.356]:         deleting file: C:\Program Files\NetBeans-2\netbeans\ide\config\Modules\org-netbeans-modules-editor-plain-lib.xml
[2025-02-18 19:43:34.357]:         deleting file: C:\Program Files\NetBeans-2\netbeans\ide\config\Modules\org-netbeans-modules-parsing-indexing.xml
[2025-02-18 19:43:34.358]:         deleting file: C:\Program Files\NetBeans-2\netbeans\ide\config\Modules\org-netbeans-modules-editor-structure.xml
[2025-02-18 19:43:34.358]:         deleting file: C:\Program Files\NetBeans-2\netbeans\ide\config\Modules\org-netbeans-modules-hudson-mercurial.xml
[2025-02-18 19:43:34.359]:         deleting file: C:\Program Files\NetBeans-2\netbeans\ide\config\Modules\org-netbeans-modules-xml-schema-model.xml
[2025-02-18 19:43:34.360]:         deleting file: C:\Program Files\NetBeans-2\netbeans\ide\config\Modules\org-netbeans-modules-editor-bookmarks.xml
[2025-02-18 19:43:34.361]:         deleting file: C:\Program Files\NetBeans-2\netbeans\ide\config\Modules\org-netbeans-modules-gsf-codecoverage.xml
[2025-02-18 19:43:34.362]:         deleting file: C:\Program Files\NetBeans-2\netbeans\ide\config\Modules\org-netbeans-modules-selenium2-server.xml
[2025-02-18 19:43:34.364]:         deleting file: C:\Program Files\NetBeans-2\netbeans\ide\modules\lib\aarch64\linux\libjunixsocket-native-2.5.1.so
[2025-02-18 19:43:34.365]:         deleting file: C:\Program Files\NetBeans-2\netbeans\ide\modules\lib\riscv64\linux\libjunixsocket-native-2.5.1.so
[2025-02-18 19:43:34.366]:         deleting file: C:\Program Files\NetBeans-2\netbeans\ide\modules\org-netbeans-modules-editor-settings-storage.jar
[2025-02-18 19:43:34.367]:         deleting file: C:\Program Files\NetBeans-2\netbeans\ide\modules\org-netbeans-modules-project-spi-intern-impl.jar
[2025-02-18 19:43:34.368]:         deleting file: C:\Program Files\NetBeans-2\netbeans\ide\update_tracking\org-netbeans-modules-dlight-terminal.xml
[2025-02-18 19:43:34.369]:         deleting file: C:\Program Files\NetBeans-2\netbeans\ide\update_tracking\org-netbeans-modules-target-iterator.xml
[2025-02-18 19:43:34.370]:         deleting file: C:\Program Files\NetBeans-2\netbeans\ide\update_tracking\org-netbeans-modules-versioning-util.xml
[2025-02-18 19:43:34.371]:         deleting file: C:\Program Files\NetBeans-2\netbeans\ide\update_tracking\org-netbeans-modules-nativeimage-api.xml
[2025-02-18 19:43:34.371]:         deleting file: C:\Program Files\NetBeans-2\netbeans\ide\update_tracking\org-netbeans-modules-html-validation.xml
[2025-02-18 19:43:34.372]:         deleting file: C:\Program Files\NetBeans-2\netbeans\ide\update_tracking\org-netbeans-modules-refactoring-api.xml
[2025-02-18 19:43:34.372]:         deleting file: C:\Program Files\NetBeans-2\netbeans\ide\update_tracking\org-netbeans-modules-html-editor-lib.xml
[2025-02-18 19:43:34.373]:         deleting file: C:\Program Files\NetBeans-2\netbeans\ide\update_tracking\org-netbeans-modules-web-browser-api.xml
[2025-02-18 19:43:34.373]:         deleting file: C:\Program Files\NetBeans-2\netbeans\ide\update_tracking\org-netbeans-modules-editor-document.xml
[2025-02-18 19:43:34.374]:         deleting file: C:\Program Files\NetBeans-2\netbeans\ide\update_tracking\org-netbeans-modules-versioning-core.xml
[2025-02-18 19:43:34.374]:         deleting file: C:\Program Files\NetBeans-2\netbeans\ide\update_tracking\org-netbeans-modules-editor-autosave.xml
[2025-02-18 19:43:34.375]:         deleting file: C:\Program Files\NetBeans-2\netbeans\ide\update_tracking\org-netbeans-modules-editor-settings.xml
[2025-02-18 19:43:34.375]:         deleting file: C:\Program Files\NetBeans-2\netbeans\ide\update_tracking\org-netbeans-modules-hudson-tasklist.xml
[2025-02-18 19:43:34.375]:         deleting directory: C:\Program Files\NetBeans-2\netbeans\harness\nbi\stub\ext\components\products\helloworld\src\org
[2025-02-18 19:43:34.377]:         deleting file: C:\Program Files\NetBeans-2\netbeans\extide\config\Modules\org-netbeans-modules-gradle-dists.xml
[2025-02-18 19:43:34.377]:         deleting file: C:\Program Files\NetBeans-2\netbeans\extide\config\Modules\org-netbeans-modules-options-java.xml
[2025-02-18 19:43:34.377]:         deleting file: C:\Program Files\NetBeans-2\netbeans\extide\update_tracking\org-netbeans-modules-libs-gradle.xml
[2025-02-18 19:43:34.378]:         deleting file: C:\Program Files\NetBeans-2\netbeans\nb\config\Modules\org-netbeans-modules-ide-branding-kit.xml
[2025-02-18 19:43:34.379]:         deleting file: C:\Program Files\NetBeans-2\netbeans\nb\modules\locale\org-netbeans-modules-autoupdate-ui_nb.jar
[2025-02-18 19:43:34.379]:         deleting file: C:\Program Files\NetBeans-2\netbeans\harness\modules\org-netbeans-modules-apisupport-harness.jar
[2025-02-18 19:43:34.380]:         deleting file: C:\Program Files\NetBeans-2\netbeans\platform\modules\org-netbeans-modules-editor-mimelookup.jar
[2025-02-18 19:43:34.380]:         deleting file: C:\Program Files\NetBeans-2\netbeans\platform\update_tracking\org-netbeans-core-nativeaccess.xml
[2025-02-18 19:43:34.381]:         deleting file: C:\Program Files\NetBeans-2\netbeans\platform\update_tracking\org-netbeans-core-startup-base.xml
[2025-02-18 19:43:34.381]:         deleting file: C:\Program Files\NetBeans-2\netbeans\platform\update_tracking\org-netbeans-modules-uihandler.xml
[2025-02-18 19:43:34.382]:         deleting file: C:\Program Files\NetBeans-2\netbeans\platform\update_tracking\org-netbeans-modules-templates.xml
[2025-02-18 19:43:34.382]:         deleting file: C:\Program Files\NetBeans-2\netbeans\platform\update_tracking\org-netbeans-modules-favorites.xml
[2025-02-18 19:43:34.382]:         deleting file: C:\Program Files\NetBeans-2\netbeans\platform\update_tracking\org-netbeans-swing-laf-flatlaf.xml
[2025-02-18 19:43:34.383]:         deleting file: C:\Program Files\NetBeans-2\netbeans\platform\update_tracking\org-netbeans-libs-jna-platform.xml
[2025-02-18 19:43:34.383]:         deleting file: C:\Program Files\NetBeans-2\netbeans\platform\update_tracking\org-netbeans-modules-applemenu.xml
[2025-02-18 19:43:34.383]:         deleting file: C:\Program Files\NetBeans-2\netbeans\cpplite\config\Modules\org-netbeans-modules-cpplite-kit.xml
[2025-02-18 19:43:34.384]:         deleting file: C:\Program Files\NetBeans-2\netbeans\ide\config\ModuleAutoDeps\org-netbeans-modules-xml-text.xml
[2025-02-18 19:43:34.384]:         deleting file: C:\Program Files\NetBeans-2\netbeans\ide\config\Modules\org-netbeans-modules-dlight-terminal.xml
[2025-02-18 19:43:34.384]:         deleting file: C:\Program Files\NetBeans-2\netbeans\ide\config\Modules\org-netbeans-modules-target-iterator.xml
[2025-02-18 19:43:34.385]:         deleting file: C:\Program Files\NetBeans-2\netbeans\ide\config\Modules\org-netbeans-modules-versioning-util.xml
[2025-02-18 19:43:34.386]:         deleting file: C:\Program Files\NetBeans-2\netbeans\ide\config\Modules\org-netbeans-modules-nativeimage-api.xml
[2025-02-18 19:43:34.386]:         deleting file: C:\Program Files\NetBeans-2\netbeans\ide\config\Modules\org-netbeans-modules-html-validation.xml
[2025-02-18 19:43:34.387]:         deleting file: C:\Program Files\NetBeans-2\netbeans\ide\config\Modules\org-netbeans-modules-refactoring-api.xml
[2025-02-18 19:43:34.387]:         deleting file: C:\Program Files\NetBeans-2\netbeans\ide\config\Modules\org-netbeans-modules-html-editor-lib.xml
[2025-02-18 19:43:34.388]:         deleting file: C:\Program Files\NetBeans-2\netbeans\ide\config\Modules\org-netbeans-modules-web-browser-api.xml
[2025-02-18 19:43:34.388]:         deleting file: C:\Program Files\NetBeans-2\netbeans\ide\config\Modules\org-netbeans-modules-editor-document.xml
[2025-02-18 19:43:34.389]:         deleting file: C:\Program Files\NetBeans-2\netbeans\ide\config\Modules\org-netbeans-modules-versioning-core.xml
[2025-02-18 19:43:34.389]:         deleting file: C:\Program Files\NetBeans-2\netbeans\ide\config\Modules\org-netbeans-modules-editor-autosave.xml
[2025-02-18 19:43:34.390]:         deleting file: C:\Program Files\NetBeans-2\netbeans\ide\config\Modules\org-netbeans-modules-editor-settings.xml
[2025-02-18 19:43:34.390]:         deleting file: C:\Program Files\NetBeans-2\netbeans\ide\config\Modules\org-netbeans-modules-hudson-tasklist.xml
[2025-02-18 19:43:34.390]:         deleting file: C:\Program Files\NetBeans-2\netbeans\ide\modules\org-netbeans-modules-dlight-nativeexecution.jar
[2025-02-18 19:43:34.391]:         deleting file: C:\Program Files\NetBeans-2\netbeans\ide\modules\org-eclipse-mylyn-commons-repositories-core.jar
[2025-02-18 19:43:34.392]:         deleting file: C:\Program Files\NetBeans-2\netbeans\ide\modules\org-netbeans-modules-spellchecker-apimodule.jar
[2025-02-18 19:43:34.392]:         deleting file: C:\Program Files\NetBeans-2\netbeans\ide\modules\org-netbeans-modules-editor-errorstripe-api.jar
[2025-02-18 19:43:34.396]:         deleting file: C:\Program Files\NetBeans-2\netbeans\ide\modules\org-netbeans-modules-project-indexingbridge.jar
[2025-02-18 19:43:34.397]:         deleting file: C:\Program Files\NetBeans-2\netbeans\ide\modules\org-eclipse-core-runtime-compatibility-auth.jar
[2025-02-18 19:43:34.397]:         deleting file: C:\Program Files\NetBeans-2\netbeans\ide\update_tracking\org-netbeans-modules-lexer-nbbridge.xml
[2025-02-18 19:43:34.398]:         deleting file: C:\Program Files\NetBeans-2\netbeans\ide\update_tracking\org-netbeans-modules-gsf-testrunner.xml
[2025-02-18 19:43:34.398]:         deleting file: C:\Program Files\NetBeans-2\netbeans\ide\update_tracking\org-netbeans-modules-options-editor.xml
[2025-02-18 19:43:34.398]:         deleting file: C:\Program Files\NetBeans-2\netbeans\ide\update_tracking\org-netbeans-modules-xml-wsdl-model.xml
[2025-02-18 19:43:34.398]:         deleting file: C:\Program Files\NetBeans-2\netbeans\ide\update_tracking\org-netbeans-modules-textmate-lexer.xml
[2025-02-18 19:43:34.399]:         deleting file: C:\Program Files\NetBeans-2\netbeans\ide\update_tracking\org-netbeans-modules-project-ant-ui.xml
[2025-02-18 19:43:34.399]:         deleting file: C:\Program Files\NetBeans-2\netbeans\ide\update_tracking\org-netbeans-modules-jellytools-ide.xml
[2025-02-18 19:43:34.400]:         deleting file: C:\Program Files\NetBeans-2\netbeans\ide\update_tracking\org-netbeans-modules-languages-toml.xml
[2025-02-18 19:43:34.400]:         deleting file: C:\Program Files\NetBeans-2\netbeans\ide\update_tracking\org-netbeans-modules-editor-actions.xml
[2025-02-18 19:43:34.401]:         deleting file: C:\Program Files\NetBeans-2\netbeans\ide\update_tracking\org-netbeans-modules-xml-catalog-ui.xml
[2025-02-18 19:43:34.401]:         deleting file: C:\Program Files\NetBeans-2\netbeans\ide\update_tracking\org-netbeans-modules-languages-diff.xml
[2025-02-18 19:43:34.401]:         deleting file: C:\Program Files\NetBeans-2\netbeans\ide\update_tracking\org-netbeans-modules-parsing-lucene.xml
[2025-02-18 19:43:34.402]:         deleting file: C:\Program Files\NetBeans-2\netbeans\ide\update_tracking\org-netbeans-modules-languages-yaml.xml
[2025-02-18 19:43:34.402]:         deleting file: C:\Program Files\NetBeans-2\netbeans\ide\update_tracking\org-netbeans-core-multitabs-project.xml
[2025-02-18 19:43:34.403]:         deleting file: C:\Program Files\NetBeans-2\netbeans\extide\config\Modules\org-netbeans-modules-libs-gradle.xml
[2025-02-18 19:43:34.403]:         deleting file: C:\Program Files\NetBeans-2\netbeans\platform\config\ModuleAutoDeps\org-openide-filesystems.xml
[2025-02-18 19:43:34.404]:         deleting file: C:\Program Files\NetBeans-2\netbeans\platform\config\Modules\org-netbeans-core-nativeaccess.xml
[2025-02-18 19:43:34.405]:         deleting file: C:\Program Files\NetBeans-2\netbeans\platform\config\Modules\org-netbeans-modules-uihandler.xml
[2025-02-18 19:43:34.405]:         deleting file: C:\Program Files\NetBeans-2\netbeans\platform\config\Modules\org-netbeans-modules-templates.xml
[2025-02-18 19:43:34.406]:         deleting file: C:\Program Files\NetBeans-2\netbeans\platform\config\Modules\org-netbeans-modules-favorites.xml
[2025-02-18 19:43:34.406]:         deleting file: C:\Program Files\NetBeans-2\netbeans\platform\config\Modules\org-netbeans-swing-laf-flatlaf.xml
[2025-02-18 19:43:34.408]:         deleting file: C:\Program Files\NetBeans-2\netbeans\platform\config\Modules\org-netbeans-libs-jna-platform.xml
[2025-02-18 19:43:34.408]:         deleting file: C:\Program Files\NetBeans-2\netbeans\platform\config\Modules\org-netbeans-modules-applemenu.xml
[2025-02-18 19:43:34.409]:         deleting file: C:\Program Files\NetBeans-2\netbeans\platform\modules\org-netbeans-modules-masterfs-windows.jar
[2025-02-18 19:43:34.410]:         deleting file: C:\Program Files\NetBeans-2\netbeans\platform\modules\org-netbeans-modules-keyring-fallback.jar
[2025-02-18 19:43:34.411]:         deleting file: C:\Program Files\NetBeans-2\netbeans\platform\update_tracking\org-openide-execution-compat8.xml
[2025-02-18 19:43:34.413]:         deleting file: C:\Program Files\NetBeans-2\netbeans\platform\update_tracking\org-apache-commons-commons_io.xml
[2025-02-18 19:43:34.413]:         deleting file: C:\Program Files\NetBeans-2\netbeans\platform\update_tracking\org-netbeans-modules-masterfs.xml
[2025-02-18 19:43:34.414]:         deleting file: C:\Program Files\NetBeans-2\netbeans\platform\update_tracking\org-netbeans-swing-tabcontrol.xml
[2025-02-18 19:43:34.415]:         deleting file: C:\Program Files\NetBeans-2\netbeans\platform\update_tracking\org-netbeans-modules-netbinox.xml
[2025-02-18 19:43:34.415]:         deleting file: C:\Program Files\NetBeans-2\netbeans\platform\update_tracking\org-netbeans-modules-core-kit.xml
[2025-02-18 19:43:34.416]:         deleting file: C:\Program Files\NetBeans-2\netbeans\platform\update_tracking\org-netbeans-modules-javahelp.xml
[2025-02-18 19:43:34.417]:         deleting file: C:\Program Files\NetBeans-2\netbeans\platform\update_tracking\org-netbeans-modules-sendopts.xml
[2025-02-18 19:43:34.418]:         deleting file: C:\Program Files\NetBeans-2\netbeans\platform\update_tracking\org-netbeans-modules-junitlib.xml
[2025-02-18 19:43:34.418]:         deleting file: C:\Program Files\NetBeans-2\netbeans\platform\update_tracking\org-netbeans-modules-settings.xml
[2025-02-18 19:43:34.419]:         deleting file: C:\Program Files\NetBeans-2\netbeans\ide\config\ModuleAutoDeps\org-netbeans-modules-csl-api.xml
[2025-02-18 19:43:34.420]:         deleting file: C:\Program Files\NetBeans-2\netbeans\ide\config\ModuleAutoDeps\org-netbeans-modules-ide-kit.xml
[2025-02-18 19:43:34.420]:         deleting file: C:\Program Files\NetBeans-2\netbeans\ide\config\Modules\org-netbeans-modules-lexer-nbbridge.xml
[2025-02-18 19:43:34.421]:         deleting file: C:\Program Files\NetBeans-2\netbeans\ide\config\Modules\org-netbeans-modules-gsf-testrunner.xml
[2025-02-18 19:43:34.421]:         deleting file: C:\Program Files\NetBeans-2\netbeans\ide\config\Modules\org-netbeans-modules-options-editor.xml
[2025-02-18 19:43:34.423]:         deleting file: C:\Program Files\NetBeans-2\netbeans\ide\config\Modules\org-netbeans-modules-xml-wsdl-model.xml
[2025-02-18 19:43:34.424]:         deleting file: C:\Program Files\NetBeans-2\netbeans\ide\config\Modules\org-netbeans-modules-textmate-lexer.xml
[2025-02-18 19:43:34.425]:         deleting file: C:\Program Files\NetBeans-2\netbeans\ide\config\Modules\org-netbeans-modules-project-ant-ui.xml
[2025-02-18 19:43:34.425]:         deleting file: C:\Program Files\NetBeans-2\netbeans\ide\config\Modules\org-netbeans-modules-jellytools-ide.xml
[2025-02-18 19:43:34.426]:         deleting file: C:\Program Files\NetBeans-2\netbeans\ide\config\Modules\org-netbeans-modules-languages-toml.xml
[2025-02-18 19:43:34.427]:         deleting file: C:\Program Files\NetBeans-2\netbeans\ide\config\Modules\org-netbeans-modules-editor-actions.xml
[2025-02-18 19:43:34.427]:         deleting file: C:\Program Files\NetBeans-2\netbeans\ide\config\Modules\org-netbeans-modules-xml-catalog-ui.xml
[2025-02-18 19:43:34.428]:         deleting file: C:\Program Files\NetBeans-2\netbeans\ide\config\Modules\org-netbeans-modules-languages-diff.xml
[2025-02-18 19:43:34.428]:         deleting file: C:\Program Files\NetBeans-2\netbeans\ide\config\Modules\org-netbeans-modules-parsing-lucene.xml
[2025-02-18 19:43:34.429]:         deleting file: C:\Program Files\NetBeans-2\netbeans\ide\config\Modules\org-netbeans-modules-languages-yaml.xml
[2025-02-18 19:43:34.429]:         deleting file: C:\Program Files\NetBeans-2\netbeans\ide\config\Modules\org-netbeans-core-multitabs-project.xml
[2025-02-18 19:43:34.430]:         deleting file: C:\Program Files\NetBeans-2\netbeans\ide\modules\lib\amd64\linux\libjunixsocket-native-2.5.1.so
[2025-02-18 19:43:34.432]:         deleting file: C:\Program Files\NetBeans-2\netbeans\ide\modules\org-netbeans-modules-editor-indent-project.jar
[2025-02-18 19:43:34.433]:         deleting file: C:\Program Files\NetBeans-2\netbeans\ide\modules\org-netbeans-modules-xml-schema-completion.jar
[2025-02-18 19:43:34.435]:         deleting file: C:\Program Files\NetBeans-2\netbeans\ide\modules\ext\org.eclipse.lsp4j.jsonrpc.debug-0.13.0.jar
[2025-02-18 19:43:34.436]:         deleting file: C:\Program Files\NetBeans-2\netbeans\ide\modules\org-netbeans-modules-editor-bracesmatching.jar
[2025-02-18 19:43:34.437]:         deleting file: C:\Program Files\NetBeans-2\netbeans\ide\modules\org-eclipse-mylyn-wikitext-confluence-core.jar
[2025-02-18 19:43:34.437]:         deleting file: C:\Program Files\NetBeans-2\netbeans\ide\modules\org-netbeans-modules-editor-indent-support.jar
[2025-02-18 19:43:34.438]:         deleting file: C:\Program Files\NetBeans-2\netbeans\ide\update_tracking\org-netbeans-modules-html-indexing.xml
[2025-02-18 19:43:34.439]:         deleting file: C:\Program Files\NetBeans-2\netbeans\ide\update_tracking\org-netbeans-modules-db-sql-editor.xml
[2025-02-18 19:43:34.441]:         deleting file: C:\Program Files\NetBeans-2\netbeans\ide\update_tracking\org-netbeans-modules-editor-indent.xml
[2025-02-18 19:43:34.441]:         deleting file: C:\Program Files\NetBeans-2\netbeans\ide\update_tracking\org-netbeans-modules-docker-editor.xml
[2025-02-18 19:43:34.442]:         deleting file: C:\Program Files\NetBeans-2\netbeans\ide\update_tracking\org-netbeans-modules-tasklist-todo.xml
[2025-02-18 19:43:34.442]:         deleting file: C:\Program Files\NetBeans-2\netbeans\ide\update_tracking\org-netbeans-modules-notifications.xml
[2025-02-18 19:43:34.443]:         deleting file: C:\Program Files\NetBeans-2\netbeans\ide\update_tracking\org-netbeans-modules-editor-guards.xml
[2025-02-18 19:43:34.443]:         deleting file: C:\Program Files\NetBeans-2\netbeans\ide\update_tracking\org-netbeans-modules-code-analysis.xml
[2025-02-18 19:43:34.444]:         deleting file: C:\Program Files\NetBeans-2\netbeans\ide\update_tracking\org-netbeans-modules-xml-multiview.xml
[2025-02-18 19:43:34.444]:         deleting file: C:\Program Files\NetBeans-2\netbeans\ide\update_tracking\org-netbeans-modules-editor-macros.xml
[2025-02-18 19:43:34.444]:         deleting file: C:\Program Files\NetBeans-2\netbeans\ide\update_tracking\org-netbeans-libs-snakeyaml_engine.xml
[2025-02-18 19:43:34.445]:         deleting file: C:\Program Files\NetBeans-2\netbeans\ide\update_tracking\org-netbeans-libs-svnClientAdapter.xml
[2025-02-18 19:43:34.445]:         deleting file: C:\Program Files\NetBeans-2\netbeans\ide\update_tracking\org-netbeans-libs-commons_compress.xml
[2025-02-18 19:43:34.445]:         deleting file: C:\Program Files\NetBeans-2\netbeans\ide\update_tracking\org-netbeans-modules-editor-search.xml
[2025-02-18 19:43:34.446]:         deleting file: C:\Program Files\NetBeans-2\netbeans\ide\update_tracking\org-netbeans-modules-languages-hcl.xml
[2025-02-18 19:43:34.446]:         deleting file: C:\Program Files\NetBeans-2\netbeans\ide\update_tracking\org-netbeans-modules-web-common-ui.xml
[2025-02-18 19:43:34.447]:         deleting file: C:\Program Files\NetBeans-2\netbeans\ide\update_tracking\org-netbeans-modules-xml-retriever.xml
[2025-02-18 19:43:34.447]:         deleting file: C:\Program Files\NetBeans-2\netbeans\ide\update_tracking\org-netbeans-modules-versioning-ui.xml
[2025-02-18 19:43:34.448]:         deleting file: C:\Program Files\NetBeans-2\netbeans\ide\update_tracking\org-netbeans-modules-projectapi-nb.xml
[2025-02-18 19:43:34.449]:         deleting directory: C:\Program Files\NetBeans-2\netbeans\harness\nbi\stub\ext\engine\src\native\launcher\unix\i18n
[2025-02-18 19:43:34.449]:         deleting file: C:\Program Files\NetBeans-2\netbeans\nb\modules\locale\org-netbeans-modules-options-api_nb.jar
[2025-02-18 19:43:34.450]:         deleting file: C:\Program Files\NetBeans-2\netbeans\nb\update_tracking\org-netbeans-modules-updatecenters.xml
[2025-02-18 19:43:34.450]:         deleting file: C:\Program Files\NetBeans-2\netbeans\harness\nbi\stub\ext\engine\nbproject\genfiles.properties
[2025-02-18 19:43:34.451]:         deleting file: C:\Program Files\NetBeans-2\netbeans\platform\config\Modules\org-openide-execution-compat8.xml
[2025-02-18 19:43:34.451]:         deleting file: C:\Program Files\NetBeans-2\netbeans\platform\config\Modules\org-apache-commons-commons_io.xml
[2025-02-18 19:43:34.452]:         deleting file: C:\Program Files\NetBeans-2\netbeans\platform\config\Modules\org-netbeans-modules-masterfs.xml
[2025-02-18 19:43:34.452]:         deleting file: C:\Program Files\NetBeans-2\netbeans\platform\config\Modules\org-netbeans-swing-tabcontrol.xml
[2025-02-18 19:43:34.453]:         deleting file: C:\Program Files\NetBeans-2\netbeans\platform\config\Modules\org-netbeans-modules-netbinox.xml
[2025-02-18 19:43:34.453]:         deleting file: C:\Program Files\NetBeans-2\netbeans\platform\config\Modules\org-netbeans-modules-core-kit.xml
[2025-02-18 19:43:34.454]:         deleting file: C:\Program Files\NetBeans-2\netbeans\platform\config\Modules\org-netbeans-modules-javahelp.xml
[2025-02-18 19:43:34.454]:         deleting file: C:\Program Files\NetBeans-2\netbeans\platform\config\Modules\org-netbeans-modules-sendopts.xml
[2025-02-18 19:43:34.455]:         deleting file: C:\Program Files\NetBeans-2\netbeans\platform\config\Modules\org-netbeans-modules-junitlib.xml
[2025-02-18 19:43:34.455]:         deleting file: C:\Program Files\NetBeans-2\netbeans\platform\config\Modules\org-netbeans-modules-settings.xml
[2025-02-18 19:43:34.456]:         deleting file: C:\Program Files\NetBeans-2\netbeans\platform\modules\org-netbeans-modules-masterfs-macosx.jar
[2025-02-18 19:43:34.458]:         deleting file: C:\Program Files\NetBeans-2\netbeans\platform\update_tracking\org-netbeans-api-progress-nb.xml
[2025-02-18 19:43:34.459]:         deleting file: C:\Program Files\NetBeans-2\netbeans\platform\update_tracking\org-netbeans-spi-quicksearch.xml
[2025-02-18 19:43:34.459]:         deleting file: C:\Program Files\NetBeans-2\netbeans\platform\update_tracking\org-netbeans-libs-batik-read.xml
[2025-02-18 19:43:34.459]:         deleting file: C:\Program Files\NetBeans-2\netbeans\platform\update_tracking\org-netbeans-modules-queries.xml
[2025-02-18 19:43:34.461]:         deleting file: C:\Program Files\NetBeans-2\netbeans\platform\update_tracking\org-netbeans-modules-janitor.xml
[2025-02-18 19:43:34.461]:         deleting file: C:\Program Files\NetBeans-2\netbeans\platform\update_tracking\org-netbeans-modules-sampler.xml
[2025-02-18 19:43:34.461]:         deleting file: C:\Program Files\NetBeans-2\netbeans\platform\update_tracking\org-netbeans-modules-keyring.xml
[2025-02-18 19:43:34.462]:         deleting file: C:\Program Files\NetBeans-2\netbeans\cpplite\modules\org-netbeans-modules-cpplite-debugger.jar
[2025-02-18 19:43:34.463]:         deleting file: C:\Program Files\NetBeans-2\netbeans\ide\config\ModuleAutoDeps\org-netbeans-modules-editor.xml
[2025-02-18 19:43:34.463]:         deleting file: C:\Program Files\NetBeans-2\netbeans\ide\config\Modules\org-netbeans-modules-html-indexing.xml
[2025-02-18 19:43:34.464]:         deleting file: C:\Program Files\NetBeans-2\netbeans\ide\config\Modules\org-netbeans-modules-db-sql-editor.xml
[2025-02-18 19:43:34.464]:         deleting file: C:\Program Files\NetBeans-2\netbeans\ide\config\Modules\org-netbeans-modules-editor-indent.xml
[2025-02-18 19:43:34.464]:         deleting file: C:\Program Files\NetBeans-2\netbeans\ide\config\Modules\org-netbeans-modules-docker-editor.xml
[2025-02-18 19:43:34.464]:         deleting file: C:\Program Files\NetBeans-2\netbeans\ide\config\Modules\org-netbeans-modules-tasklist-todo.xml
[2025-02-18 19:43:34.465]:         deleting file: C:\Program Files\NetBeans-2\netbeans\ide\config\Modules\org-netbeans-modules-notifications.xml
[2025-02-18 19:43:34.465]:         deleting file: C:\Program Files\NetBeans-2\netbeans\ide\config\Modules\org-netbeans-modules-editor-guards.xml
[2025-02-18 19:43:34.465]:         deleting file: C:\Program Files\NetBeans-2\netbeans\ide\config\Modules\org-netbeans-modules-code-analysis.xml
[2025-02-18 19:43:34.466]:         deleting file: C:\Program Files\NetBeans-2\netbeans\ide\config\Modules\org-netbeans-modules-xml-multiview.xml
[2025-02-18 19:43:34.466]:         deleting file: C:\Program Files\NetBeans-2\netbeans\ide\config\Modules\org-netbeans-modules-editor-macros.xml
[2025-02-18 19:43:34.467]:         deleting file: C:\Program Files\NetBeans-2\netbeans\ide\config\Modules\org-netbeans-libs-snakeyaml_engine.xml
[2025-02-18 19:43:34.467]:         deleting file: C:\Program Files\NetBeans-2\netbeans\ide\config\Modules\org-netbeans-libs-svnClientAdapter.xml
[2025-02-18 19:43:34.467]:         deleting file: C:\Program Files\NetBeans-2\netbeans\ide\config\Modules\org-netbeans-libs-commons_compress.xml
[2025-02-18 19:43:34.468]:         deleting file: C:\Program Files\NetBeans-2\netbeans\ide\config\Modules\org-netbeans-modules-editor-search.xml
[2025-02-18 19:43:34.469]:         deleting file: C:\Program Files\NetBeans-2\netbeans\ide\config\Modules\org-netbeans-modules-languages-hcl.xml
[2025-02-18 19:43:34.469]:         deleting file: C:\Program Files\NetBeans-2\netbeans\ide\config\Modules\org-netbeans-modules-web-common-ui.xml
[2025-02-18 19:43:34.469]:         deleting file: C:\Program Files\NetBeans-2\netbeans\ide\config\Modules\org-netbeans-modules-xml-retriever.xml
[2025-02-18 19:43:34.470]:         deleting file: C:\Program Files\NetBeans-2\netbeans\ide\config\Modules\org-netbeans-modules-versioning-ui.xml
[2025-02-18 19:43:34.470]:         deleting file: C:\Program Files\NetBeans-2\netbeans\ide\config\Modules\org-netbeans-modules-projectapi-nb.xml
[2025-02-18 19:43:34.471]:         deleting file: C:\Program Files\NetBeans-2\netbeans\ide\modules\org-netbeans-modules-editor-codetemplates.jar
[2025-02-18 19:43:34.474]:         deleting file: C:\Program Files\NetBeans-2\netbeans\ide\modules\org-netbeans-libs-svnClientAdapter-javahl.jar
[2025-02-18 19:43:34.475]:         deleting file: C:\Program Files\NetBeans-2\netbeans\ide\modules\org-netbeans-modules-editor-global-format.jar
[2025-02-18 19:43:34.476]:         deleting file: C:\Program Files\NetBeans-2\netbeans\ide\modules\lib\aarch64\libjunixsocket-native-2.5.1.dylib
[2025-02-18 19:43:34.476]:         deleting file: C:\Program Files\NetBeans-2\netbeans\ide\modules\org-netbeans-modules-editor-tools-storage.jar
[2025-02-18 19:43:34.476]:         deleting file: C:\Program Files\NetBeans-2\netbeans\ide\modules\org-netbeans-modules-extexecution-process.jar
[2025-02-18 19:43:34.477]:         deleting file: C:\Program Files\NetBeans-2\netbeans\ide\modules\org-netbeans-modules-web-webkit-debugging.jar
[2025-02-18 19:43:34.479]:         deleting file: C:\Program Files\NetBeans-2\netbeans\ide\modules\org-netbeans-modules-project-libraries-ui.jar
[2025-02-18 19:43:34.480]:         deleting file: C:\Program Files\NetBeans-2\netbeans\ide\modules\org-netbeans-modules-javascript2-debug-ui.jar
[2025-02-18 19:43:34.480]:         deleting file: C:\Program Files\NetBeans-2\netbeans\ide\update_tracking\org-netbeans-modules-spellchecker.xml
[2025-02-18 19:43:34.481]:         deleting file: C:\Program Files\NetBeans-2\netbeans\ide\update_tracking\org-netbeans-modules-tasklist-kit.xml
[2025-02-18 19:43:34.481]:         deleting file: C:\Program Files\NetBeans-2\netbeans\ide\update_tracking\org-netbeans-libs-jsch-agentproxy.xml
[2025-02-18 19:43:34.482]:         deleting file: C:\Program Files\NetBeans-2\netbeans\ide\update_tracking\org-netbeans-modules-extexecution.xml
[2025-02-18 19:43:34.482]:         deleting file: C:\Program Files\NetBeans-2\netbeans\ide\update_tracking\org-netbeans-modules-languages-go.xml
[2025-02-18 19:43:34.482]:         deleting file: C:\Program Files\NetBeans-2\netbeans\ide\update_tracking\org-netbeans-modules-localhistory.xml
[2025-02-18 19:43:34.482]:         deleting file: C:\Program Files\NetBeans-2\netbeans\ide\update_tracking\org-netbeans-modules-schema2beans.xml
[2025-02-18 19:43:34.483]:         deleting file: C:\Program Files\NetBeans-2\netbeans\ide\update_tracking\org-netbeans-modules-team-commons.xml
[2025-02-18 19:43:34.483]:         deleting file: C:\Program Files\NetBeans-2\netbeans\ide\update_tracking\org-netbeans-lib-terminalemulator.xml
[2025-02-18 19:43:34.484]:         deleting file: C:\Program Files\NetBeans-2\netbeans\ide\update_tracking\org-netbeans-modules-editor-plain.xml
[2025-02-18 19:43:34.484]:         deleting file: C:\Program Files\NetBeans-2\netbeans\ide\update_tracking\org-netbeans-modules-lexer-antlr4.xml
[2025-02-18 19:43:34.484]:         deleting file: C:\Program Files\NetBeans-2\netbeans\ide\update_tracking\org-netbeans-modules-print-editor.xml
[2025-02-18 19:43:34.485]:         deleting file: C:\Program Files\NetBeans-2\netbeans\ide\update_tracking\org-netbeans-modules-projectuiapi.xml
[2025-02-18 19:43:34.485]:         deleting file: C:\Program Files\NetBeans-2\netbeans\ide\update_tracking\org-netbeans-modules-xml-jaxb-api.xml
[2025-02-18 19:43:34.485]:         deleting file: C:\Program Files\NetBeans-2\netbeans\ide\update_tracking\org-netbeans-libs-graalsdk-system.xml
[2025-02-18 19:43:34.486]:         deleting file: C:\Program Files\NetBeans-2\netbeans\ide\update_tracking\org-netbeans-core-browser-webview.xml
[2025-02-18 19:43:34.486]:         deleting directory: C:\Program Files\NetBeans-2\netbeans\harness\nbi\stub\ext\components\products\helloworld\data
[2025-02-18 19:43:34.487]:         deleting file: C:\Program Files\NetBeans-2\netbeans\nb\config\Modules\org-netbeans-modules-updatecenters.xml
[2025-02-18 19:43:34.487]:         deleting file: C:\Program Files\NetBeans-2\netbeans\nb\update_tracking\org-netbeans-modules-ide-branding.xml
[2025-02-18 19:43:34.487]:         deleting file: C:\Program Files\NetBeans-2\netbeans\harness\nbi\stub\ext\engine\nbproject\project.properties
[2025-02-18 19:43:34.488]:         deleting file: C:\Program Files\NetBeans-2\netbeans\harness\nbi\stub\ext\infra\build\engine\build.properties
[2025-02-18 19:43:34.490]:         deleting file: C:\Program Files\NetBeans-2\netbeans\harness\update_tracking\org-netbeans-modules-nbjunit.xml
[2025-02-18 19:43:34.491]:         deleting file: C:\Program Files\NetBeans-2\netbeans\harness\update_tracking\org-netbeans-libs-nbi-engine.xml
[2025-02-18 19:43:34.491]:         deleting file: C:\Program Files\NetBeans-2\netbeans\platform\config\ModuleAutoDeps\org-openide-execution.xml
[2025-02-18 19:43:34.492]:         deleting file: C:\Program Files\NetBeans-2\netbeans\platform\config\Modules\org-netbeans-api-progress-nb.xml
[2025-02-18 19:43:34.492]:         deleting file: C:\Program Files\NetBeans-2\netbeans\platform\config\Modules\org-netbeans-spi-quicksearch.xml
[2025-02-18 19:43:34.493]:         deleting file: C:\Program Files\NetBeans-2\netbeans\platform\config\Modules\org-netbeans-libs-batik-read.xml
[2025-02-18 19:43:34.493]:         deleting file: C:\Program Files\NetBeans-2\netbeans\platform\config\Modules\org-netbeans-modules-queries.xml
[2025-02-18 19:43:34.493]:         deleting file: C:\Program Files\NetBeans-2\netbeans\platform\config\Modules\org-netbeans-modules-janitor.xml
[2025-02-18 19:43:34.494]:         deleting file: C:\Program Files\NetBeans-2\netbeans\platform\config\Modules\org-netbeans-modules-sampler.xml
[2025-02-18 19:43:34.494]:         deleting file: C:\Program Files\NetBeans-2\netbeans\platform\config\Modules\org-netbeans-modules-keyring.xml
[2025-02-18 19:43:34.494]:         deleting file: C:\Program Files\NetBeans-2\netbeans\platform\modules\org-netbeans-modules-masterfs-linux.jar
[2025-02-18 19:43:34.495]:         deleting file: C:\Program Files\NetBeans-2\netbeans\platform\modules\org-netbeans-modules-options-keymap.jar
[2025-02-18 19:43:34.495]:         deleting file: C:\Program Files\NetBeans-2\netbeans\platform\modules\org-netbeans-modules-autoupdate-cli.jar
[2025-02-18 19:43:34.496]:         deleting file: C:\Program Files\NetBeans-2\netbeans\platform\modules\org-netbeans-api-annotations-common.jar
[2025-02-18 19:43:34.496]:         deleting file: C:\Program Files\NetBeans-2\netbeans\platform\update_tracking\org-netbeans-core-multiview.xml
[2025-02-18 19:43:34.497]:         deleting file: C:\Program Files\NetBeans-2\netbeans\platform\update_tracking\org-netbeans-swing-laf-dark.xml
[2025-02-18 19:43:34.497]:         deleting file: C:\Program Files\NetBeans-2\netbeans\platform\update_tracking\org-netbeans-modules-htmlui.xml
[2025-02-18 19:43:34.497]:         deleting file: C:\Program Files\NetBeans-2\netbeans\platform\update_tracking\org-netbeans-core-multitabs.xml
[2025-02-18 19:43:34.498]:         deleting file: C:\Program Files\NetBeans-2\netbeans\platform\update_tracking\org-netbeans-core-execution.xml
[2025-02-18 19:43:34.498]:         deleting file: C:\Program Files\NetBeans-2\netbeans\cpplite\modules\org-netbeans-modules-cpplite-project.jar
[2025-02-18 19:43:34.498]:         deleting file: C:\Program Files\NetBeans-2\netbeans\ide\config\Modules\org-netbeans-modules-spellchecker.xml
[2025-02-18 19:43:34.499]:         deleting file: C:\Program Files\NetBeans-2\netbeans\ide\config\Modules\org-netbeans-modules-tasklist-kit.xml
[2025-02-18 19:43:34.499]:         deleting file: C:\Program Files\NetBeans-2\netbeans\ide\config\Modules\org-netbeans-libs-jsch-agentproxy.xml
[2025-02-18 19:43:34.499]:         deleting file: C:\Program Files\NetBeans-2\netbeans\ide\config\Modules\org-netbeans-modules-extexecution.xml
[2025-02-18 19:43:34.499]:         deleting file: C:\Program Files\NetBeans-2\netbeans\ide\config\Modules\org-netbeans-modules-languages-go.xml
[2025-02-18 19:43:34.500]:         deleting file: C:\Program Files\NetBeans-2\netbeans\ide\config\Modules\org-netbeans-modules-localhistory.xml
[2025-02-18 19:43:34.500]:         deleting file: C:\Program Files\NetBeans-2\netbeans\ide\config\Modules\org-netbeans-modules-schema2beans.xml
[2025-02-18 19:43:34.500]:         deleting file: C:\Program Files\NetBeans-2\netbeans\ide\config\Modules\org-netbeans-modules-team-commons.xml
[2025-02-18 19:43:34.501]:         deleting file: C:\Program Files\NetBeans-2\netbeans\ide\config\Modules\org-netbeans-lib-terminalemulator.xml
[2025-02-18 19:43:34.506]:         deleting file: C:\Program Files\NetBeans-2\netbeans\ide\config\Modules\org-netbeans-modules-editor-plain.xml
[2025-02-18 19:43:34.507]:         deleting file: C:\Program Files\NetBeans-2\netbeans\ide\config\Modules\org-netbeans-modules-lexer-antlr4.xml
[2025-02-18 19:43:34.507]:         deleting file: C:\Program Files\NetBeans-2\netbeans\ide\config\Modules\org-netbeans-modules-print-editor.xml
[2025-02-18 19:43:34.508]:         deleting file: C:\Program Files\NetBeans-2\netbeans\ide\config\Modules\org-netbeans-modules-projectuiapi.xml
[2025-02-18 19:43:34.508]:         deleting file: C:\Program Files\NetBeans-2\netbeans\ide\config\Modules\org-netbeans-modules-xml-jaxb-api.xml
[2025-02-18 19:43:34.508]:         deleting file: C:\Program Files\NetBeans-2\netbeans\ide\config\Modules\org-netbeans-libs-graalsdk-system.xml
[2025-02-18 19:43:34.509]:         deleting file: C:\Program Files\NetBeans-2\netbeans\ide\config\Modules\org-netbeans-core-browser-webview.xml
[2025-02-18 19:43:34.509]:         deleting file: C:\Program Files\NetBeans-2\netbeans\ide\modules\lib\x86_64\libjunixsocket-native-2.5.1.dylib
[2025-02-18 19:43:34.509]:         deleting file: C:\Program Files\NetBeans-2\netbeans\ide\modules\org-netbeans-modules-xml-text-obsolete90.jar
[2025-02-18 19:43:34.510]:         deleting file: C:\Program Files\NetBeans-2\netbeans\ide\modules\org-netbeans-modules-project-ant-compat8.jar
[2025-02-18 19:43:34.510]:         deleting file: C:\Program Files\NetBeans-2\netbeans\ide\modules\org-netbeans-modules-db-sql-visualeditor.jar
[2025-02-18 19:43:34.512]:         deleting file: C:\Program Files\NetBeans-2\netbeans\ide\modules\org-eclipse-mylyn-wikitext-markdown-core.jar
[2025-02-18 19:43:34.512]:         deleting file: C:\Program Files\NetBeans-2\netbeans\ide\modules\org-netbeans-modules-projectui-buildmenu.jar
[2025-02-18 19:43:34.513]:         deleting file: C:\Program Files\NetBeans-2\netbeans\ide\modules\org-netbeans-modules-tasklist-projectint.jar
[2025-02-18 19:43:34.513]:         deleting file: C:\Program Files\NetBeans-2\netbeans\ide\modules\org-netbeans-modules-versioning-masterfs.jar
[2025-02-18 19:43:34.514]:         deleting file: C:\Program Files\NetBeans-2\netbeans\ide\modules\org-netbeans-modules-editor-settings-lib.jar
[2025-02-18 19:43:34.514]:         deleting file: C:\Program Files\NetBeans-2\netbeans\ide\modules\org-netbeans-modules-bugtracking-commons.jar
[2025-02-18 19:43:34.514]:         deleting file: C:\Program Files\NetBeans-2\netbeans\ide\update_tracking\org-netbeans-modules-editor-fold.xml
[2025-02-18 19:43:34.515]:         deleting file: C:\Program Files\NetBeans-2\netbeans\ide\update_tracking\org-netbeans-modules-xml-catalog.xml
[2025-02-18 19:43:34.515]:         deleting file: C:\Program Files\NetBeans-2\netbeans\ide\update_tracking\org-netbeans-modules-tasklist-ui.xml
[2025-02-18 19:43:34.515]:         deleting file: C:\Program Files\NetBeans-2\netbeans\ide\update_tracking\org-netbeans-modules-terminal-nb.xml
[2025-02-18 19:43:34.516]:         deleting file: C:\Program Files\NetBeans-2\netbeans\ide\update_tracking\org-netbeans-modules-html-custom.xml
[2025-02-18 19:43:34.516]:         deleting file: C:\Program Files\NetBeans-2\netbeans\ide\update_tracking\org-netbeans-modules-db-dataview.xml
[2025-02-18 19:43:34.517]:         deleting file: C:\Program Files\NetBeans-2\netbeans\ide\update_tracking\org-netbeans-modules-editor-util.xml
[2025-02-18 19:43:34.517]:         deleting file: C:\Program Files\NetBeans-2\netbeans\ide\update_tracking\com-googlecode-javaewah-JavaEWAH.xml
[2025-02-18 19:43:34.517]:         deleting file: C:\Program Files\NetBeans-2\netbeans\ide\update_tracking\org-netbeans-modules-html-parser.xml
[2025-02-18 19:43:34.518]:         deleting file: C:\Program Files\NetBeans-2\netbeans\ide\update_tracking\org-netbeans-modules-editor-lib2.xml
[2025-02-18 19:43:34.518]:         deleting file: C:\Program Files\NetBeans-2\netbeans\ide\update_tracking\org-netbeans-modules-parsing-api.xml
[2025-02-18 19:43:34.519]:         deleting file: C:\Program Files\NetBeans-2\netbeans\ide\update_tracking\org-netbeans-modules-project-ant.xml
[2025-02-18 19:43:34.523]:         deleting file: C:\Program Files\NetBeans-2\netbeans\ide\update_tracking\org-netbeans-libs-antlr3-runtime.xml
[2025-02-18 19:43:34.523]:         deleting file: C:\Program Files\NetBeans-2\netbeans\ide\update_tracking\org-netbeans-modules-html-editor.xml
[2025-02-18 19:43:34.524]:         deleting file: C:\Program Files\NetBeans-2\netbeans\ide\update_tracking\org-eclipse-mylyn-commons-xmlrpc.xml
[2025-02-18 19:43:34.524]:         deleting file: C:\Program Files\NetBeans-2\netbeans\ide\update_tracking\org-netbeans-modules-bugtracking.xml
[2025-02-18 19:43:34.524]:         deleting file: C:\Program Files\NetBeans-2\netbeans\ide\update_tracking\org-netbeans-libs-antlr4-runtime.xml
[2025-02-18 19:43:34.525]:         deleting directory: C:\Program Files\NetBeans-2\netbeans\harness\nbi\stub\ext\engine\src\org\mycompany\installer
[2025-02-18 19:43:34.525]:         deleting directory: C:\Program Files\NetBeans-2\netbeans\harness\nbi\stub\ext\components\products\helloworld\src
[2025-02-18 19:43:34.525]:         deleting directory: C:\Program Files\NetBeans-2\netbeans\harness\nbi\stub\ext\engine\src\native\launcher\windows
[2025-02-18 19:43:34.525]:         deleting file: C:\Program Files\NetBeans-2\netbeans\nb\config\Modules\org-netbeans-modules-ide-branding.xml
[2025-02-18 19:43:34.526]:         deleting file: C:\Program Files\NetBeans-2\netbeans\nb\modules\locale\org-netbeans-modules-uihandler_nb.jar
[2025-02-18 19:43:34.526]:         deleting file: C:\Program Files\NetBeans-2\netbeans\harness\config\Modules\org-netbeans-modules-nbjunit.xml
[2025-02-18 19:43:34.526]:         deleting file: C:\Program Files\NetBeans-2\netbeans\harness\config\Modules\org-netbeans-libs-nbi-engine.xml
[2025-02-18 19:43:34.527]:         deleting file: C:\Program Files\NetBeans-2\netbeans\platform\config\ModuleAutoDeps\org-openide-explorer.xml
[2025-02-18 19:43:34.527]:         deleting file: C:\Program Files\NetBeans-2\netbeans\platform\config\Modules\org-netbeans-core-multiview.xml
[2025-02-18 19:43:34.527]:         deleting file: C:\Program Files\NetBeans-2\netbeans\platform\config\Modules\org-netbeans-swing-laf-dark.xml
[2025-02-18 19:43:34.527]:         deleting file: C:\Program Files\NetBeans-2\netbeans\platform\config\Modules\org-netbeans-modules-htmlui.xml
[2025-02-18 19:43:34.527]:         deleting file: C:\Program Files\NetBeans-2\netbeans\platform\config\Modules\org-netbeans-core-multitabs.xml
[2025-02-18 19:43:34.529]:         deleting file: C:\Program Files\NetBeans-2\netbeans\platform\config\Modules\org-netbeans-core-execution.xml
[2025-02-18 19:43:34.529]:         deleting file: C:\Program Files\NetBeans-2\netbeans\platform\modules\org-netbeans-modules-autoupdate-ui.jar
[2025-02-18 19:43:34.530]:         deleting file: C:\Program Files\NetBeans-2\netbeans\platform\modules\lib\aarch64\linux\libjnidispatch-nb.so
[2025-02-18 19:43:34.531]:         deleting file: C:\Program Files\NetBeans-2\netbeans\platform\modules\lib\riscv64\linux\libjnidispatch-nb.so
[2025-02-18 19:43:34.532]:         deleting file: C:\Program Files\NetBeans-2\netbeans\platform\modules\org-netbeans-modules-masterfs-nio2.jar
[2025-02-18 19:43:34.532]:         deleting file: C:\Program Files\NetBeans-2\netbeans\platform\update_tracking\org-netbeans-api-templates.xml
[2025-02-18 19:43:34.533]:         deleting file: C:\Program Files\NetBeans-2\netbeans\platform\update_tracking\org-apache-commons-logging.xml
[2025-02-18 19:43:34.533]:         deleting file: C:\Program Files\NetBeans-2\netbeans\platform\update_tracking\org-netbeans-api-scripting.xml
[2025-02-18 19:43:34.533]:         deleting file: C:\Program Files\NetBeans-2\netbeans\platform\update_tracking\org-netbeans-modules-print.xml
[2025-02-18 19:43:34.533]:         deleting file: C:\Program Files\NetBeans-2\netbeans\platform\update_tracking\org-netbeans-lib-uihandler.xml
[2025-02-18 19:43:34.534]:         deleting file: C:\Program Files\NetBeans-2\netbeans\platform\update_tracking\org-netbeans-swing-outline.xml
[2025-02-18 19:43:34.534]:         deleting file: C:\Program Files\NetBeans-2\netbeans\platform\update_tracking\org-openide-filesystems-nb.xml
[2025-02-18 19:43:34.537]:         deleting file: C:\Program Files\NetBeans-2\netbeans\cpplite\modules\org-netbeans-modules-cpplite-editor.jar
[2025-02-18 19:43:34.537]:         deleting file: C:\Program Files\NetBeans-2\netbeans\ide\config\Modules\org-netbeans-modules-editor-fold.xml
[2025-02-18 19:43:34.538]:         deleting file: C:\Program Files\NetBeans-2\netbeans\ide\config\Modules\org-netbeans-modules-xml-catalog.xml
[2025-02-18 19:43:34.538]:         deleting file: C:\Program Files\NetBeans-2\netbeans\ide\config\Modules\org-netbeans-modules-tasklist-ui.xml
[2025-02-18 19:43:34.538]:         deleting file: C:\Program Files\NetBeans-2\netbeans\ide\config\Modules\org-netbeans-modules-terminal-nb.xml
[2025-02-18 19:43:34.540]:         deleting file: C:\Program Files\NetBeans-2\netbeans\ide\config\Modules\org-netbeans-modules-html-custom.xml
[2025-02-18 19:43:34.540]:         deleting file: C:\Program Files\NetBeans-2\netbeans\ide\config\Modules\org-netbeans-modules-db-dataview.xml
[2025-02-18 19:43:34.540]:         deleting file: C:\Program Files\NetBeans-2\netbeans\ide\config\Modules\org-netbeans-modules-editor-util.xml
[2025-02-18 19:43:34.541]:         deleting file: C:\Program Files\NetBeans-2\netbeans\ide\config\Modules\com-googlecode-javaewah-JavaEWAH.xml
[2025-02-18 19:43:34.541]:         deleting file: C:\Program Files\NetBeans-2\netbeans\ide\config\Modules\org-netbeans-modules-html-parser.xml
[2025-02-18 19:43:34.541]:         deleting file: C:\Program Files\NetBeans-2\netbeans\ide\config\Modules\org-netbeans-modules-editor-lib2.xml
[2025-02-18 19:43:34.542]:         deleting file: C:\Program Files\NetBeans-2\netbeans\ide\config\Modules\org-netbeans-modules-parsing-api.xml
[2025-02-18 19:43:34.542]:         deleting file: C:\Program Files\NetBeans-2\netbeans\ide\config\Modules\org-netbeans-modules-project-ant.xml
[2025-02-18 19:43:34.542]:         deleting file: C:\Program Files\NetBeans-2\netbeans\ide\config\Modules\org-netbeans-libs-antlr3-runtime.xml
[2025-02-18 19:43:34.542]:         deleting file: C:\Program Files\NetBeans-2\netbeans\ide\config\Modules\org-netbeans-modules-html-editor.xml
[2025-02-18 19:43:34.544]:         deleting file: C:\Program Files\NetBeans-2\netbeans\ide\config\Modules\org-eclipse-mylyn-commons-xmlrpc.xml
[2025-02-18 19:43:34.544]:         deleting file: C:\Program Files\NetBeans-2\netbeans\ide\config\Modules\org-netbeans-modules-bugtracking.xml
[2025-02-18 19:43:34.544]:         deleting file: C:\Program Files\NetBeans-2\netbeans\ide\config\Modules\org-netbeans-libs-antlr4-runtime.xml
[2025-02-18 19:43:34.544]:         deleting file: C:\Program Files\NetBeans-2\netbeans\ide\modules\org-netbeans-modules-project-dependency.jar
[2025-02-18 19:43:34.545]:         deleting file: C:\Program Files\NetBeans-2\netbeans\ide\modules\org-netbeans-modules-project-spi-intern.jar
[2025-02-18 19:43:34.545]:         deleting file: C:\Program Files\NetBeans-2\netbeans\ide\modules\org-netbeans-modules-editor-errorstripe.jar
[2025-02-18 19:43:34.545]:         deleting file: C:\Program Files\NetBeans-2\netbeans\ide\modules\org-netbeans-modules-bugtracking-bridge.jar
[2025-02-18 19:43:34.546]:         deleting file: C:\Program Files\NetBeans-2\netbeans\ide\modules\org-netbeans-modules-languages-manifest.jar
[2025-02-18 19:43:34.546]:         deleting file: C:\Program Files\NetBeans-2\netbeans\ide\modules\org-eclipse-mylyn-wikitext-textile-core.jar
[2025-02-18 19:43:34.546]:         deleting file: C:\Program Files\NetBeans-2\netbeans\ide\modules\org-netbeans-modules-editor-breadcrumbs.jar
[2025-02-18 19:43:34.547]:         deleting file: C:\Program Files\NetBeans-2\netbeans\ide\update_tracking\org-eclipse-mylyn-wikitext-core.xml
[2025-02-18 19:43:34.547]:         deleting file: C:\Program Files\NetBeans-2\netbeans\ide\update_tracking\org-netbeans-modules-versioning.xml
[2025-02-18 19:43:34.547]:         deleting file: C:\Program Files\NetBeans-2\netbeans\ide\update_tracking\org-netbeans-modules-mylyn-util.xml
[2025-02-18 19:43:34.548]:         deleting file: C:\Program Files\NetBeans-2\netbeans\ide\update_tracking\org-netbeans-modules-web-common.xml
[2025-02-18 19:43:34.552]:         deleting file: C:\Program Files\NetBeans-2\netbeans\ide\update_tracking\org-netbeans-modules-localtasks.xml
[2025-02-18 19:43:34.553]:         deleting file: C:\Program Files\NetBeans-2\netbeans\ide\update_tracking\org-netbeans-modules-web-indent.xml
[2025-02-18 19:43:34.553]:         deleting file: C:\Program Files\NetBeans-2\netbeans\ide\update_tracking\org-netbeans-modules-docker-api.xml
[2025-02-18 19:43:34.554]:         deleting file: C:\Program Files\NetBeans-2\netbeans\ide\update_tracking\org-netbeans-modules-editor-lib.xml
[2025-02-18 19:43:34.554]:         deleting file: C:\Program Files\NetBeans-2\netbeans\ide\update_tracking\org-netbeans-modules-usersguide.xml
[2025-02-18 19:43:34.555]:         deleting file: C:\Program Files\NetBeans-2\netbeans\ide\update_tracking\org-netbeans-modules-properties.xml
[2025-02-18 19:43:34.555]:         deleting file: C:\Program Files\NetBeans-2\netbeans\ide\update_tracking\org-netbeans-modules-parsing-ui.xml
[2025-02-18 19:43:34.556]:         deleting file: C:\Program Files\NetBeans-2\netbeans\ide\update_tracking\org-netbeans-modules-css-editor.xml
[2025-02-18 19:43:34.556]:         deleting file: C:\Program Files\NetBeans-2\netbeans\ide\update_tracking\org-netbeans-modules-hudson-git.xml
[2025-02-18 19:43:34.556]:         deleting file: C:\Program Files\NetBeans-2\netbeans\ide\update_tracking\org-eclipse-mylyn-bugzilla-core.xml
[2025-02-18 19:43:34.557]:         deleting file: C:\Program Files\NetBeans-2\netbeans\ide\update_tracking\org-netbeans-modules-lsp-client.xml
[2025-02-18 19:43:34.557]:         deleting file: C:\Program Files\NetBeans-2\netbeans\ide\update_tracking\org-netbeans-modules-projectapi.xml
[2025-02-18 19:43:34.558]:         deleting file: C:\Program Files\NetBeans-2\netbeans\ide\update_tracking\org-netbeans-modules-servletapi.xml
[2025-02-18 19:43:34.558]:         deleting file: C:\Program Files\NetBeans-2\netbeans\ide\update_tracking\org-eclipse-equinox-preferences.xml
[2025-02-18 19:43:34.558]:         deleting file: C:\Program Files\NetBeans-2\netbeans\ide\update_tracking\org-netbeans-modules-subversion.xml
[2025-02-18 19:43:34.559]:         deleting file: C:\Program Files\NetBeans-2\netbeans\ide\update_tracking\org-netbeans-modules-editor-kit.xml
[2025-02-18 19:43:34.560]:         deleting file: C:\Program Files\NetBeans-2\netbeans\ide\update_tracking\libs-c-kohlschutter-junixsocket.xml
[2025-02-18 19:43:34.560]:         deleting file: C:\Program Files\NetBeans-2\netbeans\ide\update_tracking\org-netbeans-modules-html-lexer.xml
[2025-02-18 19:43:34.561]:         deleting file: C:\Program Files\NetBeans-2\netbeans\ide\update_tracking\org-netbeans-api-java-classpath.xml
[2025-02-18 19:43:34.561]:         deleting file: C:\Program Files\NetBeans-2\netbeans\ide\update_tracking\org-netbeans-modules-extbrowser.xml
[2025-02-18 19:43:34.561]:         deleting file: C:\Program Files\NetBeans-2\netbeans\ide\update_tracking\org-netbeans-modules-css-visual.xml
[2025-02-18 19:43:34.561]:         deleting file: C:\Program Files\NetBeans-2\netbeans\ide\update_tracking\org-netbeans-modules-httpserver.xml
[2025-02-18 19:43:34.563]:         deleting file: C:\Program Files\NetBeans-2\netbeans\ide\update_tracking\org-netbeans-modules-parsing-nb.xml
[2025-02-18 19:43:34.563]:         deleting file: C:\Program Files\NetBeans-2\netbeans\ide\update_tracking\org-netbeans-modules-db-drivers.xml
[2025-02-18 19:43:34.564]:         deleting file: C:\Program Files\NetBeans-2\netbeans\extide\update_tracking\org-netbeans-modules-gradle.xml
[2025-02-18 19:43:34.564]:         deleting file: C:\Program Files\NetBeans-2\netbeans\extide\update_tracking\org-apache-tools-ant-module.xml
[2025-02-18 19:43:34.565]:         deleting file: C:\Program Files\NetBeans-2\netbeans\harness\nbi\stub\ext\engine\src\data\engine.properties
[2025-02-18 19:43:34.566]:         deleting file: C:\Program Files\NetBeans-2\netbeans\harness\update_tracking\org-netbeans-modules-jemmy.xml
[2025-02-18 19:43:34.566]:         deleting file: C:\Program Files\NetBeans-2\netbeans\platform\config\ModuleAutoDeps\org-openide-modules.xml
[2025-02-18 19:43:34.568]:         deleting file: C:\Program Files\NetBeans-2\netbeans\platform\config\ModuleAutoDeps\org-openide-loaders.xml
[2025-02-18 19:43:34.569]:         deleting file: C:\Program Files\NetBeans-2\netbeans\platform\config\Modules\org-netbeans-api-templates.xml
[2025-02-18 19:43:34.569]:         deleting file: C:\Program Files\NetBeans-2\netbeans\platform\config\Modules\org-apache-commons-logging.xml
[2025-02-18 19:43:34.569]:         deleting file: C:\Program Files\NetBeans-2\netbeans\platform\config\Modules\org-netbeans-api-scripting.xml
[2025-02-18 19:43:34.570]:         deleting file: C:\Program Files\NetBeans-2\netbeans\platform\config\Modules\org-netbeans-modules-print.xml
[2025-02-18 19:43:34.570]:         deleting file: C:\Program Files\NetBeans-2\netbeans\platform\config\Modules\org-netbeans-lib-uihandler.xml
[2025-02-18 19:43:34.570]:         deleting file: C:\Program Files\NetBeans-2\netbeans\platform\config\Modules\org-netbeans-swing-outline.xml
[2025-02-18 19:43:34.571]:         deleting file: C:\Program Files\NetBeans-2\netbeans\platform\config\Modules\org-openide-filesystems-nb.xml
[2025-02-18 19:43:34.571]:         deleting file: C:\Program Files\NetBeans-2\netbeans\platform\modules\org-netbeans-modules-keyring-impl.jar
[2025-02-18 19:43:34.572]:         deleting file: C:\Program Files\NetBeans-2\netbeans\platform\modules\org-netbeans-api-progress-compat8.jar
[2025-02-18 19:43:34.572]:         deleting file: C:\Program Files\NetBeans-2\netbeans\platform\update_tracking\org-netbeans-core-startup.xml
[2025-02-18 19:43:34.573]:         deleting file: C:\Program Files\NetBeans-2\netbeans\platform\update_tracking\org-netbeans-core-network.xml
[2025-02-18 19:43:34.573]:         deleting file: C:\Program Files\NetBeans-2\netbeans\platform\update_tracking\org-netbeans-api-progress.xml
[2025-02-18 19:43:34.573]:         deleting file: C:\Program Files\NetBeans-2\netbeans\platform\update_tracking\org-netbeans-core-netigso.xml
[2025-02-18 19:43:34.574]:         deleting file: C:\Program Files\NetBeans-2\netbeans\platform\update_tracking\org-netbeans-libs-flatlaf.xml
[2025-02-18 19:43:34.574]:         deleting file: C:\Program Files\NetBeans-2\netbeans\platform\update_tracking\net-java-html-boot-script.xml
[2025-02-18 19:43:34.575]:         deleting file: C:\Program Files\NetBeans-2\netbeans\platform\update_tracking\org-netbeans-core-output2.xml
[2025-02-18 19:43:34.575]:         deleting file: C:\Program Files\NetBeans-2\netbeans\platform\update_tracking\org-netbeans-core-windows.xml
[2025-02-18 19:43:34.576]:         deleting file: C:\Program Files\NetBeans-2\netbeans\ide\config\ModuleAutoDeps\org-netbeans-spi-palette.xml
[2025-02-18 19:43:34.576]:         deleting file: C:\Program Files\NetBeans-2\netbeans\ide\config\Modules\org-eclipse-mylyn-wikitext-core.xml
[2025-02-18 19:43:34.576]:         deleting file: C:\Program Files\NetBeans-2\netbeans\ide\config\Modules\org-netbeans-modules-versioning.xml
[2025-02-18 19:43:34.576]:         deleting file: C:\Program Files\NetBeans-2\netbeans\ide\config\Modules\org-netbeans-modules-mylyn-util.xml
[2025-02-18 19:43:34.576]:         deleting file: C:\Program Files\NetBeans-2\netbeans\ide\config\Modules\org-netbeans-modules-web-common.xml
[2025-02-18 19:43:34.578]:         deleting file: C:\Program Files\NetBeans-2\netbeans\ide\config\Modules\org-netbeans-modules-localtasks.xml
[2025-02-18 19:43:34.579]:         deleting file: C:\Program Files\NetBeans-2\netbeans\ide\config\Modules\org-netbeans-modules-web-indent.xml
[2025-02-18 19:43:34.579]:         deleting file: C:\Program Files\NetBeans-2\netbeans\ide\config\Modules\org-netbeans-modules-docker-api.xml
[2025-02-18 19:43:34.579]:         deleting file: C:\Program Files\NetBeans-2\netbeans\ide\config\Modules\org-netbeans-modules-editor-lib.xml
[2025-02-18 19:43:34.579]:         deleting file: C:\Program Files\NetBeans-2\netbeans\ide\config\Modules\org-netbeans-modules-usersguide.xml
[2025-02-18 19:43:34.580]:         deleting file: C:\Program Files\NetBeans-2\netbeans\ide\config\Modules\org-netbeans-modules-properties.xml
[2025-02-18 19:43:34.583]:         deleting file: C:\Program Files\NetBeans-2\netbeans\ide\config\Modules\org-netbeans-modules-parsing-ui.xml
[2025-02-18 19:43:34.584]:         deleting file: C:\Program Files\NetBeans-2\netbeans\ide\config\Modules\org-netbeans-modules-css-editor.xml
[2025-02-18 19:43:34.584]:         deleting file: C:\Program Files\NetBeans-2\netbeans\ide\config\Modules\org-netbeans-modules-hudson-git.xml
[2025-02-18 19:43:34.585]:         deleting file: C:\Program Files\NetBeans-2\netbeans\ide\config\Modules\org-eclipse-mylyn-bugzilla-core.xml
[2025-02-18 19:43:34.585]:         deleting file: C:\Program Files\NetBeans-2\netbeans\ide\config\Modules\org-netbeans-modules-lsp-client.xml
[2025-02-18 19:43:34.585]:         deleting file: C:\Program Files\NetBeans-2\netbeans\ide\config\Modules\org-netbeans-modules-projectapi.xml
[2025-02-18 19:43:34.586]:         deleting file: C:\Program Files\NetBeans-2\netbeans\ide\config\Modules\org-netbeans-modules-servletapi.xml
[2025-02-18 19:43:34.587]:         deleting file: C:\Program Files\NetBeans-2\netbeans\ide\config\Modules\org-eclipse-equinox-preferences.xml
[2025-02-18 19:43:34.587]:         deleting file: C:\Program Files\NetBeans-2\netbeans\ide\config\Modules\org-netbeans-modules-subversion.xml
[2025-02-18 19:43:34.588]:         deleting file: C:\Program Files\NetBeans-2\netbeans\ide\config\Modules\org-netbeans-modules-editor-kit.xml
[2025-02-18 19:43:34.588]:         deleting file: C:\Program Files\NetBeans-2\netbeans\ide\config\Modules\libs-c-kohlschutter-junixsocket.xml
[2025-02-18 19:43:34.589]:         deleting file: C:\Program Files\NetBeans-2\netbeans\ide\config\Modules\org-netbeans-modules-html-lexer.xml
[2025-02-18 19:43:34.589]:         deleting file: C:\Program Files\NetBeans-2\netbeans\ide\config\Modules\org-netbeans-api-java-classpath.xml
[2025-02-18 19:43:34.590]:         deleting file: C:\Program Files\NetBeans-2\netbeans\ide\config\Modules\org-netbeans-modules-extbrowser.xml
[2025-02-18 19:43:34.590]:         deleting file: C:\Program Files\NetBeans-2\netbeans\ide\config\Modules\org-netbeans-modules-css-visual.xml
[2025-02-18 19:43:34.591]:         deleting file: C:\Program Files\NetBeans-2\netbeans\ide\config\Modules\org-netbeans-modules-httpserver.xml
[2025-02-18 19:43:34.591]:         deleting file: C:\Program Files\NetBeans-2\netbeans\ide\config\Modules\org-netbeans-modules-parsing-nb.xml
[2025-02-18 19:43:34.591]:         deleting file: C:\Program Files\NetBeans-2\netbeans\ide\config\Modules\org-netbeans-modules-db-drivers.xml
[2025-02-18 19:43:34.592]:         deleting file: C:\Program Files\NetBeans-2\netbeans\ide\modules\org-netbeans-modules-extexecution-impl.jar
[2025-02-18 19:43:34.593]:         deleting file: C:\Program Files\NetBeans-2\netbeans\ide\modules\org-netbeans-modules-extexecution-base.jar
[2025-02-18 19:43:34.593]:         deleting file: C:\Program Files\NetBeans-2\netbeans\ide\modules\org-netbeans-modules-utilities-project.jar
[2025-02-18 19:43:34.594]:         deleting file: C:\Program Files\NetBeans-2\netbeans\ide\modules\org-netbeans-modules-gsf-testrunner-ui.jar
[2025-02-18 19:43:34.594]:         deleting file: C:\Program Files\NetBeans-2\netbeans\ide\modules\org-netbeans-modules-hudson-subversion.jar
[2025-02-18 19:43:34.594]:         deleting file: C:\Program Files\NetBeans-2\netbeans\ide\modules\org-netbeans-modules-editor-completion.jar
[2025-02-18 19:43:34.595]:         deleting file: C:\Program Files\NetBeans-2\netbeans\ide\modules\ext\org.eclipse.lsp4j.generator-0.13.0.jar
[2025-02-18 19:43:34.595]:         deleting file: C:\Program Files\NetBeans-2\netbeans\ide\modules\ext\org.eclipse.xtext.xbase.lib-2.24.0.jar
[2025-02-18 19:43:34.596]:         deleting file: C:\Program Files\NetBeans-2\netbeans\ide\modules\ext\org.eclipse.xtend.lib.macro-2.24.0.jar
[2025-02-18 19:43:34.597]:         deleting file: C:\Program Files\NetBeans-2\netbeans\ide\modules\org-netbeans-modules-properties-syntax.jar
[2025-02-18 19:43:34.597]:         deleting file: C:\Program Files\NetBeans-2\netbeans\ide\modules\org-netbeans-modules-projectuiapi-base.jar
[2025-02-18 19:43:34.598]:         deleting file: C:\Program Files\NetBeans-2\netbeans\ide\modules\org-netbeans-spi-editor-hints-projects.jar
[2025-02-18 19:43:34.599]:         deleting file: C:\Program Files\NetBeans-2\netbeans\ide\modules\org-netbeans-modules-db-metadata-model.jar
[2025-02-18 19:43:34.599]:         deleting file: C:\Program Files\NetBeans-2\netbeans\ide\modules\org-netbeans-modules-javascript2-debug.jar
[2025-02-18 19:43:34.600]:         deleting file: C:\Program Files\NetBeans-2\netbeans\ide\modules\org-netbeans-modules-project-libraries.jar
[2025-02-18 19:43:34.600]:         deleting file: C:\Program Files\NetBeans-2\netbeans\ide\update_tracking\org-netbeans-modules-projectui.xml
[2025-02-18 19:43:34.600]:         deleting file: C:\Program Files\NetBeans-2\netbeans\ide\update_tracking\org-netbeans-modules-utilities.xml
[2025-02-18 19:43:34.600]:         deleting file: C:\Program Files\NetBeans-2\netbeans\ide\update_tracking\org-netbeans-modules-css-model.xml
[2025-02-18 19:43:34.600]:         deleting file: C:\Program Files\NetBeans-2\netbeans\ide\update_tracking\org-netbeans-modules-csl-types.xml
[2025-02-18 19:43:34.601]:         deleting file: C:\Program Files\NetBeans-2\netbeans\ide\update_tracking\org-netbeans-modules-docker-ui.xml
[2025-02-18 19:43:34.601]:         deleting file: C:\Program Files\NetBeans-2\netbeans\ide\update_tracking\org-netbeans-modules-mercurial.xml
[2025-02-18 19:43:34.601]:         deleting file: C:\Program Files\NetBeans-2\netbeans\ide\update_tracking\com-google-guava-failureaccess.xml
[2025-02-18 19:43:34.602]:         deleting file: C:\Program Files\NetBeans-2\netbeans\ide\update_tracking\org-netbeans-modules-selenium2.xml
[2025-02-18 19:43:34.602]:         deleting file: C:\Program Files\NetBeans-2\netbeans\ide\update_tracking\org-netbeans-modules-xml-tools.xml
[2025-02-18 19:43:34.602]:         deleting file: C:\Program Files\NetBeans-2\netbeans\ide\update_tracking\org-netbeans-modules-hudson-ui.xml
[2025-02-18 19:43:34.603]:         deleting file: C:\Program Files\NetBeans-2\netbeans\ide\update_tracking\org-netbeans-modules-languages.xml
[2025-02-18 19:43:34.603]:         deleting file: C:\Program Files\NetBeans-2\netbeans\ide\update_tracking\org-netbeans-modules-xml-lexer.xml
[2025-02-18 19:43:34.603]:         deleting file: C:\Program Files\NetBeans-2\netbeans\ide\update_tracking\org-eclipse-mylyn-commons-core.xml
[2025-02-18 19:43:34.605]:         deleting file: C:\Program Files\NetBeans-2\netbeans\extide\config\Modules\org-netbeans-modules-gradle.xml
[2025-02-18 19:43:34.605]:         deleting file: C:\Program Files\NetBeans-2\netbeans\extide\config\Modules\org-apache-tools-ant-module.xml
[2025-02-18 19:43:34.605]:         deleting file: C:\Program Files\NetBeans-2\netbeans\extide\modules\org-netbeans-modules-gradle-editor.jar
[2025-02-18 19:43:34.606]:         deleting file: C:\Program Files\NetBeans-2\netbeans\nb\modules\org-netbeans-modules-deadlock-detector.jar
[2025-02-18 19:43:34.606]:         deleting file: C:\Program Files\NetBeans-2\netbeans\nb\modules\locale\org-netbeans-spi-quicksearch_nb.jar
[2025-02-18 19:43:34.607]:         deleting file: C:\Program Files\NetBeans-2\netbeans\harness\config\Modules\org-netbeans-modules-jemmy.xml
[2025-02-18 19:43:34.607]:         deleting file: C:\Program Files\NetBeans-2\netbeans\harness\update_tracking\org-netbeans-libs-nbi-ant.xml
[2025-02-18 19:43:34.607]:         deleting file: C:\Program Files\NetBeans-2\netbeans\platform\config\Modules\org-netbeans-core-network.xml
[2025-02-18 19:43:34.608]:         deleting file: C:\Program Files\NetBeans-2\netbeans\platform\config\Modules\org-netbeans-api-progress.xml
[2025-02-18 19:43:34.608]:         deleting file: C:\Program Files\NetBeans-2\netbeans\platform\config\Modules\org-netbeans-core-netigso.xml
[2025-02-18 19:43:34.608]:         deleting file: C:\Program Files\NetBeans-2\netbeans\platform\config\Modules\org-netbeans-libs-flatlaf.xml
[2025-02-18 19:43:34.608]:         deleting file: C:\Program Files\NetBeans-2\netbeans\platform\config\Modules\net-java-html-boot-script.xml
[2025-02-18 19:43:34.614]:         deleting file: C:\Program Files\NetBeans-2\netbeans\platform\config\Modules\org-netbeans-core-output2.xml
[2025-02-18 19:43:34.615]:         deleting file: C:\Program Files\NetBeans-2\netbeans\platform\config\Modules\org-netbeans-core-windows.xml
[2025-02-18 19:43:34.615]:         deleting file: C:\Program Files\NetBeans-2\netbeans\platform\modules\org-netbeans-html-presenters-spi.jar
[2025-02-18 19:43:34.616]:         deleting file: C:\Program Files\NetBeans-2\netbeans\platform\modules\lib\aarch64\libjnidispatch-nb.jnilib
[2025-02-18 19:43:34.616]:         deleting file: C:\Program Files\NetBeans-2\netbeans\platform\modules\lib\amd64\linux\libjnidispatch-nb.so
[2025-02-18 19:43:34.617]:         deleting file: C:\Program Files\NetBeans-2\netbeans\platform\modules\org-netbeans-modules-options-api.jar
[2025-02-18 19:43:34.617]:         deleting file: C:\Program Files\NetBeans-2\netbeans\platform\modules\org-netbeans-modules-masterfs-ui.jar
[2025-02-18 19:43:34.617]:         deleting file: C:\Program Files\NetBeans-2\netbeans\platform\modules\org-netbeans-modules-spi-actions.jar
[2025-02-18 19:43:34.617]:         deleting file: C:\Program Files\NetBeans-2\netbeans\platform\modules\org-netbeans-modules-templatesui.jar
[2025-02-18 19:43:34.618]:         deleting file: C:\Program Files\NetBeans-2\netbeans\platform\modules\org-netbeans-modules-progress-ui.jar
[2025-02-18 19:43:34.619]:         deleting file: C:\Program Files\NetBeans-2\netbeans\platform\update_tracking\org-netbeans-libs-testng.xml
[2025-02-18 19:43:34.620]:         deleting file: C:\Program Files\NetBeans-2\netbeans\platform\update_tracking\org-netbeans-libs-jsr223.xml
[2025-02-18 19:43:34.620]:         deleting file: C:\Program Files\NetBeans-2\netbeans\platform\update_tracking\org-netbeans-libs-junit4.xml
[2025-02-18 19:43:34.620]:         deleting file: C:\Program Files\NetBeans-2\netbeans\platform\update_tracking\org-apache-commons-lang3.xml
[2025-02-18 19:43:34.622]:         deleting file: C:\Program Files\NetBeans-2\netbeans\platform\update_tracking\org-netbeans-libs-junit5.xml
[2025-02-18 19:43:34.622]:         deleting file: C:\Program Files\NetBeans-2\netbeans\platform\update_tracking\org-apache-commons-codec.xml
[2025-02-18 19:43:34.622]:         deleting file: C:\Program Files\NetBeans-2\netbeans\platform\update_tracking\org-netbeans-libs-javafx.xml
[2025-02-18 19:43:34.623]:         deleting file: C:\Program Files\NetBeans-2\netbeans\ide\config\ModuleAutoDeps\org-netbeans-modules-db.xml
[2025-02-18 19:43:34.623]:         deleting file: C:\Program Files\NetBeans-2\netbeans\ide\config\Modules\org-netbeans-modules-projectui.xml
[2025-02-18 19:43:34.623]:         deleting file: C:\Program Files\NetBeans-2\netbeans\ide\config\Modules\org-netbeans-modules-utilities.xml
[2025-02-18 19:43:34.624]:         deleting file: C:\Program Files\NetBeans-2\netbeans\ide\config\Modules\org-netbeans-modules-css-model.xml
[2025-02-18 19:43:34.624]:         deleting file: C:\Program Files\NetBeans-2\netbeans\ide\config\Modules\org-netbeans-modules-csl-types.xml
[2025-02-18 19:43:34.624]:         deleting file: C:\Program Files\NetBeans-2\netbeans\ide\config\Modules\org-netbeans-modules-docker-ui.xml
[2025-02-18 19:43:34.624]:         deleting file: C:\Program Files\NetBeans-2\netbeans\ide\config\Modules\org-netbeans-modules-mercurial.xml
[2025-02-18 19:43:34.625]:         deleting file: C:\Program Files\NetBeans-2\netbeans\ide\config\Modules\com-google-guava-failureaccess.xml
[2025-02-18 19:43:34.625]:         deleting file: C:\Program Files\NetBeans-2\netbeans\ide\config\Modules\org-netbeans-modules-selenium2.xml
[2025-02-18 19:43:34.626]:         deleting file: C:\Program Files\NetBeans-2\netbeans\ide\config\Modules\org-netbeans-modules-xml-tools.xml
[2025-02-18 19:43:34.626]:         deleting file: C:\Program Files\NetBeans-2\netbeans\ide\config\Modules\org-netbeans-modules-hudson-ui.xml
[2025-02-18 19:43:34.626]:         deleting file: C:\Program Files\NetBeans-2\netbeans\ide\config\Modules\org-netbeans-modules-languages.xml
[2025-02-18 19:43:34.629]:         deleting file: C:\Program Files\NetBeans-2\netbeans\ide\config\Modules\org-netbeans-modules-xml-lexer.xml
[2025-02-18 19:43:34.630]:         deleting file: C:\Program Files\NetBeans-2\netbeans\ide\config\Modules\org-eclipse-mylyn-commons-core.xml
[2025-02-18 19:43:34.631]:         deleting file: C:\Program Files\NetBeans-2\netbeans\ide\modules\org-netbeans-modules-swing-validation.jar
[2025-02-18 19:43:34.631]:         deleting file: C:\Program Files\NetBeans-2\netbeans\ide\modules\org-netbeans-modules-editor-structure.jar
[2025-02-18 19:43:34.633]:         deleting file: C:\Program Files\NetBeans-2\netbeans\ide\modules\org-netbeans-modules-gsf-codecoverage.jar
[2025-02-18 19:43:34.633]:         deleting file: C:\Program Files\NetBeans-2\netbeans\ide\modules\ext\flexmark-html2md-converter-0.64.8.jar
[2025-02-18 19:43:34.634]:         deleting file: C:\Program Files\NetBeans-2\netbeans\ide\modules\ext\org.eclipse.tm4e.core-0.4.1-pack1.jar
[2025-02-18 19:43:34.634]:         deleting file: C:\Program Files\NetBeans-2\netbeans\ide\modules\org-netbeans-modules-parsing-indexing.jar
[2025-02-18 19:43:34.634]:         deleting file: C:\Program Files\NetBeans-2\netbeans\ide\modules\org-netbeans-modules-selenium2-server.jar
[2025-02-18 19:43:34.635]:         deleting file: C:\Program Files\NetBeans-2\netbeans\ide\modules\org-netbeans-modules-editor-bookmarks.jar
[2025-02-18 19:43:34.635]:         deleting file: C:\Program Files\NetBeans-2\netbeans\ide\modules\org-netbeans-modules-spellchecker-kit.jar
[2025-02-18 19:43:34.635]:         deleting file: C:\Program Files\NetBeans-2\netbeans\ide\modules\org-netbeans-modules-xml-schema-model.jar
[2025-02-18 19:43:34.636]:         deleting file: C:\Program Files\NetBeans-2\netbeans\ide\modules\org-netbeans-modules-editor-plain-lib.jar
[2025-02-18 19:43:34.637]:         deleting file: C:\Program Files\NetBeans-2\netbeans\ide\modules\org-netbeans-modules-hudson-mercurial.jar
[2025-02-18 19:43:34.637]:         deleting file: C:\Program Files\NetBeans-2\netbeans\ide\modules\org-netbeans-modules-editor-fold-nbui.jar
[2025-02-18 19:43:34.638]:         deleting file: C:\Program Files\NetBeans-2\netbeans\ide\update_tracking\org-netbeans-modules-db-mysql.xml
[2025-02-18 19:43:34.638]:         deleting file: C:\Program Files\NetBeans-2\netbeans\ide\update_tracking\org-netbeans-modules-xml-text.xml
[2025-02-18 19:43:34.639]:         deleting file: C:\Program Files\NetBeans-2\netbeans\ide\update_tracking\org-netbeans-modules-gototest.xml
[2025-02-18 19:43:34.639]:         deleting file: C:\Program Files\NetBeans-2\netbeans\ide\update_tracking\org-netbeans-modules-terminal.xml
[2025-02-18 19:43:34.639]:         deleting file: C:\Program Files\NetBeans-2\netbeans\ide\update_tracking\org-netbeans-spi-editor-hints.xml
[2025-02-18 19:43:34.640]:         deleting file: C:\Program Files\NetBeans-2\netbeans\ide\update_tracking\org-netbeans-swing-dirchooser.xml
[2025-02-18 19:43:34.641]:         deleting file: C:\Program Files\NetBeans-2\netbeans\ide\update_tracking\org-netbeans-modules-defaults.xml
[2025-02-18 19:43:34.641]:         deleting file: C:\Program Files\NetBeans-2\netbeans\ide\update_tracking\org-netbeans-modules-xml-core.xml
[2025-02-18 19:43:34.641]:         deleting file: C:\Program Files\NetBeans-2\netbeans\ide\update_tracking\org-netbeans-libs-json_simple.xml
[2025-02-18 19:43:34.642]:         deleting file: C:\Program Files\NetBeans-2\netbeans\ide\update_tracking\org-netbeans-modules-bugzilla.xml
[2025-02-18 19:43:34.642]:         deleting file: C:\Program Files\NetBeans-2\netbeans\ide\update_tracking\org-netbeans-modules-css-prep.xml
[2025-02-18 19:43:34.643]:         deleting file: C:\Program Files\NetBeans-2\netbeans\ide\update_tracking\org-netbeans-modules-markdown.xml
[2025-02-18 19:43:34.643]:         deleting file: C:\Program Files\NetBeans-2\netbeans\ide\update_tracking\org-eclipse-mylyn-commons-net.xml
[2025-02-18 19:43:34.643]:         deleting file: C:\Program Files\NetBeans-2\netbeans\ide\update_tracking\org-apache-commons-httpclient.xml
[2025-02-18 19:43:34.646]:         deleting file: C:\Program Files\NetBeans-2\netbeans\ide\update_tracking\org-netbeans-libs-commons_net.xml
[2025-02-18 19:43:34.646]:         deleting file: C:\Program Files\NetBeans-2\netbeans\ide\update_tracking\org-netbeans-modules-team-ide.xml
[2025-02-18 19:43:34.646]:         deleting directory: C:\Program Files\NetBeans-2\netbeans\harness\nbi\stub\ext\engine\src\native\launcher\unix
[2025-02-18 19:43:34.646]:         deleting directory: C:\Program Files\NetBeans-2\netbeans\harness\nbi\stub\ext\infra\build\products\helloworld
[2025-02-18 19:43:34.647]:         deleting file: C:\Program Files\NetBeans-2\netbeans\extide\modules\org-netbeans-modules-options-java.jar
[2025-02-18 19:43:34.647]:         deleting file: C:\Program Files\NetBeans-2\netbeans\extide\modules\org-netbeans-modules-gradle-dists.jar
[2025-02-18 19:43:34.648]:         deleting file: C:\Program Files\NetBeans-2\netbeans\nb\modules\org-netbeans-modules-ide-branding-kit.jar
[2025-02-18 19:43:34.648]:         deleting file: C:\Program Files\NetBeans-2\netbeans\harness\config\Modules\org-netbeans-libs-nbi-ant.xml
[2025-02-18 19:43:34.649]:         deleting file: C:\Program Files\NetBeans-2\netbeans\harness\nbi\stub\ext\engine\nbproject\build-impl.xml
[2025-02-18 19:43:34.649]:         deleting file: C:\Program Files\NetBeans-2\netbeans\platform\config\ModuleAutoDeps\org-openide-nodes.xml
[2025-02-18 19:43:34.649]:         deleting file: C:\Program Files\NetBeans-2\netbeans\platform\config\ModuleAutoDeps\org-netbeans-core.xml
[2025-02-18 19:43:34.650]:         deleting file: C:\Program Files\NetBeans-2\netbeans\platform\config\Modules\org-netbeans-libs-testng.xml
[2025-02-18 19:43:34.651]:         deleting file: C:\Program Files\NetBeans-2\netbeans\platform\config\Modules\org-netbeans-libs-jsr223.xml
[2025-02-18 19:43:34.651]:         deleting file: C:\Program Files\NetBeans-2\netbeans\platform\config\Modules\org-netbeans-libs-junit4.xml
[2025-02-18 19:43:34.651]:         deleting file: C:\Program Files\NetBeans-2\netbeans\platform\config\Modules\org-apache-commons-lang3.xml
[2025-02-18 19:43:34.653]:         deleting file: C:\Program Files\NetBeans-2\netbeans\platform\config\Modules\org-netbeans-libs-junit5.xml
[2025-02-18 19:43:34.653]:         deleting file: C:\Program Files\NetBeans-2\netbeans\platform\config\Modules\org-apache-commons-codec.xml
[2025-02-18 19:43:34.653]:         deleting file: C:\Program Files\NetBeans-2\netbeans\platform\config\Modules\org-netbeans-libs-javafx.xml
[2025-02-18 19:43:34.654]:         deleting file: C:\Program Files\NetBeans-2\netbeans\platform\modules\lib\x86_64\libjnidispatch-nb.jnilib
[2025-02-18 19:43:34.654]:         deleting file: C:\Program Files\NetBeans-2\netbeans\platform\modules\lib\i386\linux\libjnidispatch-nb.so
[2025-02-18 19:43:34.655]:         deleting file: C:\Program Files\NetBeans-2\netbeans\platform\modules\ext\org.apache.felix.main-7.0.3.jar
[2025-02-18 19:43:34.656]:         deleting file: C:\Program Files\NetBeans-2\netbeans\platform\docs\junit-jupiter-engine-5.6.0-sources.jar
[2025-02-18 19:43:34.656]:         deleting file: C:\Program Files\NetBeans-2\netbeans\platform\docs\junit-jupiter-params-5.6.0-sources.jar
[2025-02-18 19:43:34.657]:         deleting file: C:\Program Files\NetBeans-2\netbeans\platform\docs\junit-jupiter-engine-5.6.0-javadoc.jar
[2025-02-18 19:43:34.658]:         deleting file: C:\Program Files\NetBeans-2\netbeans\platform\docs\junit-jupiter-params-5.6.0-javadoc.jar
[2025-02-18 19:43:34.658]:         deleting file: C:\Program Files\NetBeans-2\netbeans\platform\update_tracking\org-openide-filesystems.xml
[2025-02-18 19:43:34.659]:         deleting file: C:\Program Files\NetBeans-2\netbeans\platform\update_tracking\org-netbeans-api-search.xml
[2025-02-18 19:43:34.660]:         deleting file: C:\Program Files\NetBeans-2\netbeans\platform\update_tracking\org-netbeans-api-visual.xml
[2025-02-18 19:43:34.660]:         deleting file: C:\Program Files\NetBeans-2\netbeans\platform\update_tracking\org-netbeans-api-htmlui.xml
[2025-02-18 19:43:34.660]:         deleting file: C:\Program Files\NetBeans-2\netbeans\platform\update_tracking\org-netbeans-libs-felix.xml
[2025-02-18 19:43:34.661]:         deleting file: C:\Program Files\NetBeans-2\netbeans\platform\update_tracking\org-netbeans-html-xhr4j.xml
[2025-02-18 19:43:34.661]:         deleting file: C:\Program Files\NetBeans-2\netbeans\platform\update_tracking\org-netbeans-swing-plaf.xml
[2025-02-18 19:43:34.661]:         deleting file: C:\Program Files\NetBeans-2\netbeans\platform\update_tracking\org-netbeans-core-io-ui.xml
[2025-02-18 19:43:34.662]:         deleting file: C:\Program Files\NetBeans-2\netbeans\platform\update_tracking\org-netbeans-api-intent.xml
[2025-02-18 19:43:34.662]:         deleting file: C:\Program Files\NetBeans-2\netbeans\platform\update_tracking\org-openide-util-lookup.xml
[2025-02-18 19:43:34.662]:         deleting file: C:\Program Files\NetBeans-2\netbeans\platform\update_tracking\org-openide-util-ui-svg.xml
[2025-02-18 19:43:34.663]:         deleting file: C:\Program Files\NetBeans-2\netbeans\cpplite\modules\org-netbeans-modules-cpplite-kit.jar
[2025-02-18 19:43:34.663]:         deleting file: C:\Program Files\NetBeans-2\netbeans\ide\config\Modules\org-netbeans-modules-db-mysql.xml
[2025-02-18 19:43:34.664]:         deleting file: C:\Program Files\NetBeans-2\netbeans\ide\config\Modules\org-netbeans-modules-xml-text.xml
[2025-02-18 19:43:34.664]:         deleting file: C:\Program Files\NetBeans-2\netbeans\ide\config\Modules\org-netbeans-modules-gototest.xml
[2025-02-18 19:43:34.664]:         deleting file: C:\Program Files\NetBeans-2\netbeans\ide\config\Modules\org-netbeans-modules-terminal.xml
[2025-02-18 19:43:34.666]:         deleting file: C:\Program Files\NetBeans-2\netbeans\ide\config\Modules\org-netbeans-spi-editor-hints.xml
[2025-02-18 19:43:34.666]:         deleting file: C:\Program Files\NetBeans-2\netbeans\ide\config\Modules\org-netbeans-swing-dirchooser.xml
[2025-02-18 19:43:34.667]:         deleting file: C:\Program Files\NetBeans-2\netbeans\ide\config\Modules\org-netbeans-modules-defaults.xml
[2025-02-18 19:43:34.667]:         deleting file: C:\Program Files\NetBeans-2\netbeans\ide\config\Modules\org-netbeans-modules-xml-core.xml
[2025-02-18 19:43:34.667]:         deleting file: C:\Program Files\NetBeans-2\netbeans\ide\config\Modules\org-netbeans-libs-json_simple.xml
[2025-02-18 19:43:34.668]:         deleting file: C:\Program Files\NetBeans-2\netbeans\ide\config\Modules\org-netbeans-modules-bugzilla.xml
[2025-02-18 19:43:34.668]:         deleting file: C:\Program Files\NetBeans-2\netbeans\ide\config\Modules\org-netbeans-modules-css-prep.xml
[2025-02-18 19:43:34.669]:         deleting file: C:\Program Files\NetBeans-2\netbeans\ide\config\Modules\org-netbeans-modules-markdown.xml
[2025-02-18 19:43:34.670]:         deleting file: C:\Program Files\NetBeans-2\netbeans\ide\config\Modules\org-eclipse-mylyn-commons-net.xml
[2025-02-18 19:43:34.670]:         deleting file: C:\Program Files\NetBeans-2\netbeans\ide\config\Modules\org-apache-commons-httpclient.xml
[2025-02-18 19:43:34.671]:         deleting file: C:\Program Files\NetBeans-2\netbeans\ide\config\Modules\org-netbeans-libs-commons_net.xml
[2025-02-18 19:43:34.672]:         deleting file: C:\Program Files\NetBeans-2\netbeans\ide\config\Modules\org-netbeans-modules-team-ide.xml
[2025-02-18 19:43:34.672]:         deleting file: C:\Program Files\NetBeans-2\netbeans\ide\modules\org-netbeans-modules-dlight-terminal.jar
[2025-02-18 19:43:34.673]:         deleting file: C:\Program Files\NetBeans-2\netbeans\ide\modules\lib\aarch64\junixsocket-native-2.5.1.dll
[2025-02-18 19:43:34.673]:         deleting file: C:\Program Files\NetBeans-2\netbeans\ide\modules\org-netbeans-modules-versioning-util.jar
[2025-02-18 19:43:34.674]:         deleting file: C:\Program Files\NetBeans-2\netbeans\ide\modules\org-netbeans-modules-editor-settings.jar
[2025-02-18 19:43:34.676]:         deleting file: C:\Program Files\NetBeans-2\netbeans\ide\modules\org-netbeans-modules-editor-document.jar
[2025-02-18 19:43:34.677]:         deleting file: C:\Program Files\NetBeans-2\netbeans\ide\modules\org-netbeans-modules-refactoring-api.jar
[2025-02-18 19:43:34.678]:         deleting file: C:\Program Files\NetBeans-2\netbeans\ide\modules\org-netbeans-modules-html-validation.jar
[2025-02-18 19:43:34.679]:         deleting file: C:\Program Files\NetBeans-2\netbeans\ide\modules\org-netbeans-modules-hudson-tasklist.jar
[2025-02-18 19:43:34.679]:         deleting file: C:\Program Files\NetBeans-2\netbeans\ide\modules\org-netbeans-modules-nativeimage-api.jar
[2025-02-18 19:43:34.681]:         deleting file: C:\Program Files\NetBeans-2\netbeans\ide\modules\org-netbeans-modules-html-editor-lib.jar
[2025-02-18 19:43:34.683]:         deleting file: C:\Program Files\NetBeans-2\netbeans\ide\modules\org-netbeans-modules-target-iterator.jar
[2025-02-18 19:43:34.683]:         deleting file: C:\Program Files\NetBeans-2\netbeans\ide\modules\ext\flexmark-ext-gfm-tasklist-0.64.8.jar
[2025-02-18 19:43:34.685]:         deleting file: C:\Program Files\NetBeans-2\netbeans\ide\modules\ext\org.eclipse.lsp4j.jsonrpc-0.13.0.jar
[2025-02-18 19:43:34.686]:         deleting file: C:\Program Files\NetBeans-2\netbeans\ide\modules\docs\org-netbeans-modules-usersguide.jar
[2025-02-18 19:43:34.686]:         deleting file: C:\Program Files\NetBeans-2\netbeans\ide\modules\org-netbeans-modules-versioning-core.jar
[2025-02-18 19:43:34.687]:         deleting file: C:\Program Files\NetBeans-2\netbeans\ide\modules\org-netbeans-modules-web-browser-api.jar
[2025-02-18 19:43:34.687]:         deleting file: C:\Program Files\NetBeans-2\netbeans\ide\modules\org-netbeans-modules-editor-autosave.jar
[2025-02-18 19:43:34.688]:         deleting file: C:\Program Files\NetBeans-2\netbeans\ide\modules\dict\wordlist-en_US-large-2017.08.24.zip
[2025-02-18 19:43:34.690]:         deleting file: C:\Program Files\NetBeans-2\netbeans\ide\modules\dict\wordlist-en_GB-large-2017.08.24.zip
[2025-02-18 19:43:34.690]:         deleting file: C:\Program Files\NetBeans-2\netbeans\ide\update_tracking\org-netbeans-spi-debugger-ui.xml
[2025-02-18 19:43:34.691]:         deleting file: C:\Program Files\NetBeans-2\netbeans\ide\update_tracking\org-netbeans-libs-freemarker.xml
[2025-02-18 19:43:34.691]:         deleting file: C:\Program Files\NetBeans-2\netbeans\ide\update_tracking\org-eclipse-core-contenttype.xml
[2025-02-18 19:43:34.692]:         deleting file: C:\Program Files\NetBeans-2\netbeans\ide\update_tracking\org-netbeans-modules-db-core.xml
[2025-02-18 19:43:34.693]:         deleting file: C:\Program Files\NetBeans-2\netbeans\ide\update_tracking\org-netbeans-modules-xml-tax.xml
[2025-02-18 19:43:34.693]:         deleting file: C:\Program Files\NetBeans-2\netbeans\ide\update_tracking\org-netbeans-modules-csl-api.xml
[2025-02-18 19:43:34.694]:         deleting file: C:\Program Files\NetBeans-2\netbeans\ide\update_tracking\org-netbeans-libs-truffleapi.xml
[2025-02-18 19:43:34.695]:         deleting file: C:\Program Files\NetBeans-2\netbeans\ide\update_tracking\org-eclipse-equinox-registry.xml
[2025-02-18 19:43:34.695]:         deleting file: C:\Program Files\NetBeans-2\netbeans\ide\update_tracking\org-netbeans-modules-css-lib.xml
[2025-02-18 19:43:34.696]:         deleting file: C:\Program Files\NetBeans-2\netbeans\ide\update_tracking\org-netbeans-modules-xml-xam.xml
[2025-02-18 19:43:34.696]:         deleting file: C:\Program Files\NetBeans-2\netbeans\ide\update_tracking\org-netbeans-modules-xml-axi.xml
[2025-02-18 19:43:34.697]:         deleting file: C:\Program Files\NetBeans-2\netbeans\ide\update_tracking\org-netbeans-modules-ide-kit.xml
[2025-02-18 19:43:34.697]:         deleting file: C:\Program Files\NetBeans-2\netbeans\ide\update_tracking\org-eclipse-equinox-security.xml
[2025-02-18 19:43:34.697]:         deleting file: C:\Program Files\NetBeans-2\netbeans\ide\update_tracking\org-eclipse-mylyn-tasks-core.xml
[2025-02-18 19:43:34.698]:         deleting file: C:\Program Files\NetBeans-2\netbeans\ide\update_tracking\org-netbeans-modules-xml-xdm.xml
[2025-02-18 19:43:34.698]:         deleting file: C:\Program Files\NetBeans-2\netbeans\ide\update_tracking\org-netbeans-modules-go-lang.xml
[2025-02-18 19:43:34.700]:         deleting file: C:\Program Files\NetBeans-2\netbeans\ide\bin\nativeexecution\MacOSX-x86_64\unbuffer.dylib
[2025-02-18 19:43:34.702]:         deleting file: C:\Program Files\NetBeans-2\netbeans\ide\bin\nativeexecution\Linux-sparc_64\process_start
[2025-02-18 19:43:34.704]:         deleting file: C:\Program Files\NetBeans-2\netbeans\ide\bin\nativeexecution\Windows-x86_64\process_start
[2025-02-18 19:43:34.705]:         deleting file: C:\Program Files\NetBeans-2\netbeans\ide\bin\nativeexecution\SunOS-sparc_64\process_start
[2025-02-18 19:43:34.706]:         deleting file: C:\Program Files\NetBeans-2\netbeans\ide\bin\nativeexecution\MacOSX-arm_64\unbuffer.dylib
[2025-02-18 19:43:34.707]:         deleting directory: C:\Program Files\NetBeans-2\netbeans\harness\nbi\stub\ext\components\products\helloworld
[2025-02-18 19:43:34.707]:         deleting file: C:\Program Files\NetBeans-2\netbeans\extide\modules\org-netbeans-modules-libs-gradle.jar
[2025-02-18 19:43:34.709]:         deleting file: C:\Program Files\NetBeans-2\netbeans\extide\modules\gradle\daemon-loader\settings.gradle
[2025-02-18 19:43:34.709]:         deleting file: C:\Program Files\NetBeans-2\netbeans\nb\update_tracking\org-netbeans-modules-welcome.xml
[2025-02-18 19:43:34.710]:         deleting file: C:\Program Files\NetBeans-2\netbeans\platform\config\ModuleAutoDeps\org-openide-util.xml
[2025-02-18 19:43:34.710]:         deleting file: C:\Program Files\NetBeans-2\netbeans\platform\config\ModuleAutoDeps\org-openide-text.xml
[2025-02-18 19:43:34.710]:         deleting file: C:\Program Files\NetBeans-2\netbeans\platform\config\Modules\org-netbeans-api-search.xml
[2025-02-18 19:43:34.711]:         deleting file: C:\Program Files\NetBeans-2\netbeans\platform\config\Modules\org-netbeans-api-visual.xml
[2025-02-18 19:43:34.711]:         deleting file: C:\Program Files\NetBeans-2\netbeans\platform\config\Modules\org-netbeans-api-htmlui.xml
[2025-02-18 19:43:34.712]:         deleting file: C:\Program Files\NetBeans-2\netbeans\platform\config\Modules\org-netbeans-libs-felix.xml
[2025-02-18 19:43:34.712]:         deleting file: C:\Program Files\NetBeans-2\netbeans\platform\config\Modules\org-netbeans-html-xhr4j.xml
[2025-02-18 19:43:34.713]:         deleting file: C:\Program Files\NetBeans-2\netbeans\platform\config\Modules\org-netbeans-swing-plaf.xml
[2025-02-18 19:43:34.713]:         deleting file: C:\Program Files\NetBeans-2\netbeans\platform\config\Modules\org-netbeans-core-io-ui.xml
[2025-02-18 19:43:34.713]:         deleting file: C:\Program Files\NetBeans-2\netbeans\platform\config\Modules\org-netbeans-api-intent.xml
[2025-02-18 19:43:34.714]:         deleting file: C:\Program Files\NetBeans-2\netbeans\platform\config\Modules\org-openide-util-ui-svg.xml
[2025-02-18 19:43:34.714]:         deleting file: C:\Program Files\NetBeans-2\netbeans\platform\modules\org-netbeans-modules-applemenu.jar
[2025-02-18 19:43:34.714]:         deleting file: C:\Program Files\NetBeans-2\netbeans\platform\modules\org-netbeans-swing-laf-flatlaf.jar
[2025-02-18 19:43:34.715]:         deleting file: C:\Program Files\NetBeans-2\netbeans\platform\modules\ext\junit-jupiter-params-5.6.0.jar
[2025-02-18 19:43:34.715]:         deleting file: C:\Program Files\NetBeans-2\netbeans\platform\modules\ext\org.eclipse.osgi_3.9.1.nb9.jar
[2025-02-18 19:43:34.716]:         deleting file: C:\Program Files\NetBeans-2\netbeans\platform\modules\ext\junit-jupiter-engine-5.6.0.jar
[2025-02-18 19:43:34.716]:         deleting file: C:\Program Files\NetBeans-2\netbeans\platform\modules\org-netbeans-libs-jna-platform.jar
[2025-02-18 19:43:34.716]:         deleting file: C:\Program Files\NetBeans-2\netbeans\platform\modules\org-netbeans-core-nativeaccess.jar
[2025-02-18 19:43:34.717]:         deleting file: C:\Program Files\NetBeans-2\netbeans\platform\modules\org-netbeans-modules-templates.jar
[2025-02-18 19:43:34.717]:         deleting file: C:\Program Files\NetBeans-2\netbeans\platform\modules\org-netbeans-modules-favorites.jar
[2025-02-18 19:43:34.717]:         deleting file: C:\Program Files\NetBeans-2\netbeans\platform\modules\org-netbeans-modules-uihandler.jar
[2025-02-18 19:43:34.718]:         deleting file: C:\Program Files\NetBeans-2\netbeans\platform\update_tracking\org-netbeans-html-ko4j.xml
[2025-02-18 19:43:34.718]:         deleting file: C:\Program Files\NetBeans-2\netbeans\platform\update_tracking\org-netbeans-core-osgi.xml
[2025-02-18 19:43:34.718]:         deleting file: C:\Program Files\NetBeans-2\netbeans\platform\update_tracking\org-netbeans-libs-osgi.xml
[2025-02-18 19:43:34.719]:         deleting file: C:\Program Files\NetBeans-2\netbeans\platform\update_tracking\org-netbeans-bootstrap.xml
[2025-02-18 19:43:34.719]:         deleting file: C:\Program Files\NetBeans-2\netbeans\ide\config\Modules\org-netbeans-spi-debugger-ui.xml
[2025-02-18 19:43:34.722]:         deleting file: C:\Program Files\NetBeans-2\netbeans\ide\config\Modules\org-netbeans-libs-freemarker.xml
[2025-02-18 19:43:34.723]:         deleting file: C:\Program Files\NetBeans-2\netbeans\ide\config\Modules\org-eclipse-core-contenttype.xml
[2025-02-18 19:43:34.723]:         deleting file: C:\Program Files\NetBeans-2\netbeans\ide\config\Modules\org-netbeans-modules-db-core.xml
[2025-02-18 19:43:34.723]:         deleting file: C:\Program Files\NetBeans-2\netbeans\ide\config\Modules\org-netbeans-modules-xml-tax.xml
[2025-02-18 19:43:34.724]:         deleting file: C:\Program Files\NetBeans-2\netbeans\ide\config\Modules\org-netbeans-modules-csl-api.xml
[2025-02-18 19:43:34.724]:         deleting file: C:\Program Files\NetBeans-2\netbeans\ide\config\Modules\org-netbeans-libs-truffleapi.xml
[2025-02-18 19:43:34.724]:         deleting file: C:\Program Files\NetBeans-2\netbeans\ide\config\Modules\org-eclipse-equinox-registry.xml
[2025-02-18 19:43:34.724]:         deleting file: C:\Program Files\NetBeans-2\netbeans\ide\config\Modules\org-netbeans-modules-css-lib.xml
[2025-02-18 19:43:34.725]:         deleting file: C:\Program Files\NetBeans-2\netbeans\ide\config\Modules\org-netbeans-modules-xml-xam.xml
[2025-02-18 19:43:34.725]:         deleting file: C:\Program Files\NetBeans-2\netbeans\ide\config\Modules\org-netbeans-modules-xml-axi.xml
[2025-02-18 19:43:34.726]:         deleting file: C:\Program Files\NetBeans-2\netbeans\ide\config\Modules\org-netbeans-modules-ide-kit.xml
[2025-02-18 19:43:34.726]:         deleting file: C:\Program Files\NetBeans-2\netbeans\ide\config\Modules\org-eclipse-equinox-security.xml
[2025-02-18 19:43:34.727]:         deleting file: C:\Program Files\NetBeans-2\netbeans\ide\config\Modules\org-eclipse-mylyn-tasks-core.xml
[2025-02-18 19:43:34.728]:         deleting file: C:\Program Files\NetBeans-2\netbeans\ide\config\Modules\org-netbeans-modules-xml-xdm.xml
[2025-02-18 19:43:34.729]:         deleting file: C:\Program Files\NetBeans-2\netbeans\ide\config\Modules\org-netbeans-modules-go-lang.xml
[2025-02-18 19:43:34.729]:         deleting file: C:\Program Files\NetBeans-2\netbeans\ide\modules\org-netbeans-modules-parsing-lucene.jar
[2025-02-18 19:43:34.729]:         deleting file: C:\Program Files\NetBeans-2\netbeans\ide\modules\org-netbeans-modules-project-ant-ui.jar
[2025-02-18 19:43:34.730]:         deleting file: C:\Program Files\NetBeans-2\netbeans\ide\modules\org-netbeans-modules-gsf-testrunner.jar
[2025-02-18 19:43:34.730]:         deleting file: C:\Program Files\NetBeans-2\netbeans\ide\modules\org-netbeans-modules-languages-yaml.jar
[2025-02-18 19:43:34.731]:         deleting file: C:\Program Files\NetBeans-2\netbeans\ide\modules\org-netbeans-modules-languages-toml.jar
[2025-02-18 19:43:34.731]:         deleting file: C:\Program Files\NetBeans-2\netbeans\ide\modules\org-netbeans-core-multitabs-project.jar
[2025-02-18 19:43:34.731]:         deleting file: C:\Program Files\NetBeans-2\netbeans\ide\modules\org-netbeans-modules-editor-actions.jar
[2025-02-18 19:43:34.732]:         deleting file: C:\Program Files\NetBeans-2\netbeans\ide\modules\ext\flexmark-util-collection-0.64.8.jar
[2025-02-18 19:43:34.732]:         deleting file: C:\Program Files\NetBeans-2\netbeans\ide\modules\ext\flexmark-util-dependency-0.64.8.jar
[2025-02-18 19:43:34.733]:         deleting file: C:\Program Files\NetBeans-2\netbeans\ide\modules\ext\junixsocket-native-common-2.5.1.jar
[2025-02-18 19:43:34.733]:         deleting file: C:\Program Files\NetBeans-2\netbeans\ide\modules\org-netbeans-modules-languages-diff.jar
[2025-02-18 19:43:34.733]:         deleting file: C:\Program Files\NetBeans-2\netbeans\ide\modules\org-netbeans-modules-textmate-lexer.jar
[2025-02-18 19:43:34.734]:         deleting file: C:\Program Files\NetBeans-2\netbeans\ide\modules\org-netbeans-modules-options-editor.jar
[2025-02-18 19:43:34.734]:         deleting file: C:\Program Files\NetBeans-2\netbeans\ide\modules\org-netbeans-modules-jellytools-ide.jar
[2025-02-18 19:43:34.734]:         deleting file: C:\Program Files\NetBeans-2\netbeans\ide\modules\org-netbeans-modules-xml-wsdl-model.jar
[2025-02-18 19:43:34.738]:         deleting file: C:\Program Files\NetBeans-2\netbeans\ide\modules\org-netbeans-modules-xml-catalog-ui.jar
[2025-02-18 19:43:34.739]:         deleting file: C:\Program Files\NetBeans-2\netbeans\ide\modules\org-netbeans-modules-lexer-nbbridge.jar
[2025-02-18 19:43:34.739]:         deleting file: C:\Program Files\NetBeans-2\netbeans\ide\update_tracking\org-netbeans-modules-db-kit.xml
[2025-02-18 19:43:34.739]:         deleting file: C:\Program Files\NetBeans-2\netbeans\ide\update_tracking\org-netbeans-modules-jumpto.xml
[2025-02-18 19:43:34.740]:         deleting file: C:\Program Files\NetBeans-2\netbeans\ide\update_tracking\org-netbeans-modules-server.xml
[2025-02-18 19:43:34.740]:         deleting file: C:\Program Files\NetBeans-2\netbeans\ide\update_tracking\org-netbeans-modules-editor.xml
[2025-02-18 19:43:34.741]:         deleting file: C:\Program Files\NetBeans-2\netbeans\ide\update_tracking\org-netbeans-modules-hudson.xml
[2025-02-18 19:43:34.741]:         deleting file: C:\Program Files\NetBeans-2\netbeans\ide\bin\nativeexecution\MacOSX-x86_64\process_start
[2025-02-18 19:43:34.742]:         deleting file: C:\Program Files\NetBeans-2\netbeans\ide\bin\nativeexecution\Windows-x86_64\unbuffer.dll
[2025-02-18 19:43:34.742]:         deleting file: C:\Program Files\NetBeans-2\netbeans\ide\bin\nativeexecution\MacOSX-arm_64\process_start
[2025-02-18 19:43:34.743]:         deleting file: C:\Program Files\NetBeans-2\netbeans\ide\bin\nativeexecution\Linux-aarch64\process_start
[2025-02-18 19:43:34.743]:         deleting file: C:\Program Files\NetBeans-2\netbeans\nb\config\Modules\org-netbeans-modules-welcome.xml
[2025-02-18 19:43:34.744]:         deleting file: C:\Program Files\NetBeans-2\netbeans\nb\modules\locale\org-netbeans-core-windows_nb.jar
[2025-02-18 19:43:34.744]:         deleting file: C:\Program Files\NetBeans-2\netbeans\nb\modules\locale\org-netbeans-core-netigso_nb.jar
[2025-02-18 19:43:34.745]:         deleting file: C:\Program Files\NetBeans-2\netbeans\platform\config\Modules\org-netbeans-html-ko4j.xml
[2025-02-18 19:43:34.745]:         deleting file: C:\Program Files\NetBeans-2\netbeans\platform\config\Modules\org-netbeans-core-osgi.xml
[2025-02-18 19:43:34.745]:         deleting file: C:\Program Files\NetBeans-2\netbeans\platform\config\Modules\org-netbeans-libs-osgi.xml
[2025-02-18 19:43:34.746]:         deleting file: C:\Program Files\NetBeans-2\netbeans\platform\modules\org-netbeans-modules-masterfs.jar
[2025-02-18 19:43:34.746]:         deleting file: C:\Program Files\NetBeans-2\netbeans\platform\modules\org-netbeans-modules-junitlib.jar
[2025-02-18 19:43:34.747]:         deleting file: C:\Program Files\NetBeans-2\netbeans\platform\modules\org-netbeans-modules-netbinox.jar
[2025-02-18 19:43:34.747]:         deleting file: C:\Program Files\NetBeans-2\netbeans\platform\modules\lib\libflatlaf-macos-x86_64.dylib
[2025-02-18 19:43:34.748]:         deleting file: C:\Program Files\NetBeans-2\netbeans\platform\modules\org-netbeans-modules-core-kit.jar
[2025-02-18 19:43:34.749]:         deleting file: C:\Program Files\NetBeans-2\netbeans\platform\modules\org-openide-execution-compat8.jar
[2025-02-18 19:43:34.749]:         deleting file: C:\Program Files\NetBeans-2\netbeans\platform\modules\org-netbeans-modules-sendopts.jar
[2025-02-18 19:43:34.749]:         deleting file: C:\Program Files\NetBeans-2\netbeans\platform\modules\org-apache-commons-commons_io.jar
[2025-02-18 19:43:34.749]:         deleting file: C:\Program Files\NetBeans-2\netbeans\platform\modules\org-netbeans-modules-settings.jar
[2025-02-18 19:43:34.750]:         deleting file: C:\Program Files\NetBeans-2\netbeans\platform\modules\org-netbeans-modules-javahelp.jar
[2025-02-18 19:43:34.750]:         deleting file: C:\Program Files\NetBeans-2\netbeans\platform\modules\org-netbeans-swing-tabcontrol.jar
[2025-02-18 19:43:34.751]:         deleting file: C:\Program Files\NetBeans-2\netbeans\platform\update_tracking\org-netbeans-libs-jna.xml
[2025-02-18 19:43:34.751]:         deleting file: C:\Program Files\NetBeans-2\netbeans\platform\update_tracking\net-java-html-boot-fx.xml
[2025-02-18 19:43:34.753]:         deleting file: C:\Program Files\NetBeans-2\netbeans\platform\update_tracking\org-openide-execution.xml
[2025-02-18 19:43:34.754]:         deleting file: C:\Program Files\NetBeans-2\netbeans\platform\update_tracking\org-netbeans-libs-asm.xml
[2025-02-18 19:43:34.754]:         deleting file: C:\Program Files\NetBeans-2\netbeans\ide\config\ModuleAutoDeps\org-netbeans-api-xml.xml
[2025-02-18 19:43:34.754]:         deleting file: C:\Program Files\NetBeans-2\netbeans\ide\config\Modules\org-netbeans-modules-db-kit.xml
[2025-02-18 19:43:34.755]:         deleting file: C:\Program Files\NetBeans-2\netbeans\ide\config\Modules\org-netbeans-modules-jumpto.xml
[2025-02-18 19:43:34.755]:         deleting file: C:\Program Files\NetBeans-2\netbeans\ide\config\Modules\org-netbeans-modules-server.xml
[2025-02-18 19:43:34.755]:         deleting file: C:\Program Files\NetBeans-2\netbeans\ide\config\Modules\org-netbeans-modules-editor.xml
[2025-02-18 19:43:34.755]:         deleting file: C:\Program Files\NetBeans-2\netbeans\ide\config\Modules\org-netbeans-modules-hudson.xml
[2025-02-18 19:43:34.757]:         deleting file: C:\Program Files\NetBeans-2\netbeans\ide\modules\org-netbeans-modules-xml-retriever.jar
[2025-02-18 19:43:34.757]:         deleting file: C:\Program Files\NetBeans-2\netbeans\ide\modules\org-netbeans-libs-svnClientAdapter.jar
[2025-02-18 19:43:34.757]:         deleting file: C:\Program Files\NetBeans-2\netbeans\ide\modules\lib\amd64\junixsocket-native-2.5.1.dll
[2025-02-18 19:43:34.758]:         deleting file: C:\Program Files\NetBeans-2\netbeans\ide\modules\org-netbeans-modules-editor-search.jar
[2025-02-18 19:43:34.759]:         deleting file: C:\Program Files\NetBeans-2\netbeans\ide\modules\org-netbeans-libs-snakeyaml_engine.jar
[2025-02-18 19:43:34.759]:         deleting file: C:\Program Files\NetBeans-2\netbeans\ide\modules\org-netbeans-modules-projectapi-nb.jar
[2025-02-18 19:43:34.759]:         deleting file: C:\Program Files\NetBeans-2\netbeans\ide\modules\org-netbeans-modules-docker-editor.jar
[2025-02-18 19:43:34.760]:         deleting file: C:\Program Files\NetBeans-2\netbeans\ide\modules\org-netbeans-modules-db-sql-editor.jar
[2025-02-18 19:43:34.760]:         deleting file: C:\Program Files\NetBeans-2\netbeans\ide\modules\org-netbeans-libs-commons_compress.jar
[2025-02-18 19:43:34.760]:         deleting file: C:\Program Files\NetBeans-2\netbeans\ide\modules\org-netbeans-modules-code-analysis.jar
[2025-02-18 19:43:34.760]:         deleting file: C:\Program Files\NetBeans-2\netbeans\ide\modules\org-netbeans-modules-xml-multiview.jar
[2025-02-18 19:43:34.761]:         deleting file: C:\Program Files\NetBeans-2\netbeans\ide\modules\org-netbeans-modules-versioning-ui.jar
[2025-02-18 19:43:34.761]:         deleting file: C:\Program Files\NetBeans-2\netbeans\ide\modules\org-netbeans-modules-editor-guards.jar
[2025-02-18 19:43:34.761]:         deleting file: C:\Program Files\NetBeans-2\netbeans\ide\modules\org-netbeans-modules-tasklist-todo.jar
[2025-02-18 19:43:34.761]:         deleting file: C:\Program Files\NetBeans-2\netbeans\ide\modules\org-netbeans-modules-editor-macros.jar
[2025-02-18 19:43:34.762]:         deleting file: C:\Program Files\NetBeans-2\netbeans\ide\modules\ext\org.eclipse.lsp4j.debug-0.13.0.jar
[2025-02-18 19:43:34.763]:         deleting file: C:\Program Files\NetBeans-2\netbeans\ide\modules\ext\flexmark-ext-anchorlink-0.64.8.jar
[2025-02-18 19:43:34.763]:         deleting file: C:\Program Files\NetBeans-2\netbeans\ide\modules\org-netbeans-modules-html-indexing.jar
[2025-02-18 19:43:34.764]:         deleting file: C:\Program Files\NetBeans-2\netbeans\ide\modules\org-netbeans-modules-editor-indent.jar
[2025-02-18 19:43:34.765]:         deleting file: C:\Program Files\NetBeans-2\netbeans\ide\modules\org-netbeans-modules-languages-hcl.jar
[2025-02-18 19:43:34.765]:         deleting file: C:\Program Files\NetBeans-2\netbeans\ide\modules\org-netbeans-modules-web-common-ui.jar
[2025-02-18 19:43:34.766]:         deleting file: C:\Program Files\NetBeans-2\netbeans\ide\modules\org-netbeans-modules-notifications.jar
[2025-02-18 19:43:34.768]:         deleting file: C:\Program Files\NetBeans-2\netbeans\ide\update_tracking\org-netbeans-libs-graalsdk.xml
[2025-02-18 19:43:34.770]:         deleting file: C:\Program Files\NetBeans-2\netbeans\ide\update_tracking\org-netbeans-modules-image.xml
[2025-02-18 19:43:34.771]:         deleting file: C:\Program Files\NetBeans-2\netbeans\ide\update_tracking\org-eclipse-equinox-common.xml
[2025-02-18 19:43:34.771]:         deleting file: C:\Program Files\NetBeans-2\netbeans\ide\update_tracking\org-netbeans-libs-jcodings.xml
[2025-02-18 19:43:34.772]:         deleting file: C:\Program Files\NetBeans-2\netbeans\ide\update_tracking\org-netbeans-modules-lexer.xml
[2025-02-18 19:43:34.772]:         deleting file: C:\Program Files\NetBeans-2\netbeans\ide\update_tracking\org-netbeans-libs-flexmark.xml
[2025-02-18 19:43:34.773]:         deleting file: C:\Program Files\NetBeans-2\netbeans\ide\update_tracking\org-netbeans-spi-viewmodel.xml
[2025-02-18 19:43:34.773]:         deleting file: C:\Program Files\NetBeans-2\netbeans\ide\update_tracking\org-netbeans-modules-derby.xml
[2025-02-18 19:43:34.773]:         deleting file: C:\Program Files\NetBeans-2\netbeans\ide\update_tracking\org-apache-ws-commons-util.xml
[2025-02-18 19:43:34.774]:         deleting file: C:\Program Files\NetBeans-2\netbeans\ide\update_tracking\org-netbeans-modules-dbapi.xml
[2025-02-18 19:43:34.774]:         deleting file: C:\Program Files\NetBeans-2\netbeans\ide\update_tracking\org-netbeans-spi-navigator.xml
[2025-02-18 19:43:34.775]:         deleting file: C:\Program Files\NetBeans-2\netbeans\ide\bin\nativeexecution\SunOS-x86_64\process_start
[2025-02-18 19:43:34.776]:         deleting file: C:\Program Files\NetBeans-2\netbeans\ide\bin\nativeexecution\Linux-sparc_64\unbuffer.so
[2025-02-18 19:43:34.776]:         deleting file: C:\Program Files\NetBeans-2\netbeans\ide\bin\nativeexecution\SunOS-sparc_64\unbuffer.so
[2025-02-18 19:43:34.777]:         deleting file: C:\Program Files\NetBeans-2\netbeans\ide\bin\nativeexecution\Linux-x86_64\process_start
[2025-02-18 19:43:34.777]:         deleting file: C:\Program Files\NetBeans-2\netbeans\nb\config\Preferences\org\netbeans\core.properties
[2025-02-18 19:43:34.778]:         deleting file: C:\Program Files\NetBeans-2\netbeans\extide\modules\gradle\netbeans-gradle-tooling.jar
[2025-02-18 19:43:34.778]:         deleting file: C:\Program Files\NetBeans-2\netbeans\nb\modules\org-netbeans-modules-updatecenters.jar
[2025-02-18 19:43:34.779]:         deleting file: C:\Program Files\NetBeans-2\netbeans\harness\modules\ext\nbi-registries-management.jar
[2025-02-18 19:43:34.779]:         deleting file: C:\Program Files\NetBeans-2\netbeans\harness\nbi\stub\ext\engine\nbproject\project.xml
[2025-02-18 19:43:34.779]:         deleting file: C:\Program Files\NetBeans-2\netbeans\harness\nbi\stub\ext\infra\build\engine\build.xml
[2025-02-18 19:43:34.780]:         deleting file: C:\Program Files\NetBeans-2\netbeans\platform\config\Modules\org-netbeans-libs-jna.xml
[2025-02-18 19:43:34.780]:         deleting file: C:\Program Files\NetBeans-2\netbeans\platform\config\Modules\net-java-html-boot-fx.xml
[2025-02-18 19:43:34.781]:         deleting file: C:\Program Files\NetBeans-2\netbeans\platform\config\Modules\org-openide-execution.xml
[2025-02-18 19:43:34.781]:         deleting file: C:\Program Files\NetBeans-2\netbeans\platform\modules\org-netbeans-modules-janitor.jar
[2025-02-18 19:43:34.781]:         deleting file: C:\Program Files\NetBeans-2\netbeans\platform\modules\org-netbeans-modules-queries.jar
[2025-02-18 19:43:34.782]:         deleting file: C:\Program Files\NetBeans-2\netbeans\platform\modules\lib\libflatlaf-macos-arm64.dylib
[2025-02-18 19:43:34.782]:         deleting file: C:\Program Files\NetBeans-2\netbeans\platform\modules\org-netbeans-libs-batik-read.jar
[2025-02-18 19:43:34.782]:         deleting file: C:\Program Files\NetBeans-2\netbeans\platform\modules\org-netbeans-modules-sampler.jar
[2025-02-18 19:43:34.783]:         deleting file: C:\Program Files\NetBeans-2\netbeans\platform\modules\org-netbeans-api-progress-nb.jar
[2025-02-18 19:43:34.783]:         deleting file: C:\Program Files\NetBeans-2\netbeans\platform\modules\org-netbeans-modules-keyring.jar
[2025-02-18 19:43:34.784]:         deleting file: C:\Program Files\NetBeans-2\netbeans\platform\modules\org-netbeans-spi-quicksearch.jar
[2025-02-18 19:43:34.784]:         deleting file: C:\Program Files\NetBeans-2\netbeans\platform\core\org-openide-filesystems-compat8.jar
[2025-02-18 19:43:34.785]:         deleting file: C:\Program Files\NetBeans-2\netbeans\platform\docs\junit-jupiter-api-5.6.0-sources.jar
[2025-02-18 19:43:34.786]:         deleting file: C:\Program Files\NetBeans-2\netbeans\platform\docs\junit-jupiter-api-5.6.0-javadoc.jar
[2025-02-18 19:43:34.786]:         deleting file: C:\Program Files\NetBeans-2\netbeans\platform\update_tracking\org-openide-explorer.xml
[2025-02-18 19:43:34.787]:         deleting file: C:\Program Files\NetBeans-2\netbeans\platform\update_tracking\org-netbeans-core-ui.xml
[2025-02-18 19:43:34.787]:         deleting file: C:\Program Files\NetBeans-2\netbeans\ide\config\Modules\org-netbeans-libs-graalsdk.xml
[2025-02-18 19:43:34.788]:         deleting file: C:\Program Files\NetBeans-2\netbeans\ide\config\Modules\org-netbeans-modules-image.xml
[2025-02-18 19:43:34.788]:         deleting file: C:\Program Files\NetBeans-2\netbeans\ide\config\Modules\org-eclipse-equinox-common.xml
[2025-02-18 19:43:34.788]:         deleting file: C:\Program Files\NetBeans-2\netbeans\ide\config\Modules\org-netbeans-libs-jcodings.xml
[2025-02-18 19:43:34.789]:         deleting file: C:\Program Files\NetBeans-2\netbeans\ide\config\Modules\org-netbeans-modules-lexer.xml
[2025-02-18 19:43:34.789]:         deleting file: C:\Program Files\NetBeans-2\netbeans\ide\config\Modules\org-netbeans-libs-flexmark.xml
[2025-02-18 19:43:34.790]:         deleting file: C:\Program Files\NetBeans-2\netbeans\ide\config\Modules\org-netbeans-spi-viewmodel.xml
[2025-02-18 19:43:34.790]:         deleting file: C:\Program Files\NetBeans-2\netbeans\ide\config\Modules\org-netbeans-modules-derby.xml
[2025-02-18 19:43:34.790]:         deleting file: C:\Program Files\NetBeans-2\netbeans\ide\config\Modules\org-apache-ws-commons-util.xml
[2025-02-18 19:43:34.790]:         deleting file: C:\Program Files\NetBeans-2\netbeans\ide\config\Modules\org-netbeans-modules-dbapi.xml
[2025-02-18 19:43:34.791]:         deleting file: C:\Program Files\NetBeans-2\netbeans\ide\config\Modules\org-netbeans-spi-navigator.xml
[2025-02-18 19:43:34.791]:         deleting file: C:\Program Files\NetBeans-2\netbeans\ide\modules\org-netbeans-modules-localhistory.jar
[2025-02-18 19:43:34.791]:         deleting file: C:\Program Files\NetBeans-2\netbeans\ide\modules\org-netbeans-lib-terminalemulator.jar
[2025-02-18 19:43:34.792]:         deleting file: C:\Program Files\NetBeans-2\netbeans\ide\modules\org-netbeans-modules-schema2beans.jar
[2025-02-18 19:43:34.792]:         deleting file: C:\Program Files\NetBeans-2\netbeans\ide\modules\org-netbeans-libs-graalsdk-system.jar
[2025-02-18 19:43:34.793]:         deleting file: C:\Program Files\NetBeans-2\netbeans\ide\modules\org-netbeans-core-browser-webview.jar
[2025-02-18 19:43:34.793]:         deleting file: C:\Program Files\NetBeans-2\netbeans\ide\modules\org-netbeans-modules-tasklist-kit.jar
[2025-02-18 19:43:34.793]:         deleting file: C:\Program Files\NetBeans-2\netbeans\ide\modules\org-netbeans-modules-team-commons.jar
[2025-02-18 19:43:34.794]:         deleting file: C:\Program Files\NetBeans-2\netbeans\ide\modules\org-netbeans-modules-extexecution.jar
[2025-02-18 19:43:34.794]:         deleting file: C:\Program Files\NetBeans-2\netbeans\ide\modules\ext\generated-wsdl-xsd-2004.08.24.jar
[2025-02-18 19:43:34.795]:         deleting file: C:\Program Files\NetBeans-2\netbeans\ide\modules\ext\flexmark-util-sequence-0.64.8.jar
[2025-02-18 19:43:34.796]:         deleting file: C:\Program Files\NetBeans-2\netbeans\ide\modules\org-netbeans-modules-lexer-antlr4.jar
[2025-02-18 19:43:34.800]:         deleting file: C:\Program Files\NetBeans-2\netbeans\ide\modules\org-netbeans-modules-projectuiapi.jar
[2025-02-18 19:43:34.800]:         deleting file: C:\Program Files\NetBeans-2\netbeans\ide\modules\org-netbeans-modules-print-editor.jar
[2025-02-18 19:43:34.800]:         deleting file: C:\Program Files\NetBeans-2\netbeans\ide\modules\org-netbeans-libs-jsch-agentproxy.jar
[2025-02-18 19:43:34.800]:         deleting file: C:\Program Files\NetBeans-2\netbeans\ide\modules\org-netbeans-modules-spellchecker.jar
[2025-02-18 19:43:34.800]:         deleting file: C:\Program Files\NetBeans-2\netbeans\ide\modules\org-netbeans-modules-languages-go.jar
[2025-02-18 19:43:34.801]:         deleting file: C:\Program Files\NetBeans-2\netbeans\ide\modules\org-netbeans-modules-xml-jaxb-api.jar
[2025-02-18 19:43:34.802]:         deleting file: C:\Program Files\NetBeans-2\netbeans\ide\modules\org-netbeans-modules-editor-plain.jar
[2025-02-18 19:43:34.802]:         deleting file: C:\Program Files\NetBeans-2\netbeans\ide\update_tracking\org-netbeans-core-browser.xml
[2025-02-18 19:43:34.802]:         deleting file: C:\Program Files\NetBeans-2\netbeans\ide\update_tracking\org-netbeans-modules-diff.xml
[2025-02-18 19:43:34.803]:         deleting file: C:\Program Files\NetBeans-2\netbeans\ide\update_tracking\org-netbeans-api-debugger.xml
[2025-02-18 19:43:34.803]:         deleting file: C:\Program Files\NetBeans-2\netbeans\ide\update_tracking\org-eclipse-jgit-ssh-jsch.xml
[2025-02-18 19:43:34.803]:         deleting file: C:\Program Files\NetBeans-2\netbeans\ide\update_tracking\org-netbeans-spi-tasklist.xml
[2025-02-18 19:43:34.804]:         deleting file: C:\Program Files\NetBeans-2\netbeans\ide\update_tracking\org-netbeans-modules-html.xml
[2025-02-18 19:43:34.805]:         deleting file: C:\Program Files\NetBeans-2\netbeans\ide\bin\nativeexecution\Windows-x86\process_start
[2025-02-18 19:43:34.806]:         deleting file: C:\Program Files\NetBeans-2\netbeans\ide\bin\nativeexecution\MacOSX-x86\unbuffer.dylib
[2025-02-18 19:43:34.806]:         deleting file: C:\Program Files\NetBeans-2\netbeans\ide\bin\nativeexecution\Linux-aarch64\unbuffer.so
[2025-02-18 19:43:34.806]:         deleting file: C:\Program Files\NetBeans-2\netbeans\extide\modules\gradle\daemon-loader\build.gradle
[2025-02-18 19:43:34.807]:         deleting file: C:\Program Files\NetBeans-2\netbeans\nb\modules\org-netbeans-modules-ide-branding.jar
[2025-02-18 19:43:34.807]:         deleting file: C:\Program Files\NetBeans-2\netbeans\nb\modules\locale\org-netbeans-swing-plaf_nb.jar
[2025-02-18 19:43:34.808]:         deleting file: C:\Program Files\NetBeans-2\netbeans\harness\modules\org-netbeans-libs-nbi-engine.jar
[2025-02-18 19:43:34.808]:         deleting file: C:\Program Files\NetBeans-2\netbeans\harness\modules\org-netbeans-modules-nbjunit.jar
[2025-02-18 19:43:34.808]:         deleting file: C:\Program Files\NetBeans-2\netbeans\harness\modules\ext\org-netbeans-insane-hook.jar
[2025-02-18 19:43:34.809]:         deleting file: C:\Program Files\NetBeans-2\netbeans\platform\config\Modules\org-openide-explorer.xml
[2025-02-18 19:43:34.809]:         deleting file: C:\Program Files\NetBeans-2\netbeans\platform\config\Modules\org-netbeans-core-ui.xml
[2025-02-18 19:43:34.809]:         deleting file: C:\Program Files\NetBeans-2\netbeans\platform\modules\org-netbeans-modules-htmlui.jar
[2025-02-18 19:43:34.810]:         deleting file: C:\Program Files\NetBeans-2\netbeans\platform\modules\ext\xmlgraphics-commons-2.9.jar
[2025-02-18 19:43:34.810]:         deleting file: C:\Program Files\NetBeans-2\netbeans\platform\modules\ext\junit-jupiter-api-5.6.0.jar
[2025-02-18 19:43:34.810]:         deleting file: C:\Program Files\NetBeans-2\netbeans\platform\modules\org-netbeans-core-execution.jar
[2025-02-18 19:43:34.811]:         deleting file: C:\Program Files\NetBeans-2\netbeans\platform\modules\org-netbeans-core-multiview.jar
[2025-02-18 19:43:34.811]:         deleting file: C:\Program Files\NetBeans-2\netbeans\platform\modules\org-netbeans-swing-laf-dark.jar
[2025-02-18 19:43:34.815]:         deleting file: C:\Program Files\NetBeans-2\netbeans\platform\modules\org-netbeans-core-multitabs.jar
[2025-02-18 19:43:34.815]:         deleting file: C:\Program Files\NetBeans-2\netbeans\platform\update_tracking\org-netbeans-api-io.xml
[2025-02-18 19:43:34.816]:         deleting file: C:\Program Files\NetBeans-2\netbeans\platform\update_tracking\net-java-html-sound.xml
[2025-02-18 19:43:34.816]:         deleting file: C:\Program Files\NetBeans-2\netbeans\platform\update_tracking\org-openide-util-ui.xml
[2025-02-18 19:43:34.816]:         deleting file: C:\Program Files\NetBeans-2\netbeans\platform\update_tracking\org-openide-actions.xml
[2025-02-18 19:43:34.817]:         deleting file: C:\Program Files\NetBeans-2\netbeans\platform\update_tracking\org-openide-modules.xml
[2025-02-18 19:43:34.817]:         deleting file: C:\Program Files\NetBeans-2\netbeans\platform\update_tracking\org-openide-options.xml
[2025-02-18 19:43:34.817]:         deleting file: C:\Program Files\NetBeans-2\netbeans\platform\update_tracking\org-openide-loaders.xml
[2025-02-18 19:43:34.818]:         deleting file: C:\Program Files\NetBeans-2\netbeans\platform\update_tracking\org-openide-dialogs.xml
[2025-02-18 19:43:34.818]:         deleting file: C:\Program Files\NetBeans-2\netbeans\platform\update_tracking\org-openide-windows.xml
[2025-02-18 19:43:34.818]:         deleting file: C:\Program Files\NetBeans-2\netbeans\ide\config\Modules\org-netbeans-core-browser.xml
[2025-02-18 19:43:34.819]:         deleting file: C:\Program Files\NetBeans-2\netbeans\ide\config\Modules\org-netbeans-modules-diff.xml
[2025-02-18 19:43:34.820]:         deleting file: C:\Program Files\NetBeans-2\netbeans\ide\config\Modules\org-netbeans-api-debugger.xml
[2025-02-18 19:43:34.820]:         deleting file: C:\Program Files\NetBeans-2\netbeans\ide\config\Modules\org-eclipse-jgit-ssh-jsch.xml
[2025-02-18 19:43:34.821]:         deleting file: C:\Program Files\NetBeans-2\netbeans\ide\config\Modules\org-netbeans-spi-tasklist.xml
[2025-02-18 19:43:34.821]:         deleting file: C:\Program Files\NetBeans-2\netbeans\ide\config\Modules\org-netbeans-modules-html.xml
[2025-02-18 19:43:34.822]:         deleting file: C:\Program Files\NetBeans-2\netbeans\ide\modules\org-netbeans-modules-html-custom.jar
[2025-02-18 19:43:34.822]:         deleting file: C:\Program Files\NetBeans-2\netbeans\ide\modules\org-netbeans-libs-antlr4-runtime.jar
[2025-02-18 19:43:34.823]:         deleting file: C:\Program Files\NetBeans-2\netbeans\ide\modules\org-netbeans-modules-html-editor.jar
[2025-02-18 19:43:34.823]:         deleting file: C:\Program Files\NetBeans-2\netbeans\ide\modules\org-netbeans-modules-project-ant.jar
[2025-02-18 19:43:34.823]:         deleting file: C:\Program Files\NetBeans-2\netbeans\ide\modules\org-netbeans-modules-tasklist-ui.jar
[2025-02-18 19:43:34.824]:         deleting file: C:\Program Files\NetBeans-2\netbeans\ide\modules\org-netbeans-modules-html-parser.jar
[2025-02-18 19:43:34.824]:         deleting file: C:\Program Files\NetBeans-2\netbeans\ide\modules\org-netbeans-modules-xml-catalog.jar
[2025-02-18 19:43:34.824]:         deleting file: C:\Program Files\NetBeans-2\netbeans\ide\modules\org-netbeans-modules-parsing-api.jar
[2025-02-18 19:43:34.824]:         deleting file: C:\Program Files\NetBeans-2\netbeans\ide\modules\ext\flexmark-util-visitor-0.64.8.jar
[2025-02-18 19:43:34.824]:         deleting file: C:\Program Files\NetBeans-2\netbeans\ide\modules\ext\org.eclipse.xtend.lib-2.24.0.jar
[2025-02-18 19:43:34.825]:         deleting file: C:\Program Files\NetBeans-2\netbeans\ide\modules\ext\flexmark-util-builder-0.64.8.jar
[2025-02-18 19:43:34.825]:         deleting file: C:\Program Files\NetBeans-2\netbeans\ide\modules\com-googlecode-javaewah-JavaEWAH.jar
[2025-02-18 19:43:34.825]:         deleting file: C:\Program Files\NetBeans-2\netbeans\ide\modules\org-eclipse-mylyn-commons-xmlrpc.jar
[2025-02-18 19:43:34.826]:         deleting file: C:\Program Files\NetBeans-2\netbeans\ide\modules\org-netbeans-modules-editor-fold.jar
[2025-02-18 19:43:34.830]:         deleting file: C:\Program Files\NetBeans-2\netbeans\ide\modules\org-netbeans-modules-terminal-nb.jar
[2025-02-18 19:43:34.831]:         deleting file: C:\Program Files\NetBeans-2\netbeans\ide\modules\org-netbeans-libs-antlr3-runtime.jar
[2025-02-18 19:43:34.831]:         deleting file: C:\Program Files\NetBeans-2\netbeans\ide\modules\org-netbeans-modules-editor-util.jar
[2025-02-18 19:43:34.832]:         deleting file: C:\Program Files\NetBeans-2\netbeans\ide\modules\org-netbeans-modules-editor-lib2.jar
[2025-02-18 19:43:34.832]:         deleting file: C:\Program Files\NetBeans-2\netbeans\ide\modules\org-netbeans-modules-bugtracking.jar
[2025-02-18 19:43:34.832]:         deleting file: C:\Program Files\NetBeans-2\netbeans\ide\modules\org-netbeans-modules-db-dataview.jar
[2025-02-18 19:43:34.833]:         deleting file: C:\Program Files\NetBeans-2\netbeans\ide\docs\org\netbeans\modules\usersguide\ide.css
[2025-02-18 19:43:34.834]:         deleting file: C:\Program Files\NetBeans-2\netbeans\ide\update_tracking\org-netbeans-libs-lucene.xml
[2025-02-18 19:43:34.834]:         deleting file: C:\Program Files\NetBeans-2\netbeans\ide\update_tracking\org-netbeans-spi-palette.xml
[2025-02-18 19:43:34.834]:         deleting file: C:\Program Files\NetBeans-2\netbeans\ide\update_tracking\org-netbeans-modules-xsl.xml
[2025-02-18 19:43:34.835]:         deleting file: C:\Program Files\NetBeans-2\netbeans\ide\update_tracking\org-eclipse-core-runtime.xml
[2025-02-18 19:43:34.836]:         deleting file: C:\Program Files\NetBeans-2\netbeans\ide\update_tracking\org-netbeans-libs-xerces.xml
[2025-02-18 19:43:34.837]:         deleting file: C:\Program Files\NetBeans-2\netbeans\ide\update_tracking\org-netbeans-modules-git.xml
[2025-02-18 19:43:34.838]:         deleting file: C:\Program Files\NetBeans-2\netbeans\ide\update_tracking\org-netbeans-modules-xml.xml
[2025-02-18 19:43:34.838]:         deleting file: C:\Program Files\NetBeans-2\netbeans\ide\bin\nativeexecution\Windows-x86\unbuffer.dll
[2025-02-18 19:43:34.838]:         deleting file: C:\Program Files\NetBeans-2\netbeans\ide\bin\nativeexecution\SunOS-x86_64\unbuffer.so
[2025-02-18 19:43:34.839]:         deleting file: C:\Program Files\NetBeans-2\netbeans\ide\bin\nativeexecution\MacOSX-x86\process_start
[2025-02-18 19:43:34.839]:         deleting file: C:\Program Files\NetBeans-2\netbeans\ide\bin\nativeexecution\Linux-x86_64\unbuffer.so
[2025-02-18 19:43:34.840]:         deleting directory: C:\Program Files\NetBeans-2\netbeans\harness\nbi\stub\ext\engine\src\native\launcher
[2025-02-18 19:43:34.840]:         deleting file: C:\Program Files\NetBeans-2\netbeans\extide\ant\etc\checkstyle\checkstyle-frames.xsl
[2025-02-18 19:43:34.840]:         deleting file: C:\Program Files\NetBeans-2\netbeans\harness\update_tracking\org-netbeans-insane.xml
[2025-02-18 19:43:34.841]:         deleting file: C:\Program Files\NetBeans-2\netbeans\platform\config\Modules\org-netbeans-api-io.xml
[2025-02-18 19:43:34.841]:         deleting file: C:\Program Files\NetBeans-2\netbeans\platform\config\Modules\net-java-html-sound.xml
[2025-02-18 19:43:34.842]:         deleting file: C:\Program Files\NetBeans-2\netbeans\platform\config\Modules\org-openide-actions.xml
[2025-02-18 19:43:34.842]:         deleting file: C:\Program Files\NetBeans-2\netbeans\platform\config\Modules\org-openide-options.xml
[2025-02-18 19:43:34.842]:         deleting file: C:\Program Files\NetBeans-2\netbeans\platform\config\Modules\org-openide-loaders.xml
[2025-02-18 19:43:34.843]:         deleting file: C:\Program Files\NetBeans-2\netbeans\platform\config\Modules\org-openide-dialogs.xml
[2025-02-18 19:43:34.843]:         deleting file: C:\Program Files\NetBeans-2\netbeans\platform\config\Modules\org-openide-windows.xml
[2025-02-18 19:43:34.844]:         deleting file: C:\Program Files\NetBeans-2\netbeans\platform\modules\lib\aarch64\jnidispatch-nb.dll
[2025-02-18 19:43:34.845]:         deleting file: C:\Program Files\NetBeans-2\netbeans\platform\modules\lib\libflatlaf-linux-x86_64.so
[2025-02-18 19:43:34.846]:         deleting file: C:\Program Files\NetBeans-2\netbeans\platform\modules\lib\flatlaf-windows-x86_64.dll
[2025-02-18 19:43:34.847]:         deleting file: C:\Program Files\NetBeans-2\netbeans\platform\modules\org-netbeans-swing-outline.jar
[2025-02-18 19:43:34.847]:         deleting file: C:\Program Files\NetBeans-2\netbeans\platform\modules\org-openide-filesystems-nb.jar
[2025-02-18 19:43:34.848]:         deleting file: C:\Program Files\NetBeans-2\netbeans\platform\modules\org-apache-commons-logging.jar
[2025-02-18 19:43:34.848]:         deleting file: C:\Program Files\NetBeans-2\netbeans\platform\modules\org-netbeans-lib-uihandler.jar
[2025-02-18 19:43:34.848]:         deleting file: C:\Program Files\NetBeans-2\netbeans\platform\modules\org-netbeans-api-scripting.jar
[2025-02-18 19:43:34.849]:         deleting file: C:\Program Files\NetBeans-2\netbeans\platform\modules\org-netbeans-api-templates.jar
[2025-02-18 19:43:34.849]:         deleting file: C:\Program Files\NetBeans-2\netbeans\platform\modules\org-netbeans-modules-print.jar
[2025-02-18 19:43:34.849]:         deleting file: C:\Program Files\NetBeans-2\netbeans\platform\update_tracking\net-java-html-json.xml
[2025-02-18 19:43:34.850]:         deleting file: C:\Program Files\NetBeans-2\netbeans\platform\update_tracking\org-openide-compat.xml
[2025-02-18 19:43:34.850]:         deleting file: C:\Program Files\NetBeans-2\netbeans\platform\update_tracking\net-java-html-boot.xml
[2025-02-18 19:43:34.851]:         deleting file: C:\Program Files\NetBeans-2\netbeans\cpplite\modules\ext\cpplite-mi-f8f8250283be.jar
[2025-02-18 19:43:34.851]:         deleting file: C:\Program Files\NetBeans-2\netbeans\ide\config\Modules\org-netbeans-libs-lucene.xml
[2025-02-18 19:43:34.852]:         deleting file: C:\Program Files\NetBeans-2\netbeans\ide\config\Modules\org-netbeans-spi-palette.xml
[2025-02-18 19:43:34.852]:         deleting file: C:\Program Files\NetBeans-2\netbeans\ide\config\Modules\org-netbeans-modules-xsl.xml
[2025-02-18 19:43:34.853]:         deleting file: C:\Program Files\NetBeans-2\netbeans\ide\config\Modules\org-eclipse-core-runtime.xml
[2025-02-18 19:43:34.853]:         deleting file: C:\Program Files\NetBeans-2\netbeans\ide\config\Modules\org-netbeans-libs-xerces.xml
[2025-02-18 19:43:34.854]:         deleting file: C:\Program Files\NetBeans-2\netbeans\ide\config\Modules\org-netbeans-modules-git.xml
[2025-02-18 19:43:34.855]:         deleting file: C:\Program Files\NetBeans-2\netbeans\ide\config\Modules\org-netbeans-modules-xml.xml
[2025-02-18 19:43:34.855]:         deleting file: C:\Program Files\NetBeans-2\netbeans\ide\modules\libs-c-kohlschutter-junixsocket.jar
[2025-02-18 19:43:34.856]:         deleting file: C:\Program Files\NetBeans-2\netbeans\ide\modules\org-netbeans-modules-editor-lib.jar
[2025-02-18 19:43:34.856]:         deleting file: C:\Program Files\NetBeans-2\netbeans\ide\modules\org-netbeans-modules-hudson-git.jar
[2025-02-18 19:43:34.856]:         deleting file: C:\Program Files\NetBeans-2\netbeans\ide\modules\org-netbeans-modules-lsp-client.jar
[2025-02-18 19:43:34.857]:         deleting file: C:\Program Files\NetBeans-2\netbeans\ide\modules\org-netbeans-api-java-classpath.jar
[2025-02-18 19:43:34.857]:         deleting file: C:\Program Files\NetBeans-2\netbeans\ide\modules\org-netbeans-modules-subversion.jar
[2025-02-18 19:43:34.857]:         deleting file: C:\Program Files\NetBeans-2\netbeans\ide\modules\org-netbeans-modules-css-visual.jar
[2025-02-18 19:43:34.858]:         deleting file: C:\Program Files\NetBeans-2\netbeans\ide\modules\org-netbeans-modules-parsing-ui.jar
[2025-02-18 19:43:34.858]:         deleting file: C:\Program Files\NetBeans-2\netbeans\ide\modules\org-netbeans-modules-mylyn-util.jar
[2025-02-18 19:43:34.859]:         deleting file: C:\Program Files\NetBeans-2\netbeans\ide\modules\org-netbeans-modules-versioning.jar
[2025-02-18 19:43:34.860]:         deleting file: C:\Program Files\NetBeans-2\netbeans\ide\modules\ext\flexmark-util-format-0.64.8.jar
[2025-02-18 19:43:34.860]:         deleting file: C:\Program Files\NetBeans-2\netbeans\ide\modules\org-eclipse-mylyn-wikitext-core.jar
[2025-02-18 19:43:34.862]:         deleting file: C:\Program Files\NetBeans-2\netbeans\ide\modules\org-netbeans-modules-editor-kit.jar
[2025-02-18 19:43:34.862]:         deleting file: C:\Program Files\NetBeans-2\netbeans\ide\modules\org-netbeans-modules-web-common.jar
[2025-02-18 19:43:34.863]:         deleting file: C:\Program Files\NetBeans-2\netbeans\ide\modules\org-netbeans-modules-web-indent.jar
[2025-02-18 19:43:34.863]:         deleting file: C:\Program Files\NetBeans-2\netbeans\ide\modules\org-netbeans-modules-usersguide.jar
[2025-02-18 19:43:34.863]:         deleting file: C:\Program Files\NetBeans-2\netbeans\ide\modules\org-netbeans-modules-servletapi.jar
[2025-02-18 19:43:34.864]:         deleting file: C:\Program Files\NetBeans-2\netbeans\ide\modules\org-netbeans-modules-css-editor.jar
[2025-02-18 19:43:34.864]:         deleting file: C:\Program Files\NetBeans-2\netbeans\ide\modules\org-netbeans-modules-db-drivers.jar
[2025-02-18 19:43:34.865]:         deleting file: C:\Program Files\NetBeans-2\netbeans\ide\modules\org-netbeans-modules-parsing-nb.jar
[2025-02-18 19:43:34.865]:         deleting file: C:\Program Files\NetBeans-2\netbeans\ide\modules\org-netbeans-modules-properties.jar
[2025-02-18 19:43:34.866]:         deleting file: C:\Program Files\NetBeans-2\netbeans\ide\modules\org-netbeans-modules-projectapi.jar
[2025-02-18 19:43:34.866]:         deleting file: C:\Program Files\NetBeans-2\netbeans\ide\modules\org-netbeans-modules-extbrowser.jar
[2025-02-18 19:43:34.866]:         deleting file: C:\Program Files\NetBeans-2\netbeans\ide\modules\org-netbeans-modules-html-lexer.jar
[2025-02-18 19:43:34.867]:         deleting file: C:\Program Files\NetBeans-2\netbeans\ide\modules\org-netbeans-modules-docker-api.jar
[2025-02-18 19:43:34.867]:         deleting file: C:\Program Files\NetBeans-2\netbeans\ide\modules\org-eclipse-equinox-preferences.jar
[2025-02-18 19:43:34.868]:         deleting file: C:\Program Files\NetBeans-2\netbeans\ide\modules\org-netbeans-modules-httpserver.jar
[2025-02-18 19:43:34.868]:         deleting file: C:\Program Files\NetBeans-2\netbeans\ide\modules\org-netbeans-modules-localtasks.jar
[2025-02-18 19:43:34.869]:         deleting file: C:\Program Files\NetBeans-2\netbeans\ide\modules\org-eclipse-mylyn-bugzilla-core.jar
[2025-02-18 19:43:34.870]:         deleting file: C:\Program Files\NetBeans-2\netbeans\ide\update_tracking\org-netbeans-modules-db.xml
[2025-02-18 19:43:34.870]:         deleting file: C:\Program Files\NetBeans-2\netbeans\ide\update_tracking\org-apache-xml-resolver.xml
[2025-02-18 19:43:34.871]:         deleting file: C:\Program Files\NetBeans-2\netbeans\ide\update_tracking\org-eclipse-equinox-app.xml
[2025-02-18 19:43:34.871]:         deleting file: C:\Program Files\NetBeans-2\netbeans\ide\update_tracking\org-netbeans-libs-tomlj.xml
[2025-02-18 19:43:34.872]:         deleting file: C:\Program Files\NetBeans-2\netbeans\ide\update_tracking\org-eclipse-jgit-gpg-bc.xml
[2025-02-18 19:43:34.872]:         deleting file: C:\Program Files\NetBeans-2\netbeans\ide\update_tracking\org-netbeans-libs-ini4j.xml
[2025-02-18 19:43:34.873]:         deleting file: C:\Program Files\NetBeans-2\netbeans\ide\update_tracking\org-apache-commons-lang.xml
[2025-02-18 19:43:34.873]:         deleting file: C:\Program Files\NetBeans-2\netbeans\ide\update_tracking\org-netbeans-api-xml-ui.xml
[2025-02-18 19:43:34.873]:         deleting file: C:\Program Files\NetBeans-2\netbeans\ide\bin\nativeexecution\Linux-sparc_64\pty_open
[2025-02-18 19:43:34.873]:         deleting file: C:\Program Files\NetBeans-2\netbeans\ide\bin\nativeexecution\Linux-sparc_64\sigqueue
[2025-02-18 19:43:34.874]:         deleting file: C:\Program Files\NetBeans-2\netbeans\ide\bin\nativeexecution\Windows-x86_64\pty_open
[2025-02-18 19:43:34.874]:         deleting file: C:\Program Files\NetBeans-2\netbeans\ide\bin\nativeexecution\Windows-x86_64\sigqueue
[2025-02-18 19:43:34.874]:         deleting file: C:\Program Files\NetBeans-2\netbeans\ide\bin\nativeexecution\SunOS-sparc_64\pty_open
[2025-02-18 19:43:34.875]:         deleting file: C:\Program Files\NetBeans-2\netbeans\ide\bin\nativeexecution\SunOS-sparc_64\sigqueue
[2025-02-18 19:43:34.879]:         deleting file: C:\Program Files\NetBeans-2\netbeans\ide\bin\nativeexecution\Linux-x86\process_start
[2025-02-18 19:43:34.879]:         deleting file: C:\Program Files\NetBeans-2\netbeans\ide\bin\nativeexecution\SunOS-x86\process_start
[2025-02-18 19:43:34.880]:         deleting file: C:\Program Files\NetBeans-2\netbeans\extide\modules\org-apache-tools-ant-module.jar
[2025-02-18 19:43:34.880]:         deleting file: C:\Program Files\NetBeans-2\netbeans\extide\modules\org-netbeans-modules-gradle.jar
[2025-02-18 19:43:34.880]:         deleting file: C:\Program Files\NetBeans-2\netbeans\harness\config\Modules\org-netbeans-insane.xml
[2025-02-18 19:43:34.881]:         deleting file: C:\Program Files\NetBeans-2\netbeans\harness\modules\org-netbeans-modules-jemmy.jar
[2025-02-18 19:43:34.881]:         deleting file: C:\Program Files\NetBeans-2\netbeans\platform\config\Modules\net-java-html-json.xml
[2025-02-18 19:43:34.881]:         deleting file: C:\Program Files\NetBeans-2\netbeans\platform\config\Modules\org-openide-compat.xml
[2025-02-18 19:43:34.881]:         deleting file: C:\Program Files\NetBeans-2\netbeans\platform\config\Modules\net-java-html-boot.xml
[2025-02-18 19:43:34.881]:         deleting file: C:\Program Files\NetBeans-2\netbeans\platform\modules\org-netbeans-api-progress.jar
[2025-02-18 19:43:34.883]:         deleting file: C:\Program Files\NetBeans-2\netbeans\platform\modules\org-netbeans-core-output2.jar
[2025-02-18 19:43:34.883]:         deleting file: C:\Program Files\NetBeans-2\netbeans\platform\modules\lib\flatlaf-windows-arm64.dll
[2025-02-18 19:43:34.883]:         deleting file: C:\Program Files\NetBeans-2\netbeans\platform\modules\org-netbeans-core-netigso.jar
[2025-02-18 19:43:34.883]:         deleting file: C:\Program Files\NetBeans-2\netbeans\platform\modules\net-java-html-boot-script.jar
[2025-02-18 19:43:34.884]:         deleting file: C:\Program Files\NetBeans-2\netbeans\platform\modules\org-netbeans-core-windows.jar
[2025-02-18 19:43:34.884]:         deleting file: C:\Program Files\NetBeans-2\netbeans\platform\modules\org-netbeans-core-network.jar
[2025-02-18 19:43:34.885]:         deleting file: C:\Program Files\NetBeans-2\netbeans\platform\modules\org-netbeans-libs-flatlaf.jar
[2025-02-18 19:43:34.885]:         deleting file: C:\Program Files\NetBeans-2\netbeans\platform\update_tracking\org-openide-nodes.xml
[2025-02-18 19:43:34.885]:         deleting file: C:\Program Files\NetBeans-2\netbeans\platform\update_tracking\net-java-html-geo.xml
[2025-02-18 19:43:34.885]:         deleting file: C:\Program Files\NetBeans-2\netbeans\platform\update_tracking\org-netbeans-core.xml
[2025-02-18 19:43:34.886]:         deleting file: C:\Program Files\NetBeans-2\netbeans\ide\config\Modules\org-netbeans-modules-db.xml
[2025-02-18 19:43:34.886]:         deleting file: C:\Program Files\NetBeans-2\netbeans\ide\config\Modules\org-apache-xml-resolver.xml
[2025-02-18 19:43:34.887]:         deleting file: C:\Program Files\NetBeans-2\netbeans\ide\config\Modules\org-eclipse-equinox-app.xml
[2025-02-18 19:43:34.887]:         deleting file: C:\Program Files\NetBeans-2\netbeans\ide\config\Modules\org-netbeans-libs-tomlj.xml
[2025-02-18 19:43:34.888]:         deleting file: C:\Program Files\NetBeans-2\netbeans\ide\config\Modules\org-eclipse-jgit-gpg-bc.xml
[2025-02-18 19:43:34.888]:         deleting file: C:\Program Files\NetBeans-2\netbeans\ide\config\Modules\org-netbeans-libs-ini4j.xml
[2025-02-18 19:43:34.888]:         deleting file: C:\Program Files\NetBeans-2\netbeans\ide\config\Modules\org-apache-commons-lang.xml
[2025-02-18 19:43:34.889]:         deleting file: C:\Program Files\NetBeans-2\netbeans\ide\config\Modules\org-netbeans-api-xml-ui.xml
[2025-02-18 19:43:34.889]:         deleting file: C:\Program Files\NetBeans-2\netbeans\ide\modules\org-netbeans-modules-mercurial.jar
[2025-02-18 19:43:34.890]:         deleting file: C:\Program Files\NetBeans-2\netbeans\ide\modules\org-netbeans-modules-docker-ui.jar
[2025-02-18 19:43:34.890]:         deleting file: C:\Program Files\NetBeans-2\netbeans\ide\modules\org-netbeans-modules-utilities.jar
[2025-02-18 19:43:34.894]:         deleting file: C:\Program Files\NetBeans-2\netbeans\ide\modules\com-google-guava-failureaccess.jar
[2025-02-18 19:43:34.895]:         deleting file: C:\Program Files\NetBeans-2\netbeans\ide\modules\org-netbeans-modules-xml-tools.jar
[2025-02-18 19:43:34.895]:         deleting file: C:\Program Files\NetBeans-2\netbeans\ide\modules\org-netbeans-modules-projectui.jar
[2025-02-18 19:43:34.896]:         deleting file: C:\Program Files\NetBeans-2\netbeans\ide\modules\org-netbeans-modules-csl-types.jar
[2025-02-18 19:43:34.896]:         deleting file: C:\Program Files\NetBeans-2\netbeans\ide\modules\org-netbeans-modules-xml-lexer.jar
[2025-02-18 19:43:34.896]:         deleting file: C:\Program Files\NetBeans-2\netbeans\ide\modules\ext\flexmark-ext-tables-0.64.8.jar
[2025-02-18 19:43:34.897]:         deleting file: C:\Program Files\NetBeans-2\netbeans\ide\modules\org-netbeans-modules-languages.jar
[2025-02-18 19:43:34.897]:         deleting file: C:\Program Files\NetBeans-2\netbeans\ide\modules\org-netbeans-modules-css-model.jar
[2025-02-18 19:43:34.897]:         deleting file: C:\Program Files\NetBeans-2\netbeans\ide\modules\org-netbeans-modules-hudson-ui.jar
[2025-02-18 19:43:34.898]:         deleting file: C:\Program Files\NetBeans-2\netbeans\ide\modules\org-eclipse-mylyn-commons-core.jar
[2025-02-18 19:43:34.898]:         deleting file: C:\Program Files\NetBeans-2\netbeans\ide\modules\org-netbeans-modules-selenium2.jar
[2025-02-18 19:43:34.898]:         deleting file: C:\Program Files\NetBeans-2\netbeans\ide\update_tracking\org-netbeans-libs-jaxb.xml
[2025-02-18 19:43:34.898]:         deleting file: C:\Program Files\NetBeans-2\netbeans\ide\bin\nativeexecution\MacOSX-x86_64\pty_open
[2025-02-18 19:43:34.899]:         deleting file: C:\Program Files\NetBeans-2\netbeans\ide\bin\nativeexecution\Linux-sparc_64\killall
[2025-02-18 19:43:34.899]:         deleting file: C:\Program Files\NetBeans-2\netbeans\ide\bin\nativeexecution\Windows-x86_64\killall
[2025-02-18 19:43:34.899]:         deleting file: C:\Program Files\NetBeans-2\netbeans\ide\bin\nativeexecution\SunOS-sparc_64\killall
[2025-02-18 19:43:34.900]:         deleting file: C:\Program Files\NetBeans-2\netbeans\ide\bin\nativeexecution\MacOSX-arm_64\pty_open
[2025-02-18 19:43:34.900]:         deleting file: C:\Program Files\NetBeans-2\netbeans\ide\bin\nativeexecution\Linux-aarch64\pty_open
[2025-02-18 19:43:34.901]:         deleting file: C:\Program Files\NetBeans-2\netbeans\ide\bin\nativeexecution\Linux-aarch64\sigqueue
[2025-02-18 19:43:34.901]:         deleting directory: C:\Program Files\NetBeans-2\netbeans\harness\nbi\stub\ext\engine\src\org\mycompany
[2025-02-18 19:43:34.901]:         deleting file: C:\Program Files\NetBeans-2\netbeans\extide\ant\etc\checkstyle\checkstyle-text.xsl
[2025-02-18 19:43:34.902]:         deleting file: C:\Program Files\NetBeans-2\netbeans\extide\ant\etc\checkstyle\checkstyle-xdoc.xsl
[2025-02-18 19:43:34.902]:         deleting file: C:\Program Files\NetBeans-2\netbeans\nb\modules\locale\org-netbeans-core-ui_nb.jar
[2025-02-18 19:43:34.903]:         deleting file: C:\Program Files\NetBeans-2\netbeans\harness\modules\org-netbeans-libs-nbi-ant.jar
[2025-02-18 19:43:34.903]:         deleting file: C:\Program Files\NetBeans-2\netbeans\platform\config\Modules\org-openide-nodes.xml
[2025-02-18 19:43:34.904]:         deleting file: C:\Program Files\NetBeans-2\netbeans\platform\config\Modules\net-java-html-geo.xml
[2025-02-18 19:43:34.904]:         deleting file: C:\Program Files\NetBeans-2\netbeans\platform\config\Modules\org-netbeans-core.xml
[2025-02-18 19:43:34.905]:         deleting file: C:\Program Files\NetBeans-2\netbeans\platform\modules\lib\amd64\jnidispatch-nb.dll
[2025-02-18 19:43:34.905]:         deleting file: C:\Program Files\NetBeans-2\netbeans\platform\modules\org-netbeans-libs-javafx.jar
[2025-02-18 19:43:34.905]:         deleting file: C:\Program Files\NetBeans-2\netbeans\platform\modules\org-apache-commons-lang3.jar
[2025-02-18 19:43:34.906]:         deleting file: C:\Program Files\NetBeans-2\netbeans\platform\modules\org-netbeans-libs-testng.jar
[2025-02-18 19:43:34.910]:         deleting file: C:\Program Files\NetBeans-2\netbeans\platform\modules\org-netbeans-libs-junit4.jar
[2025-02-18 19:43:34.911]:         deleting file: C:\Program Files\NetBeans-2\netbeans\platform\modules\ext\batik-constants-1.17.jar
[2025-02-18 19:43:34.911]:         deleting file: C:\Program Files\NetBeans-2\netbeans\platform\modules\org-apache-commons-codec.jar
[2025-02-18 19:43:34.912]:         deleting file: C:\Program Files\NetBeans-2\netbeans\platform\modules\org-netbeans-libs-jsr223.jar
[2025-02-18 19:43:34.912]:         deleting file: C:\Program Files\NetBeans-2\netbeans\platform\modules\org-netbeans-libs-junit5.jar
[2025-02-18 19:43:34.913]:         deleting file: C:\Program Files\NetBeans-2\netbeans\platform\update_tracking\org-openide-util.xml
[2025-02-18 19:43:34.913]:         deleting file: C:\Program Files\NetBeans-2\netbeans\platform\update_tracking\org-openide-text.xml
[2025-02-18 19:43:34.913]:         deleting file: C:\Program Files\NetBeans-2\netbeans\ide\config\Modules\org-netbeans-libs-jaxb.xml
[2025-02-18 19:43:34.914]:         deleting file: C:\Program Files\NetBeans-2\netbeans\ide\modules\org-netbeans-modules-gototest.jar
[2025-02-18 19:43:34.914]:         deleting file: C:\Program Files\NetBeans-2\netbeans\ide\modules\org-netbeans-libs-json_simple.jar
[2025-02-18 19:43:34.914]:         deleting file: C:\Program Files\NetBeans-2\netbeans\ide\modules\org-netbeans-modules-terminal.jar
[2025-02-18 19:43:34.915]:         deleting file: C:\Program Files\NetBeans-2\netbeans\ide\modules\org-netbeans-libs-commons_net.jar
[2025-02-18 19:43:34.915]:         deleting file: C:\Program Files\NetBeans-2\netbeans\ide\modules\org-netbeans-modules-xml-text.jar
[2025-02-18 19:43:34.915]:         deleting file: C:\Program Files\NetBeans-2\netbeans\ide\modules\org-netbeans-modules-xml-core.jar
[2025-02-18 19:43:34.916]:         deleting file: C:\Program Files\NetBeans-2\netbeans\ide\modules\org-netbeans-modules-defaults.jar
[2025-02-18 19:43:34.916]:         deleting file: C:\Program Files\NetBeans-2\netbeans\ide\modules\ext\flexmark-ext-emoji-0.64.8.jar
[2025-02-18 19:43:34.916]:         deleting file: C:\Program Files\NetBeans-2\netbeans\ide\modules\ext\flexmark-util-data-0.64.8.jar
[2025-02-18 19:43:34.917]:         deleting file: C:\Program Files\NetBeans-2\netbeans\ide\modules\ext\jakarta.servlet-api-4.0.4.jar
[2025-02-18 19:43:34.917]:         deleting file: C:\Program Files\NetBeans-2\netbeans\ide\modules\ext\flexmark-util-html-0.64.8.jar
[2025-02-18 19:43:34.917]:         deleting file: C:\Program Files\NetBeans-2\netbeans\ide\modules\ext\flexmark-util-misc-0.64.8.jar
[2025-02-18 19:43:34.918]:         deleting file: C:\Program Files\NetBeans-2\netbeans\ide\modules\org-eclipse-mylyn-commons-net.jar
[2025-02-18 19:43:34.918]:         deleting file: C:\Program Files\NetBeans-2\netbeans\ide\modules\org-netbeans-modules-css-prep.jar
[2025-02-18 19:43:34.918]:         deleting file: C:\Program Files\NetBeans-2\netbeans\ide\modules\org-netbeans-modules-db-mysql.jar
[2025-02-18 19:43:34.919]:         deleting file: C:\Program Files\NetBeans-2\netbeans\ide\modules\org-netbeans-swing-dirchooser.jar
[2025-02-18 19:43:34.919]:         deleting file: C:\Program Files\NetBeans-2\netbeans\ide\modules\org-apache-commons-httpclient.jar
[2025-02-18 19:43:34.920]:         deleting file: C:\Program Files\NetBeans-2\netbeans\ide\modules\org-netbeans-modules-markdown.jar
[2025-02-18 19:43:34.921]:         deleting file: C:\Program Files\NetBeans-2\netbeans\ide\modules\org-netbeans-spi-editor-hints.jar
[2025-02-18 19:43:34.921]:         deleting file: C:\Program Files\NetBeans-2\netbeans\ide\modules\org-netbeans-modules-bugzilla.jar
[2025-02-18 19:43:34.922]:         deleting file: C:\Program Files\NetBeans-2\netbeans\ide\modules\dict\dictionary_en_GB.description
[2025-02-18 19:43:34.922]:         deleting file: C:\Program Files\NetBeans-2\netbeans\ide\modules\dict\dictionary_en_US.description
[2025-02-18 19:43:34.922]:         deleting file: C:\Program Files\NetBeans-2\netbeans\ide\modules\org-netbeans-modules-team-ide.jar
[2025-02-18 19:43:34.926]:         deleting file: C:\Program Files\NetBeans-2\netbeans\ide\update_tracking\org-eclipse-core-jobs.xml
[2025-02-18 19:43:34.926]:         deleting file: C:\Program Files\NetBeans-2\netbeans\ide\update_tracking\org-netbeans-libs-git.xml
[2025-02-18 19:43:34.926]:         deleting file: C:\Program Files\NetBeans-2\netbeans\ide\update_tracking\org-netbeans-core-ide.xml
[2025-02-18 19:43:34.926]:         deleting file: C:\Program Files\NetBeans-2\netbeans\ide\bin\nativeexecution\MacOSX-x86_64\killall
[2025-02-18 19:43:34.928]:         deleting file: C:\Program Files\NetBeans-2\netbeans\ide\bin\nativeexecution\SunOS-x86_64\pty_open
[2025-02-18 19:43:34.928]:         deleting file: C:\Program Files\NetBeans-2\netbeans\ide\bin\nativeexecution\SunOS-x86_64\sigqueue
[2025-02-18 19:43:34.928]:         deleting file: C:\Program Files\NetBeans-2\netbeans\ide\bin\nativeexecution\Linux-x86\unbuffer.so
[2025-02-18 19:43:34.929]:         deleting file: C:\Program Files\NetBeans-2\netbeans\ide\bin\nativeexecution\SunOS-x86\unbuffer.so
[2025-02-18 19:43:34.929]:         deleting file: C:\Program Files\NetBeans-2\netbeans\ide\bin\nativeexecution\Linux-aarch64\killall
[2025-02-18 19:43:34.930]:         deleting file: C:\Program Files\NetBeans-2\netbeans\ide\bin\nativeexecution\Linux-x86_64\pty_open
[2025-02-18 19:43:34.930]:         deleting file: C:\Program Files\NetBeans-2\netbeans\ide\bin\nativeexecution\Linux-x86_64\sigqueue
[2025-02-18 19:43:34.931]:         deleting file: C:\Program Files\NetBeans-2\netbeans\extide\modules\gradle\gradle-tooling-api.jar
[2025-02-18 19:43:34.931]:         deleting file: C:\Program Files\NetBeans-2\netbeans\nb\update_tracking\org-netbeans-upgrader.xml
[2025-02-18 19:43:34.932]:         deleting file: C:\Program Files\NetBeans-2\netbeans\harness\nbi\stub\ext\engine\build.properties
[2025-02-18 19:43:34.932]:         deleting file: C:\Program Files\NetBeans-2\netbeans\platform\config\Modules\org-openide-text.xml
[2025-02-18 19:43:34.932]:         deleting file: C:\Program Files\NetBeans-2\netbeans\platform\modules\lib\flatlaf-windows-x86.dll
[2025-02-18 19:43:34.933]:         deleting file: C:\Program Files\NetBeans-2\netbeans\platform\modules\org-netbeans-api-htmlui.jar
[2025-02-18 19:43:34.933]:         deleting file: C:\Program Files\NetBeans-2\netbeans\platform\modules\org-netbeans-api-visual.jar
[2025-02-18 19:43:34.933]:         deleting file: C:\Program Files\NetBeans-2\netbeans\platform\modules\org-netbeans-swing-plaf.jar
[2025-02-18 19:43:34.933]:         deleting file: C:\Program Files\NetBeans-2\netbeans\platform\modules\ext\batik-awt-util-1.17.jar
[2025-02-18 19:43:34.934]:         deleting file: C:\Program Files\NetBeans-2\netbeans\platform\modules\ext\xml-apis-ext-1.3.04.jar
[2025-02-18 19:43:34.934]:         deleting file: C:\Program Files\NetBeans-2\netbeans\platform\modules\ext\jna-platform-5.12.1.jar
[2025-02-18 19:43:34.934]:         deleting file: C:\Program Files\NetBeans-2\netbeans\platform\modules\org-openide-util-ui-svg.jar
[2025-02-18 19:43:34.936]:         deleting file: C:\Program Files\NetBeans-2\netbeans\platform\modules\org-netbeans-html-xhr4j.jar
[2025-02-18 19:43:34.936]:         deleting file: C:\Program Files\NetBeans-2\netbeans\platform\modules\org-netbeans-api-search.jar
[2025-02-18 19:43:34.936]:         deleting file: C:\Program Files\NetBeans-2\netbeans\platform\modules\org-netbeans-core-io-ui.jar
[2025-02-18 19:43:34.937]:         deleting file: C:\Program Files\NetBeans-2\netbeans\platform\modules\org-netbeans-api-intent.jar
[2025-02-18 19:43:34.937]:         deleting file: C:\Program Files\NetBeans-2\netbeans\platform\modules\org-netbeans-libs-felix.jar
[2025-02-18 19:43:34.938]:         deleting file: C:\Program Files\NetBeans-2\netbeans\platform\update_tracking\org-openide-awt.xml
[2025-02-18 19:43:34.938]:         deleting file: C:\Program Files\NetBeans-2\netbeans\ide\config\Modules\org-eclipse-core-jobs.xml
[2025-02-18 19:43:34.938]:         deleting file: C:\Program Files\NetBeans-2\netbeans\ide\config\Modules\org-netbeans-libs-git.xml
[2025-02-18 19:43:34.941]:         deleting file: C:\Program Files\NetBeans-2\netbeans\ide\config\Modules\org-netbeans-core-ide.xml
[2025-02-18 19:43:34.942]:         deleting file: C:\Program Files\NetBeans-2\netbeans\ide\modules\org-netbeans-modules-csl-api.jar
[2025-02-18 19:43:34.942]:         deleting file: C:\Program Files\NetBeans-2\netbeans\ide\modules\org-netbeans-modules-xml-xdm.jar
[2025-02-18 19:43:34.942]:         deleting file: C:\Program Files\NetBeans-2\netbeans\ide\modules\org-netbeans-libs-freemarker.jar
[2025-02-18 19:43:34.942]:         deleting file: C:\Program Files\NetBeans-2\netbeans\ide\modules\org-netbeans-modules-xml-xam.jar
[2025-02-18 19:43:34.942]:         deleting file: C:\Program Files\NetBeans-2\netbeans\ide\modules\org-netbeans-modules-ide-kit.jar
[2025-02-18 19:43:34.944]:         deleting file: C:\Program Files\NetBeans-2\netbeans\ide\modules\org-netbeans-libs-truffleapi.jar
[2025-02-18 19:43:34.944]:         deleting file: C:\Program Files\NetBeans-2\netbeans\ide\modules\org-netbeans-spi-debugger-ui.jar
[2025-02-18 19:43:34.944]:         deleting file: C:\Program Files\NetBeans-2\netbeans\ide\modules\ext\org.eclipse.lsp4j-0.13.0.jar
[2025-02-18 19:43:34.944]:         deleting file: C:\Program Files\NetBeans-2\netbeans\ide\modules\ext\flexmark-util-ast-0.64.8.jar
[2025-02-18 19:43:34.944]:         deleting file: C:\Program Files\NetBeans-2\netbeans\ide\modules\ext\junixsocket-common-2.5.1.jar
[2025-02-18 19:43:34.945]:         deleting file: C:\Program Files\NetBeans-2\netbeans\ide\modules\org-eclipse-mylyn-tasks-core.jar
[2025-02-18 19:43:34.945]:         deleting file: C:\Program Files\NetBeans-2\netbeans\ide\modules\org-eclipse-equinox-registry.jar
[2025-02-18 19:43:34.945]:         deleting file: C:\Program Files\NetBeans-2\netbeans\ide\modules\org-netbeans-modules-db-core.jar
[2025-02-18 19:43:34.945]:         deleting file: C:\Program Files\NetBeans-2\netbeans\ide\modules\org-netbeans-modules-css-lib.jar
[2025-02-18 19:43:34.946]:         deleting file: C:\Program Files\NetBeans-2\netbeans\ide\modules\org-netbeans-modules-xml-tax.jar
[2025-02-18 19:43:34.946]:         deleting file: C:\Program Files\NetBeans-2\netbeans\ide\modules\org-netbeans-modules-xml-axi.jar
[2025-02-18 19:43:34.948]:         deleting file: C:\Program Files\NetBeans-2\netbeans\ide\modules\org-netbeans-modules-go-lang.jar
[2025-02-18 19:43:34.948]:         deleting file: C:\Program Files\NetBeans-2\netbeans\ide\modules\org-eclipse-equinox-security.jar
[2025-02-18 19:43:34.948]:         deleting file: C:\Program Files\NetBeans-2\netbeans\ide\modules\org-eclipse-core-contenttype.jar
[2025-02-18 19:43:34.949]:         deleting file: C:\Program Files\NetBeans-2\netbeans\ide\update_tracking\org-eclipse-jgit-lfs.xml
[2025-02-18 19:43:34.949]:         deleting file: C:\Program Files\NetBeans-2\netbeans\ide\update_tracking\org-netbeans-api-xml.xml
[2025-02-18 19:43:34.949]:         deleting file: C:\Program Files\NetBeans-2\netbeans\ide\update_tracking\org-eclipse-core-net.xml
[2025-02-18 19:43:34.950]:         deleting file: C:\Program Files\NetBeans-2\netbeans\ide\update_tracking\org-netbeans-api-lsp.xml
[2025-02-18 19:43:34.950]:         deleting file: C:\Program Files\NetBeans-2\netbeans\ide\bin\nativeexecution\Windows-x86\pty_open
[2025-02-18 19:43:34.950]:         deleting file: C:\Program Files\NetBeans-2\netbeans\ide\bin\nativeexecution\Windows-x86\sigqueue
[2025-02-18 19:43:34.951]:         deleting file: C:\Program Files\NetBeans-2\netbeans\ide\bin\nativeexecution\SunOS-x86_64\killall
[2025-02-18 19:43:34.951]:         deleting file: C:\Program Files\NetBeans-2\netbeans\ide\bin\nativeexecution\SunOS-sparc_64\privp
[2025-02-18 19:43:34.951]:         deleting file: C:\Program Files\NetBeans-2\netbeans\ide\bin\nativeexecution\Linux-x86_64\killall
[2025-02-18 19:43:34.951]:         deleting file: C:\Program Files\NetBeans-2\netbeans\nb\modules\org-netbeans-modules-welcome.jar
[2025-02-18 19:43:34.952]:         deleting file: C:\Program Files\NetBeans-2\netbeans\platform\config\Modules\org-openide-awt.xml
[2025-02-18 19:43:34.957]:         deleting file: C:\Program Files\NetBeans-2\netbeans\platform\modules\lib\x86\jnidispatch-nb.dll
[2025-02-18 19:43:34.958]:         deleting file: C:\Program Files\NetBeans-2\netbeans\platform\modules\org-netbeans-libs-osgi.jar
[2025-02-18 19:43:34.958]:         deleting file: C:\Program Files\NetBeans-2\netbeans\platform\modules\org-netbeans-core-osgi.jar
[2025-02-18 19:43:34.958]:         deleting file: C:\Program Files\NetBeans-2\netbeans\platform\modules\org-netbeans-html-ko4j.jar
[2025-02-18 19:43:34.958]:         deleting file: C:\Program Files\NetBeans-2\netbeans\platform\modules\ext\batik-svg-dom-1.17.jar
[2025-02-18 19:43:34.959]:         deleting file: C:\Program Files\NetBeans-2\netbeans\platform\update_tracking\org-openide-io.xml
[2025-02-18 19:43:34.962]:         deleting file: C:\Program Files\NetBeans-2\netbeans\ide\config\Modules\org-eclipse-jgit-lfs.xml
[2025-02-18 19:43:34.962]:         deleting file: C:\Program Files\NetBeans-2\netbeans\ide\config\Modules\org-netbeans-api-xml.xml
[2025-02-18 19:43:34.963]:         deleting file: C:\Program Files\NetBeans-2\netbeans\ide\config\Modules\org-eclipse-core-net.xml
[2025-02-18 19:43:34.963]:         deleting file: C:\Program Files\NetBeans-2\netbeans\ide\config\Modules\org-netbeans-api-lsp.xml
[2025-02-18 19:43:34.963]:         deleting file: C:\Program Files\NetBeans-2\netbeans\ide\modules\org-netbeans-modules-hudson.jar
[2025-02-18 19:43:34.964]:         deleting file: C:\Program Files\NetBeans-2\netbeans\ide\modules\org-netbeans-modules-server.jar
[2025-02-18 19:43:34.964]:         deleting file: C:\Program Files\NetBeans-2\netbeans\ide\modules\ext\commons-compress-1.25.0.jar
[2025-02-18 19:43:34.964]:         deleting file: C:\Program Files\NetBeans-2\netbeans\ide\modules\ext\processtreekiller-2.0.1.jar
[2025-02-18 19:43:34.965]:         deleting file: C:\Program Files\NetBeans-2\netbeans\ide\modules\org-netbeans-modules-db-kit.jar
[2025-02-18 19:43:34.965]:         deleting file: C:\Program Files\NetBeans-2\netbeans\ide\modules\org-netbeans-modules-editor.jar
[2025-02-18 19:43:34.966]:         deleting file: C:\Program Files\NetBeans-2\netbeans\ide\modules\org-netbeans-modules-jumpto.jar
[2025-02-18 19:43:34.966]:         deleting file: C:\Program Files\NetBeans-2\netbeans\ide\bin\nativeexecution\Windows-x86\killall
[2025-02-18 19:43:34.966]:         deleting file: C:\Program Files\NetBeans-2\netbeans\ide\bin\nativeexecution\Linux-sparc_64\stat
[2025-02-18 19:43:34.966]:         deleting file: C:\Program Files\NetBeans-2\netbeans\ide\bin\nativeexecution\MacOSX-x86\pty_open
[2025-02-18 19:43:34.967]:         deleting file: C:\Program Files\NetBeans-2\netbeans\ide\bin\nativeexecution\SunOS-sparc_64\stat
[2025-02-18 19:43:34.967]:         deleting file: C:\Program Files\NetBeans-2\netbeans\ide\bin\nativeexecution\MacOSX-arm_64\privp
[2025-02-18 19:43:34.967]:         deleting file: C:\Program Files\NetBeans-2\netbeans\nb\config\GlassFishEE6WC\Instances\.nbattrs
[2025-02-18 19:43:34.967]:             ... file does not exist
[2025-02-18 19:43:34.967]:         deleting file: C:\Program Files\NetBeans-2\netbeans\nb\modules\locale\org-netbeans-core_nb.jar
[2025-02-18 19:43:34.968]:         deleting file: C:\Program Files\NetBeans-2\netbeans\platform\config\Modules\org-openide-io.xml
[2025-02-18 19:43:34.969]:         deleting file: C:\Program Files\NetBeans-2\netbeans\platform\modules\net-java-html-boot-fx.jar
[2025-02-18 19:43:34.970]:         deleting file: C:\Program Files\NetBeans-2\netbeans\platform\modules\ext\batik-script-1.17.jar
[2025-02-18 19:43:34.970]:         deleting file: C:\Program Files\NetBeans-2\netbeans\platform\modules\ext\commons-io-2.15.1.jar
[2025-02-18 19:43:34.971]:         deleting file: C:\Program Files\NetBeans-2\netbeans\platform\modules\ext\batik-bridge-1.17.jar
[2025-02-18 19:43:34.971]:         deleting file: C:\Program Files\NetBeans-2\netbeans\platform\modules\ext\batik-parser-1.17.jar
[2025-02-18 19:43:34.971]:         deleting file: C:\Program Files\NetBeans-2\netbeans\platform\modules\ext\hamcrest-core-1.3.jar
[2025-02-18 19:43:34.972]:         deleting file: C:\Program Files\NetBeans-2\netbeans\platform\modules\org-netbeans-libs-jna.jar
[2025-02-18 19:43:34.972]:         deleting file: C:\Program Files\NetBeans-2\netbeans\platform\modules\org-openide-execution.jar
[2025-02-18 19:43:34.972]:         deleting file: C:\Program Files\NetBeans-2\netbeans\platform\update_tracking\net-java-html.xml
[2025-02-18 19:43:34.975]:         deleting file: C:\Program Files\NetBeans-2\netbeans\ide\modules\org-netbeans-modules-lexer.jar
[2025-02-18 19:43:34.975]:         deleting file: C:\Program Files\NetBeans-2\netbeans\ide\modules\org-netbeans-libs-graalsdk.jar
[2025-02-18 19:43:34.976]:         deleting file: C:\Program Files\NetBeans-2\netbeans\ide\modules\org-netbeans-libs-flexmark.jar
[2025-02-18 19:43:34.976]:         deleting file: C:\Program Files\NetBeans-2\netbeans\ide\modules\org-apache-ws-commons-util.jar
[2025-02-18 19:43:34.976]:         deleting file: C:\Program Files\NetBeans-2\netbeans\ide\modules\ext\launcher-common-20.3.0.jar
[2025-02-18 19:43:34.977]:         deleting file: C:\Program Files\NetBeans-2\netbeans\ide\modules\ext\simplevalidation-swing.jar
[2025-02-18 19:43:34.977]:         deleting file: C:\Program Files\NetBeans-2\netbeans\ide\modules\org-netbeans-modules-dbapi.jar
[2025-02-18 19:43:34.978]:         deleting file: C:\Program Files\NetBeans-2\netbeans\ide\modules\org-netbeans-spi-viewmodel.jar
[2025-02-18 19:43:34.978]:         deleting file: C:\Program Files\NetBeans-2\netbeans\ide\modules\org-netbeans-spi-navigator.jar
[2025-02-18 19:43:34.978]:         deleting file: C:\Program Files\NetBeans-2\netbeans\ide\modules\org-netbeans-modules-image.jar
[2025-02-18 19:43:34.978]:         deleting file: C:\Program Files\NetBeans-2\netbeans\ide\modules\org-netbeans-libs-jcodings.jar
[2025-02-18 19:43:34.978]:         deleting file: C:\Program Files\NetBeans-2\netbeans\ide\modules\org-netbeans-modules-derby.jar
[2025-02-18 19:43:34.978]:         deleting file: C:\Program Files\NetBeans-2\netbeans\ide\modules\dict\dictionary_en.description
[2025-02-18 19:43:34.980]:         deleting file: C:\Program Files\NetBeans-2\netbeans\ide\modules\org-eclipse-equinox-common.jar
[2025-02-18 19:43:34.980]:         deleting file: C:\Program Files\NetBeans-2\netbeans\ide\bin\nativeexecution\MacOSX-x86_64\stat
[2025-02-18 19:43:34.980]:         deleting file: C:\Program Files\NetBeans-2\netbeans\ide\bin\nativeexecution\Linux-sparc_64\pty
[2025-02-18 19:43:34.981]:         deleting file: C:\Program Files\NetBeans-2\netbeans\ide\bin\nativeexecution\MacOSX-x86\killall
[2025-02-18 19:43:34.981]:         deleting file: C:\Program Files\NetBeans-2\netbeans\ide\bin\nativeexecution\Windows-x86_64\pty
[2025-02-18 19:43:34.981]:         deleting file: C:\Program Files\NetBeans-2\netbeans\ide\bin\nativeexecution\SunOS-sparc_64\pty
[2025-02-18 19:43:34.981]:         deleting file: C:\Program Files\NetBeans-2\netbeans\ide\bin\nativeexecution\Linux-x86\pty_open
[2025-02-18 19:43:34.982]:         deleting file: C:\Program Files\NetBeans-2\netbeans\ide\bin\nativeexecution\Linux-x86\sigqueue
[2025-02-18 19:43:34.982]:         deleting file: C:\Program Files\NetBeans-2\netbeans\ide\bin\nativeexecution\SunOS-x86\pty_open
[2025-02-18 19:43:34.982]:         deleting file: C:\Program Files\NetBeans-2\netbeans\ide\bin\nativeexecution\SunOS-x86\sigqueue
[2025-02-18 19:43:34.982]:         deleting file: C:\Program Files\NetBeans-2\netbeans\ide\bin\nativeexecution\Linux-aarch64\stat
[2025-02-18 19:43:34.982]:         deleting directory: C:\Program Files\NetBeans-2\netbeans\harness\nbi\stub\ext\infra\build\products
[2025-02-18 19:43:34.983]:         deleting file: C:\Program Files\NetBeans-2\netbeans\platform\config\Modules\net-java-html.xml
[2025-02-18 19:43:34.985]:         deleting file: C:\Program Files\NetBeans-2\netbeans\platform\modules\org-openide-explorer.jar
[2025-02-18 19:43:34.985]:         deleting file: C:\Program Files\NetBeans-2\netbeans\platform\modules\org-netbeans-core-ui.jar
[2025-02-18 19:43:34.985]:         deleting file: C:\Program Files\NetBeans-2\netbeans\platform\core\org-openide-filesystems.jar
[2025-02-18 19:43:34.988]:         deleting file: C:\Program Files\NetBeans-2\netbeans\ide\modules\org-netbeans-core-browser.jar
[2025-02-18 19:43:34.988]:         deleting file: C:\Program Files\NetBeans-2\netbeans\ide\modules\org-netbeans-api-debugger.jar
[2025-02-18 19:43:34.988]:         deleting file: C:\Program Files\NetBeans-2\netbeans\ide\modules\org-netbeans-modules-diff.jar
[2025-02-18 19:43:34.991]:         deleting file: C:\Program Files\NetBeans-2\netbeans\ide\modules\org-netbeans-modules-html.jar
[2025-02-18 19:43:34.993]:         deleting file: C:\Program Files\NetBeans-2\netbeans\ide\modules\ext\antlr4-runtime-4.11.1.jar
[2025-02-18 19:43:34.993]:         deleting file: C:\Program Files\NetBeans-2\netbeans\ide\modules\ext\webserver-annotations.jar
[2025-02-18 19:43:34.993]:         deleting file: C:\Program Files\NetBeans-2\netbeans\ide\modules\org-eclipse-jgit-ssh-jsch.jar
[2025-02-18 19:43:34.993]:         deleting file: C:\Program Files\NetBeans-2\netbeans\ide\modules\org-netbeans-spi-tasklist.jar
[2025-02-18 19:43:34.998]:         deleting file: C:\Program Files\NetBeans-2\netbeans\ide\update_tracking\org-openidex-util.xml
[2025-02-18 19:43:34.999]:         deleting file: C:\Program Files\NetBeans-2\netbeans\ide\update_tracking\org-apache-xmlrpc.xml
[2025-02-18 19:43:34.999]:         deleting file: C:\Program Files\NetBeans-2\netbeans\ide\bin\nativeexecution\MacOSX-x86_64\pty
[2025-02-18 19:43:35.001]:         deleting file: C:\Program Files\NetBeans-2\netbeans\ide\bin\nativeexecution\SunOS-x86_64\stat
[2025-02-18 19:43:35.007]:         deleting file: C:\Program Files\NetBeans-2\netbeans\ide\bin\nativeexecution\Linux-x86\killall
[2025-02-18 19:43:35.009]:         deleting file: C:\Program Files\NetBeans-2\netbeans\ide\bin\nativeexecution\SunOS-x86\killall
[2025-02-18 19:43:35.009]:         deleting file: C:\Program Files\NetBeans-2\netbeans\ide\bin\nativeexecution\MacOSX-arm_64\pty
[2025-02-18 19:43:35.009]:         deleting file: C:\Program Files\NetBeans-2\netbeans\ide\bin\nativeexecution\Linux-aarch64\pty
[2025-02-18 19:43:35.016]:         deleting file: C:\Program Files\NetBeans-2\netbeans\ide\bin\nativeexecution\Linux-x86_64\stat
[2025-02-18 19:43:35.016]:         deleting file: C:\Program Files\NetBeans-2\netbeans\nb\config\GlassFishEE6\Instances\.nbattrs
[2025-02-18 19:43:35.016]:             ... file does not exist
[2025-02-18 19:43:35.016]:         deleting directory: C:\Program Files\NetBeans-2\netbeans\harness\nbi\stub\ext\components\products
[2025-02-18 19:43:35.016]:         deleting directory: C:\Program Files\NetBeans-2\netbeans\ide\docs\org\netbeans\modules\usersguide
[2025-02-18 19:43:35.016]:         deleting file: C:\Program Files\NetBeans-2\netbeans\platform\modules\org-openide-options.jar
[2025-02-18 19:43:35.017]:         deleting file: C:\Program Files\NetBeans-2\netbeans\platform\modules\org-netbeans-api-io.jar
[2025-02-18 19:43:35.017]:         deleting file: C:\Program Files\NetBeans-2\netbeans\platform\modules\org-openide-loaders.jar
[2025-02-18 19:43:35.021]:         deleting file: C:\Program Files\NetBeans-2\netbeans\platform\modules\org-openide-windows.jar
[2025-02-18 19:43:35.027]:         deleting file: C:\Program Files\NetBeans-2\netbeans\platform\modules\net-java-html-sound.jar
[2025-02-18 19:43:35.027]:         deleting file: C:\Program Files\NetBeans-2\netbeans\platform\modules\ext\batik-i18n-1.17.jar
[2025-02-18 19:43:35.027]:         deleting file: C:\Program Files\NetBeans-2\netbeans\platform\modules\ext\xml-apis-1.4.01.jar
[2025-02-18 19:43:35.033]:         deleting file: C:\Program Files\NetBeans-2\netbeans\platform\modules\ext\osgi.cmpn-7.0.0.jar
[2025-02-18 19:43:35.033]:         deleting file: C:\Program Files\NetBeans-2\netbeans\platform\modules\ext\batik-anim-1.17.jar
[2025-02-18 19:43:35.040]:         deleting file: C:\Program Files\NetBeans-2\netbeans\platform\modules\ext\jcommander-1.78.jar
[2025-02-18 19:43:35.041]:         deleting file: C:\Program Files\NetBeans-2\netbeans\platform\modules\ext\batik-util-1.17.jar
[2025-02-18 19:43:35.043]:         deleting file: C:\Program Files\NetBeans-2\netbeans\platform\modules\ext\osgi.core-8.0.0.jar
[2025-02-18 19:43:35.044]:         deleting file: C:\Program Files\NetBeans-2\netbeans\platform\modules\org-openide-dialogs.jar
[2025-02-18 19:43:35.044]:         deleting file: C:\Program Files\NetBeans-2\netbeans\platform\modules\org-openide-actions.jar
[2025-02-18 19:43:35.045]:         deleting file: C:\Program Files\NetBeans-2\netbeans\platform\lib\org-openide-util-lookup.jar
[2025-02-18 19:43:35.045]:         deleting file: C:\Program Files\NetBeans-2\netbeans\ide\config\Modules\org-openidex-util.xml
[2025-02-18 19:43:35.046]:         deleting file: C:\Program Files\NetBeans-2\netbeans\ide\config\Modules\org-apache-xmlrpc.xml
[2025-02-18 19:43:35.046]:         deleting file: C:\Program Files\NetBeans-2\netbeans\ide\modules\org-netbeans-modules-git.jar
[2025-02-18 19:43:35.046]:         deleting file: C:\Program Files\NetBeans-2\netbeans\ide\modules\org-netbeans-libs-lucene.jar
[2025-02-18 19:43:35.047]:         deleting file: C:\Program Files\NetBeans-2\netbeans\ide\modules\org-netbeans-spi-palette.jar
[2025-02-18 19:43:35.047]:         deleting file: C:\Program Files\NetBeans-2\netbeans\ide\modules\org-netbeans-modules-xsl.jar
[2025-02-18 19:43:35.048]:         deleting file: C:\Program Files\NetBeans-2\netbeans\ide\modules\org-eclipse-core-runtime.jar
[2025-02-18 19:43:35.048]:         deleting file: C:\Program Files\NetBeans-2\netbeans\ide\modules\org-netbeans-libs-xerces.jar
[2025-02-18 19:43:35.048]:         deleting file: C:\Program Files\NetBeans-2\netbeans\ide\modules\org-netbeans-modules-xml.jar
[2025-02-18 19:43:35.049]:         deleting file: C:\Program Files\NetBeans-2\netbeans\ide\update_tracking\com-google-guava.xml
[2025-02-18 19:43:35.049]:         deleting file: C:\Program Files\NetBeans-2\netbeans\ide\update_tracking\com-jcraft-jzlib.xml
[2025-02-18 19:43:35.050]:         deleting file: C:\Program Files\NetBeans-2\netbeans\ide\update_tracking\org-eclipse-jgit.xml
[2025-02-18 19:43:35.050]:         deleting file: C:\Program Files\NetBeans-2\netbeans\ide\bin\nativeexecution\SunOS-x86_64\pty
[2025-02-18 19:43:35.050]:         deleting file: C:\Program Files\NetBeans-2\netbeans\ide\bin\nativeexecution\Linux-x86_64\pty
[2025-02-18 19:43:35.050]:         deleting file: C:\Program Files\NetBeans-2\netbeans\nb\config\J2EE\InstalledServers\.nbattrs
[2025-02-18 19:43:35.051]:             ... file does not exist
[2025-02-18 19:43:35.051]:         deleting directory: C:\Program Files\NetBeans-2\netbeans\harness\nbi\stub\ext\infra\build\engine
[2025-02-18 19:43:35.051]:         deleting file: C:\Program Files\NetBeans-2\netbeans\extide\modules\gradle\nb-tooling.gradle
[2025-02-18 19:43:35.052]:         deleting file: C:\Program Files\NetBeans-2\netbeans\licenses\MIT-vscode-material-icon-theme
[2025-02-18 19:43:35.052]:         deleting file: C:\Program Files\NetBeans-2\netbeans\harness\modules\org-netbeans-insane.jar
[2025-02-18 19:43:35.052]:         deleting file: C:\Program Files\NetBeans-2\netbeans\harness\nbi\stub\ext\engine\manifest.mf
[2025-02-18 19:43:35.053]:         deleting file: C:\Program Files\NetBeans-2\netbeans\platform\modules\net-java-html-json.jar
[2025-02-18 19:43:35.053]:         deleting file: C:\Program Files\NetBeans-2\netbeans\platform\modules\org-openide-compat.jar
[2025-02-18 19:43:35.054]:         deleting file: C:\Program Files\NetBeans-2\netbeans\platform\modules\ext\batik-gvt-1.17.jar
[2025-02-18 19:43:35.054]:         deleting file: C:\Program Files\NetBeans-2\netbeans\platform\modules\ext\batik-xml-1.17.jar
[2025-02-18 19:43:35.054]:         deleting file: C:\Program Files\NetBeans-2\netbeans\platform\modules\ext\batik-css-1.17.jar
[2025-02-18 19:43:35.055]:         deleting file: C:\Program Files\NetBeans-2\netbeans\platform\modules\ext\batik-ext-1.17.jar
[2025-02-18 19:43:35.055]:         deleting file: C:\Program Files\NetBeans-2\netbeans\platform\modules\ext\batik-dom-1.17.jar
[2025-02-18 19:43:35.055]:         deleting file: C:\Program Files\NetBeans-2\netbeans\platform\modules\net-java-html-boot.jar
[2025-02-18 19:43:35.055]:         deleting file: C:\Program Files\NetBeans-2\netbeans\platform\core\org-netbeans-libs-asm.jar
[2025-02-18 19:43:35.056]:         deleting file: C:\Program Files\NetBeans-2\netbeans\platform\docs\testng-6.13.1-javadoc.jar
[2025-02-18 19:43:35.056]:         deleting file: C:\Program Files\NetBeans-2\netbeans\ide\config\Modules\com-google-guava.xml
[2025-02-18 19:43:35.056]:         deleting file: C:\Program Files\NetBeans-2\netbeans\ide\config\Modules\com-jcraft-jzlib.xml
[2025-02-18 19:43:35.057]:         deleting file: C:\Program Files\NetBeans-2\netbeans\ide\config\Modules\org-eclipse-jgit.xml
[2025-02-18 19:43:35.057]:         deleting file: C:\Program Files\NetBeans-2\netbeans\ide\modules\org-netbeans-libs-tomlj.jar
[2025-02-18 19:43:35.058]:         deleting file: C:\Program Files\NetBeans-2\netbeans\ide\modules\org-eclipse-equinox-app.jar
[2025-02-18 19:43:35.058]:         deleting file: C:\Program Files\NetBeans-2\netbeans\ide\modules\org-apache-xml-resolver.jar
[2025-02-18 19:43:35.058]:         deleting file: C:\Program Files\NetBeans-2\netbeans\ide\modules\org-netbeans-libs-ini4j.jar
[2025-02-18 19:43:35.058]:         deleting file: C:\Program Files\NetBeans-2\netbeans\ide\modules\org-netbeans-api-xml-ui.jar
[2025-02-18 19:43:35.059]:         deleting file: C:\Program Files\NetBeans-2\netbeans\ide\modules\ext\antlr-runtime-3.5.2.jar
[2025-02-18 19:43:35.059]:         deleting file: C:\Program Files\NetBeans-2\netbeans\ide\modules\org-eclipse-jgit-gpg-bc.jar
[2025-02-18 19:43:35.059]:         deleting file: C:\Program Files\NetBeans-2\netbeans\ide\modules\org-netbeans-modules-db.jar
[2025-02-18 19:43:35.059]:         deleting file: C:\Program Files\NetBeans-2\netbeans\ide\modules\org-apache-commons-lang.jar
[2025-02-18 19:43:35.060]:         deleting file: C:\Program Files\NetBeans-2\netbeans\ide\update_tracking\com-jcraft-jsch.xml
[2025-02-18 19:43:35.060]:         deleting file: C:\Program Files\NetBeans-2\netbeans\ide\update_tracking\com-google-gson.xml
[2025-02-18 19:43:35.066]:         deleting file: C:\Program Files\NetBeans-2\netbeans\ide\bin\nativeexecution\Windows-x86\pty
[2025-02-18 19:43:35.066]:         deleting file: C:\Program Files\NetBeans-2\netbeans\ide\bin\nativeexecution\MacOSX-x86\stat
[2025-02-18 19:43:35.067]:         deleting file: C:\Program Files\NetBeans-2\netbeans\ide\bin\nativeexecution\SunOS-x86\privp
[2025-02-18 19:43:35.067]:         deleting directory: C:\Program Files\NetBeans-2\netbeans\harness\nbi\stub\ext\engine\src\native
[2025-02-18 19:43:35.067]:         deleting directory: C:\Program Files\NetBeans-2\netbeans\ide\bin\nativeexecution\Linux-sparc_64
[2025-02-18 19:43:35.068]:         deleting directory: C:\Program Files\NetBeans-2\netbeans\ide\bin\nativeexecution\Windows-x86_64
[2025-02-18 19:43:35.068]:         deleting directory: C:\Program Files\NetBeans-2\netbeans\ide\bin\nativeexecution\SunOS-sparc_64
[2025-02-18 19:43:35.068]:         deleting file: C:\Program Files\NetBeans-2\netbeans\extide\ant\lib\ant-commons-logging.jar
[2025-02-18 19:43:35.068]:         deleting file: C:\Program Files\NetBeans-2\netbeans\extide\ant\lib\ant-apache-resolver.jar
[2025-02-18 19:43:35.069]:         deleting file: C:\Program Files\NetBeans-2\netbeans\extide\ant\etc\junit-frames-xalan1.xsl
[2025-02-18 19:43:35.070]:         deleting file: C:\Program Files\NetBeans-2\netbeans\harness\nbi\.common\product.properties
[2025-02-18 19:43:35.071]:         deleting file: C:\Program Files\NetBeans-2\netbeans\platform\modules\net-java-html-geo.jar
[2025-02-18 19:43:35.071]:         deleting file: C:\Program Files\NetBeans-2\netbeans\platform\modules\ext\testng-6.14.3.jar
[2025-02-18 19:43:35.072]:         deleting file: C:\Program Files\NetBeans-2\netbeans\platform\modules\org-netbeans-core.jar
[2025-02-18 19:43:35.072]:         deleting file: C:\Program Files\NetBeans-2\netbeans\platform\modules\org-openide-nodes.jar
[2025-02-18 19:43:35.072]:         deleting file: C:\Program Files\NetBeans-2\netbeans\platform\docs\junit-4.13.2-javadoc.jar
[2025-02-18 19:43:35.073]:         deleting file: C:\Program Files\NetBeans-2\netbeans\platform\docs\junit-4.13.2-sources.jar
[2025-02-18 19:43:35.073]:         deleting file: C:\Program Files\NetBeans-2\netbeans\ide\config\Modules\com-jcraft-jsch.xml
[2025-02-18 19:43:35.073]:         deleting file: C:\Program Files\NetBeans-2\netbeans\ide\config\Modules\com-google-gson.xml
[2025-02-18 19:43:35.074]:         deleting file: C:\Program Files\NetBeans-2\netbeans\ide\modules\org-netbeans-libs-jaxb.jar
[2025-02-18 19:43:35.074]:         deleting file: C:\Program Files\NetBeans-2\netbeans\ide\modules\ext\truffle-api-20.3.0.jar
[2025-02-18 19:43:35.075]:         deleting file: C:\Program Files\NetBeans-2\netbeans\ide\modules\ext\commons-net-3.10.0.jar
[2025-02-18 19:43:35.075]:         deleting file: C:\Program Files\NetBeans-2\netbeans\ide\bin\nativeexecution\MacOSX-x86\pty
[2025-02-18 19:43:35.075]:         deleting file: C:\Program Files\NetBeans-2\netbeans\ide\bin\nativeexecution\Linux-x86\stat
[2025-02-18 19:43:35.076]:         deleting file: C:\Program Files\NetBeans-2\netbeans\ide\bin\nativeexecution\SunOS-x86\stat
[2025-02-18 19:43:35.076]:         deleting file: C:\Program Files\NetBeans-2\netbeans\nb\config\JavaDB\registration_instance
[2025-02-18 19:43:35.076]:             ... file does not exist
[2025-02-18 19:43:35.076]:         deleting directory: C:\Program Files\NetBeans-2\netbeans\harness\nbi\stub\ext\engine\nbproject
[2025-02-18 19:43:35.076]:         deleting directory: C:\Program Files\NetBeans-2\netbeans\ide\bin\nativeexecution\MacOSX-x86_64
[2025-02-18 19:43:35.076]:         deleting directory: C:\Program Files\NetBeans-2\netbeans\ide\bin\nativeexecution\MacOSX-arm_64
[2025-02-18 19:43:35.076]:         deleting directory: C:\Program Files\NetBeans-2\netbeans\ide\bin\nativeexecution\Linux-aarch64
[2025-02-18 19:43:35.077]:         deleting file: C:\Program Files\NetBeans-2\netbeans\harness\modules\ext\jemmy-2.3.1.1.jar
[2025-02-18 19:43:35.077]:         deleting file: C:\Program Files\NetBeans-2\netbeans\harness\modules\ext\nbi-ant-tasks.jar
[2025-02-18 19:43:35.081]:         deleting file: C:\Program Files\NetBeans-2\netbeans\harness\nbi\.common\common.properties
[2025-02-18 19:43:35.082]:         deleting file: C:\Program Files\NetBeans-2\netbeans\harness\nbi\.common\engine.properties
[2025-02-18 19:43:35.082]:         deleting file: C:\Program Files\NetBeans-2\netbeans\harness\nbi\stub\ext\engine\build.xml
[2025-02-18 19:43:35.082]:         deleting file: C:\Program Files\NetBeans-2\netbeans\platform\modules\ext\junit-4.13.2.jar
[2025-02-18 19:43:35.082]:         deleting file: C:\Program Files\NetBeans-2\netbeans\platform\modules\org-openide-text.jar
[2025-02-18 19:43:35.083]:         deleting file: C:\Program Files\NetBeans-2\netbeans\ide\modules\org-netbeans-core-ide.jar
[2025-02-18 19:43:35.083]:         deleting file: C:\Program Files\NetBeans-2\netbeans\ide\modules\ext\json-simple-1.1.1.jar
[2025-02-18 19:43:35.083]:         deleting file: C:\Program Files\NetBeans-2\netbeans\ide\modules\ext\lucene-core-3.6.2.jar
[2025-02-18 19:43:35.084]:         deleting file: C:\Program Files\NetBeans-2\netbeans\ide\modules\ext\freemarker-2.3.32.jar
[2025-02-18 19:43:35.084]:         deleting file: C:\Program Files\NetBeans-2\netbeans\ide\modules\ext\fastexcel-0.10.15.jar
[2025-02-18 19:43:35.085]:         deleting file: C:\Program Files\NetBeans-2\netbeans\ide\modules\ext\jaxb\api\jaxb-api.jar
[2025-02-18 19:43:35.085]:         deleting file: C:\Program Files\NetBeans-2\netbeans\ide\modules\ext\postgresql-42.5.4.jar
[2025-02-18 19:43:35.085]:         deleting file: C:\Program Files\NetBeans-2\netbeans\ide\modules\org-netbeans-libs-git.jar
[2025-02-18 19:43:35.087]:         deleting file: C:\Program Files\NetBeans-2\netbeans\ide\modules\org-eclipse-core-jobs.jar
[2025-02-18 19:43:35.087]:         deleting file: C:\Program Files\NetBeans-2\netbeans\ide\bin\nativeexecution\Linux-x86\pty
[2025-02-18 19:43:35.087]:         deleting file: C:\Program Files\NetBeans-2\netbeans\ide\bin\nativeexecution\SunOS-x86\pty
[2025-02-18 19:43:35.088]:         deleting directory: C:\Program Files\NetBeans-2\netbeans\harness\nbi\stub\ext\engine\src\data
[2025-02-18 19:43:35.088]:         deleting directory: C:\Program Files\NetBeans-2\netbeans\ide\bin\nativeexecution\SunOS-x86_64
[2025-02-18 19:43:35.088]:         deleting directory: C:\Program Files\NetBeans-2\netbeans\ide\bin\nativeexecution\Linux-x86_64
[2025-02-18 19:43:35.088]:         deleting file: C:\Program Files\NetBeans-2\netbeans\extide\ant\lib\ant-junitlauncher.jar
[2025-02-18 19:43:35.089]:         deleting file: C:\Program Files\NetBeans-2\netbeans\extide\ant\lib\ant-apache-xalan2.jar
[2025-02-18 19:43:35.089]:         deleting file: C:\Program Files\NetBeans-2\netbeans\extide\ant\lib\ant-apache-regexp.jar
[2025-02-18 19:43:35.089]:         deleting file: C:\Program Files\NetBeans-2\netbeans\licenses\Apache-2.0-XML-Commons-APIs
[2025-02-18 19:43:35.090]:         deleting file: C:\Program Files\NetBeans-2\netbeans\nb\modules\ext\locale\updater_nb.jar
[2025-02-18 19:43:35.091]:         deleting file: C:\Program Files\NetBeans-2\netbeans\nb\docs\SwingInteropDescription.html
[2025-02-18 19:43:35.091]:         deleting file: C:\Program Files\NetBeans-2\netbeans\harness\nbi\.common\group.properties
[2025-02-18 19:43:35.091]:         deleting file: C:\Program Files\NetBeans-2\netbeans\platform\modules\ext\flatlaf-3.3.jar
[2025-02-18 19:43:35.092]:         deleting file: C:\Program Files\NetBeans-2\netbeans\platform\modules\org-openide-awt.jar
[2025-02-18 19:43:35.092]:         deleting file: C:\Program Files\NetBeans-2\netbeans\platform\lib\org-openide-util-ui.jar
[2025-02-18 19:43:35.092]:         deleting file: C:\Program Files\NetBeans-2\netbeans\platform\lib\org-openide-modules.jar
[2025-02-18 19:43:35.093]:         deleting file: C:\Program Files\NetBeans-2\netbeans\ide\modules\org-eclipse-core-net.jar
[2025-02-18 19:43:35.093]:         deleting file: C:\Program Files\NetBeans-2\netbeans\ide\modules\ext\simplevalidation.jar
[2025-02-18 19:43:35.093]:         deleting file: C:\Program Files\NetBeans-2\netbeans\ide\modules\ext\graal-sdk-20.3.0.jar
[2025-02-18 19:43:35.097]:         deleting file: C:\Program Files\NetBeans-2\netbeans\ide\modules\ext\org-netbeans-tax.jar
[2025-02-18 19:43:35.097]:         deleting file: C:\Program Files\NetBeans-2\netbeans\ide\modules\ext\snakeyaml-engine.jar
[2025-02-18 19:43:35.098]:         deleting file: C:\Program Files\NetBeans-2\netbeans\ide\modules\org-netbeans-api-lsp.jar
[2025-02-18 19:43:35.098]:         deleting file: C:\Program Files\NetBeans-2\netbeans\ide\modules\org-netbeans-api-xml.jar
[2025-02-18 19:43:35.098]:         deleting file: C:\Program Files\NetBeans-2\netbeans\ide\modules\org-eclipse-jgit-lfs.jar
[2025-02-18 19:43:35.098]:         deleting directory: C:\Program Files\NetBeans-2\netbeans\harness\nbi\stub\ext\engine\src\org
[2025-02-18 19:43:35.099]:         deleting directory: C:\Program Files\NetBeans-2\netbeans\extide\modules\gradle\daemon-loader
[2025-02-18 19:43:35.099]:         deleting directory: C:\Program Files\NetBeans-2\netbeans\ide\bin\nativeexecution\Windows-x86
[2025-02-18 19:43:35.099]:         deleting file: C:\Program Files\NetBeans-2\netbeans\extide\ant\lib\ant-apache-log4j.jar
[2025-02-18 19:43:35.099]:         deleting file: C:\Program Files\NetBeans-2\netbeans\nb\docs\GUIExamplesDescription.html
[2025-02-18 19:43:35.100]:         deleting file: C:\Program Files\NetBeans-2\netbeans\platform\modules\org-openide-io.jar
[2025-02-18 19:43:35.102]:         deleting file: C:\Program Files\NetBeans-2\netbeans\platform\modules\ext\jna-5.12.1.jar
[2025-02-18 19:43:35.103]:         deleting file: C:\Program Files\NetBeans-2\netbeans\ide\modules\ext\flexmark-0.64.8.jar
[2025-02-18 19:43:35.104]:         deleting file: C:\Program Files\NetBeans-2\netbeans\ide\modules\ext\commons-csv-1.8.jar
[2025-02-18 19:43:35.104]:         deleting file: C:\Program Files\NetBeans-2\netbeans\ide\modules\ext\jcodings-1.0.18.jar
[2025-02-18 19:43:35.105]:         deleting file: C:\Program Files\NetBeans-2\netbeans\ide\modules\ext\jaxb\activation.jar
[2025-02-18 19:43:35.105]:         deleting file: C:\Program Files\NetBeans-2\netbeans\ide\update_tracking\slf4j-jdk14.xml
[2025-02-18 19:43:35.106]:         deleting file: C:\Program Files\NetBeans-2\netbeans\ide\bin\nativeexecution\hostinfo.sh
[2025-02-18 19:43:35.110]:         deleting file: C:\Program Files\NetBeans-2\netbeans\nb\config\JavaFX\Instances\.nbattrs
[2025-02-18 19:43:35.110]:             ... file does not exist
[2025-02-18 19:43:35.110]:         deleting directory: C:\Program Files\NetBeans-2\netbeans\platform\modules\lib\aarch64\linux
[2025-02-18 19:43:35.110]:         deleting directory: C:\Program Files\NetBeans-2\netbeans\platform\modules\lib\riscv64\linux
[2025-02-18 19:43:35.110]:         deleting directory: C:\Program Files\NetBeans-2\netbeans\ide\bin\nativeexecution\MacOSX-x86
[2025-02-18 19:43:35.111]:         deleting file: C:\Program Files\NetBeans-2\netbeans\extide\ant\lib\ant-jakartamail.jar
[2025-02-18 19:43:35.111]:         deleting file: C:\Program Files\NetBeans-2\netbeans\extide\ant\lib\ant-commons-net.jar
[2025-02-18 19:43:35.111]:         deleting file: C:\Program Files\NetBeans-2\netbeans\extide\ant\lib\ant-apache-bcel.jar
[2025-02-18 19:43:35.112]:         deleting file: C:\Program Files\NetBeans-2\netbeans\extide\ant\etc\mmetrics-frames.xsl
[2025-02-18 19:43:35.112]:         deleting file: C:\Program Files\NetBeans-2\netbeans\extide\ant\etc\coverage-frames.xsl
[2025-02-18 19:43:35.113]:         deleting file: C:\Program Files\NetBeans-2\netbeans\extide\ant\bin\complete-ant-cmd.pl
[2025-02-18 19:43:35.114]:         deleting file: C:\Program Files\NetBeans-2\netbeans\licenses\MIT-cpp-textmate-grammars
[2025-02-18 19:43:35.114]:         deleting file: C:\Program Files\NetBeans-2\netbeans\harness\modules\ext\nbi-engine.jar
[2025-02-18 19:43:35.114]:         deleting file: C:\Program Files\NetBeans-2\netbeans\harness\docs\jemmy-2.3.1.1-doc.zip
[2025-02-18 19:43:35.115]:         deleting file: C:\Program Files\NetBeans-2\netbeans\harness\docs\jemmy-2.3.1.1-src.zip
[2025-02-18 19:43:35.116]:         deleting file: C:\Program Files\NetBeans-2\netbeans\platform\modules\net-java-html.jar
[2025-02-18 19:43:35.116]:         deleting file: C:\Program Files\NetBeans-2\netbeans\ide\config\Modules\slf4j-jdk14.xml
[2025-02-18 19:43:35.117]:         deleting file: C:\Program Files\NetBeans-2\netbeans\ide\modules\ext\adapter-javahl.jar
[2025-02-18 19:43:35.118]:         deleting file: C:\Program Files\NetBeans-2\netbeans\ide\modules\ext\jaxb\jaxb-impl.jar
[2025-02-18 19:43:35.119]:         deleting directory: C:\Program Files\NetBeans-2\netbeans\nb\config\Preferences\org\netbeans
[2025-02-18 19:43:35.119]:         deleting file: C:\Program Files\NetBeans-2\netbeans\nb\config\GlassFishEE6WC\Instances
[2025-02-18 19:43:35.120]:             ... file does not exist
[2025-02-18 19:43:35.120]:         deleting directory: C:\Program Files\NetBeans-2\netbeans\ide\bin\nativeexecution\Linux-x86
[2025-02-18 19:43:35.121]:         deleting directory: C:\Program Files\NetBeans-2\netbeans\ide\bin\nativeexecution\SunOS-x86
[2025-02-18 19:43:35.121]:         deleting file: C:\Program Files\NetBeans-2\netbeans\extide\ant\lib\ant-apache-bsf.jar
[2025-02-18 19:43:35.121]:         deleting file: C:\Program Files\NetBeans-2\netbeans\extide\ant\lib\ant-apache-oro.jar
[2025-02-18 19:43:35.122]:         deleting file: C:\Program Files\NetBeans-2\netbeans\extide\ant\etc\junit-noframes.xsl
[2025-02-18 19:43:35.122]:         deleting file: C:\Program Files\NetBeans-2\netbeans\extide\ant\etc\jdepend-frames.xsl
[2025-02-18 19:43:35.123]:         deleting file: C:\Program Files\NetBeans-2\netbeans\nb\core\org-netbeans-upgrader.jar
[2025-02-18 19:43:35.123]:         deleting file: C:\Program Files\NetBeans-2\netbeans\harness\nbi\stub\build.properties
[2025-02-18 19:43:35.123]:         deleting file: C:\Program Files\NetBeans-2\netbeans\platform\lib\org-openide-util.jar
[2025-02-18 19:43:35.123]:         deleting file: C:\Program Files\NetBeans-2\netbeans\platform\core\asm-commons-9.6.jar
[2025-02-18 19:43:35.124]:         deleting file: C:\Program Files\NetBeans-2\netbeans\ide\modules\org-apache-xmlrpc.jar
[2025-02-18 19:43:35.124]:         deleting file: C:\Program Files\NetBeans-2\netbeans\ide\modules\org-openidex-util.jar
[2025-02-18 19:43:35.124]:         deleting file: C:\Program Files\NetBeans-2\netbeans\ide\modules\ext\derbysampledb.zip
[2025-02-18 19:43:35.124]:         deleting file: C:\Program Files\NetBeans-2\netbeans\ide\modules\ext\jaxb\jaxb-xjc.jar
[2025-02-18 19:43:35.125]:         deleting file: C:\Program Files\NetBeans-2\netbeans\ide\update_tracking\slf4j-api.xml
[2025-02-18 19:43:35.129]:         deleting file: C:\Program Files\NetBeans-2\netbeans\nb\var\cache\all-local-layers.dat
[2025-02-18 19:43:35.129]:         deleting directory: C:\Program Files\NetBeans-2\netbeans\harness\nbi\stub\ext\infra\build
[2025-02-18 19:43:35.130]:         deleting directory: C:\Program Files\NetBeans-2\netbeans\platform\modules\lib\amd64\linux
[2025-02-18 19:43:35.130]:         deleting file: C:\Program Files\NetBeans-2\netbeans\extide\ant\etc\ant-bootstrap.jar
[2025-02-18 19:43:35.130]:         deleting file: C:\Program Files\NetBeans-2\netbeans\extide\ant\etc\maudit-frames.xsl
[2025-02-18 19:43:35.130]:         deleting file: C:\Program Files\NetBeans-2\netbeans\harness\nbi\stub\tmpl.properties
[2025-02-18 19:43:35.131]:         deleting file: C:\Program Files\NetBeans-2\netbeans\harness\etc\applicationIcon.icns
[2025-02-18 19:43:35.131]:         deleting file: C:\Program Files\NetBeans-2\netbeans\harness\launchers\pre7_app_w.exe
[2025-02-18 19:43:35.132]:         deleting file: C:\Program Files\NetBeans-2\netbeans\platform\modules\ext\updater.jar
[2025-02-18 19:43:35.132]:         deleting file: C:\Program Files\NetBeans-2\netbeans\ide\config\Modules\slf4j-api.xml
[2025-02-18 19:43:35.134]:         deleting file: C:\Program Files\NetBeans-2\netbeans\ide\modules\lib\extbrowser64.dll
[2025-02-18 19:43:35.135]:         deleting file: C:\Program Files\NetBeans-2\netbeans\ide\modules\ext\jsoup-1.15.4.jar
[2025-02-18 19:43:35.135]:         deleting file: C:\Program Files\NetBeans-2\netbeans\ide\modules\ext\opczip-1.2.0.jar
[2025-02-18 19:43:35.135]:         deleting file: C:\Program Files\NetBeans-2\netbeans\ide\modules\ext\xerces-2.8.0.jar
[2025-02-18 19:43:35.136]:         deleting file: C:\Program Files\NetBeans-2\netbeans\ide\modules\ext\resolver-1.2.jar
[2025-02-18 19:43:35.136]:         deleting file: C:\Program Files\NetBeans-2\netbeans\ide\modules\ext\adapter-base.jar
[2025-02-18 19:43:35.136]:         deleting file: C:\Program Files\NetBeans-2\netbeans\ide\modules\ext\html5-parser.jar
[2025-02-18 19:43:35.137]:         deleting file: C:\Program Files\NetBeans-2\netbeans\ide\modules\org-eclipse-jgit.jar
[2025-02-18 19:43:35.137]:         deleting file: C:\Program Files\NetBeans-2\netbeans\ide\modules\com-jcraft-jzlib.jar
[2025-02-18 19:43:35.137]:         deleting file: C:\Program Files\NetBeans-2\netbeans\ide\modules\com-google-guava.jar
[2025-02-18 19:43:35.137]:         deleting file: C:\Program Files\NetBeans-2\netbeans\ide\bin\nativeexecution\dorun.sh
[2025-02-18 19:43:35.137]:         deleting file: C:\Program Files\NetBeans-2\netbeans\nb\config\GlassFishEE6\Instances
[2025-02-18 19:43:35.139]:             ... file does not exist
[2025-02-18 19:43:35.139]:         deleting directory: C:\Program Files\NetBeans-2\netbeans\harness\nbi\stub\ext\engine\src
[2025-02-18 19:43:35.139]:         deleting directory: C:\Program Files\NetBeans-2\netbeans\harness\nbi\stub\ext\components
[2025-02-18 19:43:35.139]:         deleting directory: C:\Program Files\NetBeans-2\netbeans\platform\modules\lib\i386\linux
[2025-02-18 19:43:35.139]:         deleting file: C:\Program Files\NetBeans-2\netbeans\extide\ant\lib\ant-testutil.jar
[2025-02-18 19:43:35.139]:         deleting file: C:\Program Files\NetBeans-2\netbeans\extide\ant\lib\ant-javamail.jar
[2025-02-18 19:43:35.140]:         deleting file: C:\Program Files\NetBeans-2\netbeans\extide\ant\lib\ant-launcher.jar
[2025-02-18 19:43:35.140]:         deleting file: C:\Program Files\NetBeans-2\netbeans\extide\ant\etc\junit-frames.xsl
[2025-02-18 19:43:35.140]:         deleting file: C:\Program Files\NetBeans-2\netbeans\licenses\Apache-2.0-typescript2
[2025-02-18 19:43:35.141]:         deleting file: C:\Program Files\NetBeans-2\netbeans\nb\docs\images\banner-right.png
[2025-02-18 19:43:35.141]:         deleting file: C:\Program Files\NetBeans-2\netbeans\harness\nbi\.common\product.xml
[2025-02-18 19:43:35.141]:         deleting file: C:\Program Files\NetBeans-2\netbeans\ide\modules\com-jcraft-jsch.jar
[2025-02-18 19:43:35.142]:         deleting file: C:\Program Files\NetBeans-2\netbeans\ide\modules\ext\icu4j-4_4_2.jar
[2025-02-18 19:43:35.142]:         deleting file: C:\Program Files\NetBeans-2\netbeans\ide\modules\ext\ini4j-0.5.1.jar
[2025-02-18 19:43:35.142]:         deleting file: C:\Program Files\NetBeans-2\netbeans\ide\modules\ext\joni-2.1.11.jar
[2025-02-18 19:43:35.143]:         deleting file: C:\Program Files\NetBeans-2\netbeans\ide\modules\com-google-gson.jar
[2025-02-18 19:43:35.143]:         deleting file: C:\Program Files\NetBeans-2\netbeans\nb\config\J2EE\InstalledServers
[2025-02-18 19:43:35.143]:             ... file does not exist
[2025-02-18 19:43:35.143]:         deleting directory: C:\Program Files\NetBeans-2\netbeans\platform\config\ModuleAutoDeps
[2025-02-18 19:43:35.144]:         deleting file: C:\Program Files\NetBeans-2\netbeans\extide\ant\lib\ant-netrexx.jar
[2025-02-18 19:43:35.144]:         deleting file: C:\Program Files\NetBeans-2\netbeans\extide\ant\lib\ant-jdepend.jar
[2025-02-18 19:43:35.144]:         deleting file: C:\Program Files\NetBeans-2\netbeans\extide\ant\lib\ant-imageio.jar
[2025-02-18 19:43:35.144]:         deleting file: C:\Program Files\NetBeans-2\netbeans\licenses\Apache-2.0+MIT+testng
[2025-02-18 19:43:35.145]:         deleting file: C:\Program Files\NetBeans-2\netbeans\licenses\Apache-2.0-freemarker
[2025-02-18 19:43:35.145]:         deleting file: C:\Program Files\NetBeans-2\netbeans\licenses\CDDL-1.1-MIT-jaxb-xjc
[2025-02-18 19:43:35.146]:         deleting file: C:\Program Files\NetBeans-2\netbeans\licenses\Apache-2.0+MIT-Bindex
[2025-02-18 19:43:35.146]:         deleting file: C:\Program Files\NetBeans-2\netbeans\nb\docs\images\banner-left.png
[2025-02-18 19:43:35.146]:         deleting file: C:\Program Files\NetBeans-2\netbeans\harness\nbi\.common\common.xml
[2025-02-18 19:43:35.146]:         deleting file: C:\Program Files\NetBeans-2\netbeans\harness\nbi\.common\engine.xml
[2025-02-18 19:43:35.147]:         deleting file: C:\Program Files\NetBeans-2\netbeans\harness\launchers\pre7_app.exe
[2025-02-18 19:43:35.147]:         deleting file: C:\Program Files\NetBeans-2\netbeans\harness\jnlp\jnlp-launcher.jar
[2025-02-18 19:43:35.147]:         deleting file: C:\Program Files\NetBeans-2\netbeans\platform\core\asm-tree-9.6.jar
[2025-02-18 19:43:35.147]:         deleting file: C:\Program Files\NetBeans-2\netbeans\ide\modules\lib\extbrowser.dll
[2025-02-18 19:43:35.148]:         deleting file: C:\Program Files\NetBeans-2\netbeans\ide\modules\ext\galimatias.jar
[2025-02-18 19:43:35.148]:         deleting file: C:\Program Files\NetBeans-2\netbeans\ide\modules\ext\langdetect.jar
[2025-02-18 19:43:35.148]:         deleting file: C:\Program Files\NetBeans-2\netbeans\ide\update_tracking\bcpkix.xml
[2025-02-18 19:43:35.148]:         deleting file: C:\Program Files\NetBeans-2\netbeans\ide\update_tracking\bcutil.xml
[2025-02-18 19:43:35.149]:         deleting file: C:\Program Files\NetBeans-2\netbeans\ide\update_tracking\bcprov.xml
[2025-02-18 19:43:35.149]:         deleting file: C:\Program Files\NetBeans-2\netbeans\nb\servicetag\registration.xml
[2025-02-18 19:43:35.149]:             ... file does not exist
[2025-02-18 19:43:35.149]:         deleting file: C:\Program Files\NetBeans-2\netbeans\nb\var\cache\all-installer.dat
[2025-02-18 19:43:35.149]:         deleting file: C:\Program Files\NetBeans-2\netbeans\nb\var\cache\all-manifests.dat
[2025-02-18 19:43:35.150]:         deleting file: C:\Program Files\NetBeans-2\netbeans\nb\var\cache\all-resources.dat
[2025-02-18 19:43:35.150]:         deleting file: C:\Program Files\NetBeans-2\netbeans\nb\var\cache\package-attrs.dat
[2025-02-18 19:43:35.150]:         deleting directory: C:\Program Files\NetBeans-2\netbeans\ide\modules\lib\aarch64\linux
[2025-02-18 19:43:35.150]:         deleting directory: C:\Program Files\NetBeans-2\netbeans\ide\modules\lib\riscv64\linux
[2025-02-18 19:43:35.150]:         deleting directory: C:\Program Files\NetBeans-2\netbeans\ide\docs\org\netbeans\modules
[2025-02-18 19:43:35.150]:         deleting file: C:\Program Files\NetBeans-2\netbeans\extide\ant\lib\ant-junit4.jar
[2025-02-18 19:43:35.158]:         deleting file: C:\Program Files\NetBeans-2\netbeans\licenses\EPL-v10-with-commons
[2025-02-18 19:43:35.159]:         deleting file: C:\Program Files\NetBeans-2\netbeans\licenses\BSD-antlr-runtime4-2
[2025-02-18 19:43:35.159]:         deleting file: C:\Program Files\NetBeans-2\netbeans\licenses\BSD-antlr-go-grammar
[2025-02-18 19:43:35.160]:         deleting file: C:\Program Files\NetBeans-2\netbeans\nb\docs\images\background.png
[2025-02-18 19:43:35.160]:         deleting file: C:\Program Files\NetBeans-2\netbeans\nb\docs\images\down-right.png
[2025-02-18 19:43:35.161]:         deleting file: C:\Program Files\NetBeans-2\netbeans\harness\nbi\.common\group.xml
[2025-02-18 19:43:35.161]:         deleting file: C:\Program Files\NetBeans-2\netbeans\harness\nbi\stub\template.xml
[2025-02-18 19:43:35.162]:         deleting file: C:\Program Files\NetBeans-2\netbeans\harness\antlib\bindex-2.2.jar
[2025-02-18 19:43:35.162]:         deleting file: C:\Program Files\NetBeans-2\netbeans\ide\config\Modules\bcpkix.xml
[2025-02-18 19:43:35.162]:         deleting file: C:\Program Files\NetBeans-2\netbeans\ide\config\Modules\bcutil.xml
[2025-02-18 19:43:35.162]:         deleting file: C:\Program Files\NetBeans-2\netbeans\ide\config\Modules\bcprov.xml
[2025-02-18 19:43:35.162]:         deleting file: C:\Program Files\NetBeans-2\netbeans\ide\modules\ext\winp-1.28.jar
[2025-02-18 19:43:35.163]:         deleting file: C:\Program Files\NetBeans-2\netbeans\ide\modules\ext\salvation.jar
[2025-02-18 19:43:35.164]:         deleting file: C:\Program Files\NetBeans-2\netbeans\ide\modules\ext\validator.jar
[2025-02-18 19:43:35.164]:         deleting file: C:\Program Files\NetBeans-2\netbeans\ide\modules\ext\webserver.jar
[2025-02-18 19:43:35.164]:         deleting file: C:\Program Files\NetBeans-2\netbeans\nb\var\cache\all-clusters.dat
[2025-02-18 19:43:35.165]:         deleting directory: C:\Program Files\NetBeans-2\netbeans\platform\modules\lib\aarch64
[2025-02-18 19:43:35.165]:         deleting directory: C:\Program Files\NetBeans-2\netbeans\platform\modules\lib\riscv64
[2025-02-18 19:43:35.165]:         deleting file: C:\Program Files\NetBeans-2\netbeans\extide\ant\lib\ant-antlr.jar
[2025-02-18 19:43:35.165]:         deleting file: C:\Program Files\NetBeans-2\netbeans\extide\ant\lib\ant-junit.jar
[2025-02-18 19:43:35.166]:         deleting file: C:\Program Files\NetBeans-2\netbeans\extide\ant\lib\ant-swing.jar
[2025-02-18 19:43:35.166]:         deleting file: C:\Program Files\NetBeans-2\netbeans\extide\ant\etc\changelog.xsl
[2025-02-18 19:43:35.166]:         deleting file: C:\Program Files\NetBeans-2\netbeans\licenses\EPL-v10-eclipselink
[2025-02-18 19:43:35.167]:         deleting file: C:\Program Files\NetBeans-2\netbeans\nb\docs\images\down-left.png
[2025-02-18 19:43:35.167]:         deleting file: C:\Program Files\NetBeans-2\netbeans\ide\modules\ext\isorelax.jar
[2025-02-18 19:43:35.167]:         deleting file: C:\Program Files\NetBeans-2\netbeans\ide\update_tracking\bcpg.xml
[2025-02-18 19:43:35.169]:         deleting file: C:\Program Files\NetBeans-2\netbeans\nb\var\cache\all-modules.dat
[2025-02-18 19:43:35.170]:         deleting file: C:\Program Files\NetBeans-2\netbeans\nb\var\cache\netigso-bundles
[2025-02-18 19:43:35.170]:         deleting directory: C:\Program Files\NetBeans-2\netbeans\harness\nbi\stub\ext\engine
[2025-02-18 19:43:35.170]:         deleting directory: C:\Program Files\NetBeans-2\netbeans\ide\modules\lib\amd64\linux
[2025-02-18 19:43:35.170]:         deleting directory: C:\Program Files\NetBeans-2\netbeans\platform\modules\lib\x86_64
[2025-02-18 19:43:35.170]:         deleting file: C:\Program Files\NetBeans-2\netbeans\extide\ant\lib\ant-jsch.jar
[2025-02-18 19:43:35.171]:         deleting file: C:\Program Files\NetBeans-2\netbeans\extide\ant\nblib\bridge.jar
[2025-02-18 19:43:35.171]:         deleting file: C:\Program Files\NetBeans-2\netbeans\licenses\Apache-2.0-spring5
[2025-02-18 19:43:35.172]:         deleting file: C:\Program Files\NetBeans-2\netbeans\licenses\Apache-2.0-spring4
[2025-02-18 19:43:35.173]:         deleting file: C:\Program Files\NetBeans-2\netbeans\licenses\Apache-2.0-spring3
[2025-02-18 19:43:35.173]:         deleting file: C:\Program Files\NetBeans-2\netbeans\licenses\BSD-antlr4-grammar
[2025-02-18 19:43:35.173]:         deleting file: C:\Program Files\NetBeans-2\netbeans\licenses\BSD-antlr-runtime3
[2025-02-18 19:43:35.174]:         deleting file: C:\Program Files\NetBeans-2\netbeans\nb\docs\images\up-right.png
[2025-02-18 19:43:35.174]:         deleting file: C:\Program Files\NetBeans-2\netbeans\harness\launchers\app64.exe
[2025-02-18 19:43:35.175]:         deleting file: C:\Program Files\NetBeans-2\netbeans\harness\no-testcoverage.xml
[2025-02-18 19:43:35.175]:         deleting file: C:\Program Files\NetBeans-2\netbeans\platform\core\core-base.jar
[2025-02-18 19:43:35.177]:         deleting file: C:\Program Files\NetBeans-2\netbeans\ide\config\Modules\bcpg.xml
[2025-02-18 19:43:35.178]:         deleting file: C:\Program Files\NetBeans-2\netbeans\ide\modules\slf4j-jdk14.jar
[2025-02-18 19:43:35.179]:         deleting file: C:\Program Files\NetBeans-2\netbeans\nb\var\cache\all-layers.dat
[2025-02-18 19:43:35.179]:         deleting file: C:\Program Files\NetBeans-2\netbeans\nb\var\cache\localeVariants
[2025-02-18 19:43:35.179]:         deleting directory: C:\Program Files\NetBeans-2\netbeans\harness\nbi\stub\ext\infra
[2025-02-18 19:43:35.180]:         deleting directory: C:\Program Files\NetBeans-2\netbeans\platform\modules\lib\amd64
[2025-02-18 19:43:35.180]:         deleting file: C:\Program Files\NetBeans-2\netbeans\extide\ant\lib\ant-jai.jar
[2025-02-18 19:43:35.180]:         deleting file: C:\Program Files\NetBeans-2\netbeans\extide\ant\lib\ant-jmf.jar
[2025-02-18 19:43:35.180]:         deleting file: C:\Program Files\NetBeans-2\netbeans\extide\ant\etc\tagdiff.xsl
[2025-02-18 19:43:35.180]:         deleting file: C:\Program Files\NetBeans-2\netbeans\extide\ant\etc\jdepend.xsl
[2025-02-18 19:43:35.181]:         deleting file: C:\Program Files\NetBeans-2\netbeans\licenses\Apache-2.0-groovy
[2025-02-18 19:43:35.181]:         deleting file: C:\Program Files\NetBeans-2\netbeans\licenses\Apache-2.0-lucene
[2025-02-18 19:43:35.181]:         deleting file: C:\Program Files\NetBeans-2\netbeans\licenses\Apache-2.0-tomcat
[2025-02-18 19:43:35.181]:         deleting file: C:\Program Files\NetBeans-2\netbeans\licenses\EPL-v10-with-osgi
[2025-02-18 19:43:35.182]:         deleting file: C:\Program Files\NetBeans-2\netbeans\nb\core\locale\core_nb.jar
[2025-02-18 19:43:35.182]:         deleting file: C:\Program Files\NetBeans-2\netbeans\nb\docs\images\circle6.gif
[2025-02-18 19:43:35.182]:         deleting file: C:\Program Files\NetBeans-2\netbeans\nb\docs\images\circle2.gif
[2025-02-18 19:43:35.183]:         deleting file: C:\Program Files\NetBeans-2\netbeans\nb\docs\images\circle3.gif
[2025-02-18 19:43:35.183]:         deleting file: C:\Program Files\NetBeans-2\netbeans\nb\docs\images\up-left.png
[2025-02-18 19:43:35.183]:         deleting file: C:\Program Files\NetBeans-2\netbeans\nb\docs\images\circle5.gif
[2025-02-18 19:43:35.183]:         deleting file: C:\Program Files\NetBeans-2\netbeans\nb\docs\images\circle1.gif
[2025-02-18 19:43:35.185]:         deleting file: C:\Program Files\NetBeans-2\netbeans\nb\docs\images\circle4.gif
[2025-02-18 19:43:35.185]:         deleting file: C:\Program Files\NetBeans-2\netbeans\harness\nbi\stub\build.xml
[2025-02-18 19:43:35.185]:         deleting file: C:\Program Files\NetBeans-2\netbeans\ide\modules\ext\javahl.jar
[2025-02-18 19:43:35.186]:         deleting file: C:\Program Files\NetBeans-2\netbeans\nb\config\JavaFX\Instances
[2025-02-18 19:43:35.186]:             ... file does not exist
[2025-02-18 19:43:35.186]:         deleting file: C:\Program Files\NetBeans-2\netbeans\nb\var\cache\all-files.dat
[2025-02-18 19:43:35.186]:         deleting directory: C:\Program Files\NetBeans-2\netbeans\ide\config\ModuleAutoDeps
[2025-02-18 19:43:35.186]:         deleting directory: C:\Program Files\NetBeans-2\netbeans\extide\ant\etc\checkstyle
[2025-02-18 19:43:35.189]:         deleting directory: C:\Program Files\NetBeans-2\netbeans\platform\modules\lib\i386
[2025-02-18 19:43:35.189]:         deleting file: C:\Program Files\NetBeans-2\netbeans\extide\ant\lib\ant-xz.jar
[2025-02-18 19:43:35.190]:         deleting file: C:\Program Files\NetBeans-2\netbeans\extide\ant\bin\envset.cmd
[2025-02-18 19:43:35.190]:         deleting file: C:\Program Files\NetBeans-2\netbeans\extide\ant\bin\antRun.bat
[2025-02-18 19:43:35.190]:         deleting file: C:\Program Files\NetBeans-2\netbeans\extide\ant\bin\antenv.cmd
[2025-02-18 19:43:35.191]:         deleting file: C:\Program Files\NetBeans-2\netbeans\licenses\MIT-java-grammar
[2025-02-18 19:43:35.191]:         deleting file: C:\Program Files\NetBeans-2\netbeans\licenses\MIT-bouncycastle
[2025-02-18 19:43:35.191]:         deleting file: C:\Program Files\NetBeans-2\netbeans\licenses\BSD-css3-grammar
[2025-02-18 19:43:35.191]:         deleting file: C:\Program Files\NetBeans-2\netbeans\licenses\BSD-jsfoundation
[2025-02-18 19:43:35.192]:         deleting file: C:\Program Files\NetBeans-2\netbeans\licenses\MIT-html5-parser
[2025-02-18 19:43:35.192]:         deleting file: C:\Program Files\NetBeans-2\netbeans\nb\docs\images\spacer.png
[2025-02-18 19:43:35.192]:         deleting file: C:\Program Files\NetBeans-2\netbeans\harness\launchers\app.exe
[2025-02-18 19:43:35.192]:         deleting file: C:\Program Files\NetBeans-2\netbeans\platform\lib\nbexec64.dll
[2025-02-18 19:43:35.192]:         deleting file: C:\Program Files\NetBeans-2\netbeans\platform\lib\nbexec64.exe
[2025-02-18 19:43:35.193]:         deleting file: C:\Program Files\NetBeans-2\netbeans\platform\core\asm-9.6.jar
[2025-02-18 19:43:35.193]:         deleting file: C:\Program Files\NetBeans-2\netbeans\ide\modules\slf4j-api.jar
[2025-02-18 19:43:35.195]:         deleting file: C:\Program Files\NetBeans-2\netbeans\ide\modules\ext\tomlj.jar
[2025-02-18 19:43:35.196]:         deleting file: C:\Program Files\NetBeans-2\netbeans\ide\docs\jaxb-api-doc.jar
[2025-02-18 19:43:35.196]:         deleting directory: C:\Program Files\NetBeans-2\netbeans\nb\config\Preferences\org
[2025-02-18 19:43:35.196]:         deleting file: C:\Program Files\NetBeans-2\netbeans\nb\config\JavaDB\.nbattrs
[2025-02-18 19:43:35.196]:             ... file does not exist
[2025-02-18 19:43:35.196]:         deleting file: C:\Program Files\NetBeans-2\netbeans\nb\var\cache\populate.zip
[2025-02-18 19:43:35.197]:         deleting directory: C:\Program Files\NetBeans-2\netbeans\platform\update_tracking
[2025-02-18 19:43:35.197]:         deleting directory: C:\Program Files\NetBeans-2\netbeans\platform\modules\lib\x86
[2025-02-18 19:43:35.197]:         deleting directory: C:\Program Files\NetBeans-2\netbeans\ide\modules\ext\jaxb\api
[2025-02-18 19:43:35.197]:         deleting file: C:\Program Files\NetBeans-2\netbeans\extide\ant\bin\runant.pl
[2025-02-18 19:43:35.198]:         deleting file: C:\Program Files\NetBeans-2\netbeans\extide\ant\bin\antRun.pl
[2025-02-18 19:43:35.198]:         deleting file: C:\Program Files\NetBeans-2\netbeans\extide\ant\bin\runrc.cmd
[2025-02-18 19:43:35.199]:         deleting file: C:\Program Files\NetBeans-2\netbeans\extide\ant\bin\runant.py
[2025-02-18 19:43:35.199]:         deleting file: C:\Program Files\NetBeans-2\netbeans\licenses\MIT-nocopyright
[2025-02-18 19:43:35.199]:         deleting file: C:\Program Files\NetBeans-2\netbeans\licenses\BSD-antlr-icons
[2025-02-18 19:43:35.199]:         deleting file: C:\Program Files\NetBeans-2\netbeans\harness\launchers\app.sh
[2025-02-18 19:43:35.200]:         deleting file: C:\Program Files\NetBeans-2\netbeans\ide\modules\ext\jing.jar
[2025-02-18 19:43:35.200]:         deleting file: C:\Program Files\NetBeans-2\netbeans\nb\servicetag\servicetag
[2025-02-18 19:43:35.200]:             ... file does not exist
[2025-02-18 19:43:35.200]:         deleting file: C:\Program Files\NetBeans-2\netbeans\nb\config\GlassFishEE6WC
[2025-02-18 19:43:35.200]:             ... file does not exist
[2025-02-18 19:43:35.200]:         deleting directory: C:\Program Files\NetBeans-2\netbeans\platform\config\Modules
[2025-02-18 19:43:35.205]:         deleting directory: C:\Program Files\NetBeans-2\netbeans\harness\update_tracking
[2025-02-18 19:43:35.205]:         deleting directory: C:\Program Files\NetBeans-2\netbeans\cpplite\update_tracking
[2025-02-18 19:43:35.205]:         deleting directory: C:\Program Files\NetBeans-2\netbeans\ide\modules\lib\aarch64
[2025-02-18 19:43:35.205]:         deleting directory: C:\Program Files\NetBeans-2\netbeans\ide\modules\lib\riscv64
[2025-02-18 19:43:35.205]:         deleting directory: C:\Program Files\NetBeans-2\netbeans\ide\bin\nativeexecution
[2025-02-18 19:43:35.206]:         deleting file: C:\Program Files\NetBeans-2\netbeans\licenses\UPL-Apache-2.0
[2025-02-18 19:43:35.206]:         deleting file: C:\Program Files\NetBeans-2\netbeans\licenses\Apache-2.0-ant
[2025-02-18 19:43:35.206]:         deleting file: C:\Program Files\NetBeans-2\netbeans\licenses\MIT-galimatias
[2025-02-18 19:43:35.206]:         deleting file: C:\Program Files\NetBeans-2\netbeans\licenses\BSD-postgresql
[2025-02-18 19:43:35.206]:         deleting file: C:\Program Files\NetBeans-2\netbeans\nb\docs\images\blue.png
[2025-02-18 19:43:35.206]:         deleting file: C:\Program Files\NetBeans-2\netbeans\platform\lib\nbexec.dll
[2025-02-18 19:43:35.207]:         deleting file: C:\Program Files\NetBeans-2\netbeans\platform\lib\nbexec.exe
[2025-02-18 19:43:35.207]:         deleting file: C:\Program Files\NetBeans-2\netbeans\ide\modules\ext\iri.jar
[2025-02-18 19:43:35.207]:         deleting file: C:\Program Files\NetBeans-2\netbeans\ide\modules\ext\ddl.jar
[2025-02-18 19:43:35.208]:         deleting file: C:\Program Files\NetBeans-2\netbeans\ide\docs\css21-spec.zip
[2025-02-18 19:43:35.208]:         deleting file: C:\Program Files\NetBeans-2\netbeans\nb\var\license_accepted
[2025-02-18 19:43:35.208]:         deleting file: C:\Program Files\NetBeans-2\netbeans\nb\var\log\messages.log
[2025-02-18 19:43:35.208]:         deleting directory: C:\Program Files\NetBeans-2\netbeans\harness\config\Modules
[2025-02-18 19:43:35.208]:         deleting directory: C:\Program Files\NetBeans-2\netbeans\cpplite\config\Modules
[2025-02-18 19:43:35.208]:         deleting directory: C:\Program Files\NetBeans-2\netbeans\extide\update_tracking
[2025-02-18 19:43:35.210]:         deleting directory: C:\Program Files\NetBeans-2\netbeans\ide\modules\lib\x86_64
[2025-02-18 19:43:35.210]:         deleting file: C:\Program Files\NetBeans-2\netbeans\extide\ant\lib\ant.jar
[2025-02-18 19:43:35.210]:         deleting file: C:\Program Files\NetBeans-2\netbeans\extide\ant\etc\log.xsl
[2025-02-18 19:43:35.210]:         deleting file: C:\Program Files\NetBeans-2\netbeans\extide\ant\bin\ant.bat
[2025-02-18 19:43:35.211]:         deleting file: C:\Program Files\NetBeans-2\netbeans\extide\ant\bin\ant.cmd
[2025-02-18 19:43:35.211]:         deleting file: C:\Program Files\NetBeans-2\netbeans\extide\ant\bin\lcp.bat
[2025-02-18 19:43:35.211]:         deleting file: C:\Program Files\NetBeans-2\netbeans\licenses\Maven-EPL-v10
[2025-02-18 19:43:35.211]:         deleting file: C:\Program Files\NetBeans-2\netbeans\licenses\BSD-stax2-api
[2025-02-18 19:43:35.212]:         deleting file: C:\Program Files\NetBeans-2\netbeans\licenses\MIT-requirejs
[2025-02-18 19:43:35.212]:         deleting file: C:\Program Files\NetBeans-2\netbeans\licenses\MIT-validator
[2025-02-18 19:43:35.212]:         deleting file: C:\Program Files\NetBeans-2\netbeans\harness\etc\Info.plist
[2025-02-18 19:43:35.213]:         deleting file: C:\Program Files\NetBeans-2\netbeans\platform\core\core.jar
[2025-02-18 19:43:35.213]:         deleting file: C:\Program Files\NetBeans-2\netbeans\platform\.lastModified
[2025-02-18 19:43:35.213]:         deleting file: C:\Program Files\NetBeans-2\netbeans\ide\modules\bcutil.jar
[2025-02-18 19:43:35.214]:         deleting file: C:\Program Files\NetBeans-2\netbeans\ide\modules\bcpkix.jar
[2025-02-18 19:43:35.214]:         deleting file: C:\Program Files\NetBeans-2\netbeans\ide\modules\bcprov.jar
[2025-02-18 19:43:35.214]:         deleting file: C:\Program Files\NetBeans-2\netbeans\ide\docs\css3-spec.zip
[2025-02-18 19:43:35.220]:         deleting file: C:\Program Files\NetBeans-2\netbeans\ide\docs\html-4.01.zip
[2025-02-18 19:43:35.220]:         deleting file: C:\Program Files\NetBeans-2\netbeans\nb\config\GlassFishEE6
[2025-02-18 19:43:35.221]:             ... file does not exist
[2025-02-18 19:43:35.221]:         deleting directory: C:\Program Files\NetBeans-2\netbeans\extide\config\Modules
[2025-02-18 19:43:35.221]:         deleting directory: C:\Program Files\NetBeans-2\netbeans\ide\modules\lib\amd64
[2025-02-18 19:43:35.221]:         deleting directory: C:\Program Files\NetBeans-2\netbeans\extide\modules\gradle
[2025-02-18 19:43:35.221]:         deleting directory: C:\Program Files\NetBeans-2\netbeans\ide\docs\org\netbeans
[2025-02-18 19:43:35.221]:         deleting directory: C:\Program Files\NetBeans-2\netbeans\nb\modules\ext\locale
[2025-02-18 19:43:35.221]:         deleting file: C:\Program Files\NetBeans-2\netbeans\extide\ant\bin\antRun
[2025-02-18 19:43:35.221]:         deleting file: C:\Program Files\NetBeans-2\netbeans\licenses\MIT-isorelax
[2025-02-18 19:43:35.222]:         deleting file: C:\Program Files\NetBeans-2\netbeans\licenses\EDL-1.0-jgit
[2025-02-18 19:43:35.222]:         deleting file: C:\Program Files\NetBeans-2\netbeans\licenses\CC-BY-SA-3.0
[2025-02-18 19:43:35.223]:         deleting file: C:\Program Files\NetBeans-2\netbeans\licenses\BSD-flexmark
[2025-02-18 19:43:35.223]:         deleting file: C:\Program Files\NetBeans-2\netbeans\licenses\MIT-dd-plist
[2025-02-18 19:43:35.223]:         deleting file: C:\Program Files\NetBeans-2\netbeans\licenses\BSD-hamcrest
[2025-02-18 19:43:35.223]:         deleting file: C:\Program Files\NetBeans-2\netbeans\licenses\MIT-markdown
[2025-02-18 19:43:35.224]:         deleting file: C:\Program Files\NetBeans-2\netbeans\licenses\MIT-slf4j-22
[2025-02-18 19:43:35.224]:         deleting file: C:\Program Files\NetBeans-2\netbeans\etc\netbeans.clusters
[2025-02-18 19:43:35.225]:         deleting file: C:\Program Files\NetBeans-2\netbeans\harness\.lastModified
[2025-02-18 19:43:35.226]:         deleting file: C:\Program Files\NetBeans-2\netbeans\platform\lib\boot.jar
[2025-02-18 19:43:35.226]:         deleting file: C:\Program Files\NetBeans-2\netbeans\cpplite\.lastModified
[2025-02-18 19:43:35.226]:         deleting file: C:\Program Files\NetBeans-2\netbeans\ide\docs\html5doc.zip
[2025-02-18 19:43:35.227]:         deleting directory: C:\Program Files\NetBeans-2\netbeans\nb\config\Preferences
[2025-02-18 19:43:35.227]:         deleting directory: C:\Program Files\NetBeans-2\netbeans\harness\nbi\stub\ext
[2025-02-18 19:43:35.227]:         deleting directory: C:\Program Files\NetBeans-2\netbeans\platform\modules\lib
[2025-02-18 19:43:35.228]:         deleting directory: C:\Program Files\NetBeans-2\netbeans\platform\modules\ext
[2025-02-18 19:43:35.229]:         deleting directory: C:\Program Files\NetBeans-2\netbeans\ide\modules\ext\jaxb
[2025-02-18 19:43:35.230]:         deleting file: C:\Program Files\NetBeans-2\netbeans\extide\.lastModified
[2025-02-18 19:43:35.231]:         deleting file: C:\Program Files\NetBeans-2\netbeans\licenses\MIT-phpstan
[2025-02-18 19:43:35.231]:         deleting file: C:\Program Files\NetBeans-2\netbeans\licenses\MIT-checker
[2025-02-18 19:43:35.231]:         deleting file: C:\Program Files\NetBeans-2\netbeans\licenses\UPL-graaljs
[2025-02-18 19:43:35.232]:         deleting file: C:\Program Files\NetBeans-2\netbeans\licenses\Gradle-icon
[2025-02-18 19:43:35.232]:         deleting file: C:\Program Files\NetBeans-2\netbeans\nb\shortcuts_mac.pdf
[2025-02-18 19:43:35.232]:         deleting file: C:\Program Files\NetBeans-2\netbeans\nb\docs\netbeans.css
[2025-02-18 19:43:35.233]:         deleting file: C:\Program Files\NetBeans-2\netbeans\harness\etc\app.conf
[2025-02-18 19:43:35.233]:         deleting file: C:\Program Files\NetBeans-2\netbeans\platform\VERSION.txt
[2025-02-18 19:43:35.233]:         deleting file: C:\Program Files\NetBeans-2\netbeans\ide\modules\bcpg.jar
[2025-02-18 19:43:35.233]:         deleting directory: C:\Program Files\NetBeans-2\netbeans\ide\update_tracking
[2025-02-18 19:43:35.235]:         deleting directory: C:\Program Files\NetBeans-2\netbeans\harness\modules\ext
[2025-02-18 19:43:35.235]:         deleting directory: C:\Program Files\NetBeans-2\netbeans\cpplite\modules\ext
[2025-02-18 19:43:35.235]:         deleting directory: C:\Program Files\NetBeans-2\netbeans\harness\nbi\.common
[2025-02-18 19:43:35.235]:         deleting file: C:\Program Files\NetBeans-2\netbeans\licenses\Apache-2.0
[2025-02-18 19:43:35.236]:         deleting file: C:\Program Files\NetBeans-2\netbeans\licenses\MIT-vscode
[2025-02-18 19:43:35.237]:         deleting file: C:\Program Files\NetBeans-2\netbeans\licenses\Apache-1.1
[2025-02-18 19:43:35.237]:         deleting file: C:\Program Files\NetBeans-2\netbeans\licenses\MIT-jquery
[2025-02-18 19:43:35.237]:         deleting file: C:\Program Files\NetBeans-2\netbeans\etc\netbeans.import
[2025-02-18 19:43:35.238]:         deleting file: C:\Program Files\NetBeans-2\netbeans\platform\lib\nbexec
[2025-02-18 19:43:35.238]:         deleting file: C:\Program Files\NetBeans-2\netbeans\cpplite\VERSION.txt
[2025-02-18 19:43:35.238]:         deleting file: C:\Program Files\NetBeans-2\netbeans\nb\config\productid
[2025-02-18 19:43:35.238]:         deleting directory: C:\Program Files\NetBeans-2\netbeans\ide\config\Modules
[2025-02-18 19:43:35.239]:         deleting directory: C:\Program Files\NetBeans-2\netbeans\nb\update_tracking
[2025-02-18 19:43:35.239]:         deleting file: C:\Program Files\NetBeans-2\netbeans\extide\VERSION.txt
[2025-02-18 19:43:35.239]:         deleting file: C:\Program Files\NetBeans-2\netbeans\extide\ant\bin\ant
[2025-02-18 19:43:35.239]:         deleting file: C:\Program Files\NetBeans-2\netbeans\licenses\BSD-SCOWL
[2025-02-18 19:43:35.239]:         deleting file: C:\Program Files\NetBeans-2\netbeans\licenses\MIT-jsoup
[2025-02-18 19:43:35.240]:         deleting file: C:\Program Files\NetBeans-2\netbeans\licenses\WSDL-2004
[2025-02-18 19:43:35.240]:         deleting file: C:\Program Files\NetBeans-2\netbeans\licenses\MIT-slf4j
[2025-02-18 19:43:35.240]:         deleting file: C:\Program Files\NetBeans-2\netbeans\licenses\BSD-jzlib
[2025-02-18 19:43:35.240]:         deleting file: C:\Program Files\NetBeans-2\netbeans\licenses\BSD-INRIA
[2025-02-18 19:43:35.241]:         deleting file: C:\Program Files\NetBeans-2\netbeans\licenses\MIT-jruby
[2025-02-18 19:43:35.241]:         deleting file: C:\Program Files\NetBeans-2\netbeans\licenses\CC-BY-3.0
[2025-02-18 19:43:35.241]:         deleting file: C:\Program Files\NetBeans-2\netbeans\licenses\MIT-icu4j
[2025-02-18 19:43:35.241]:         deleting file: C:\Program Files\NetBeans-2\netbeans\harness\common.xml
[2025-02-18 19:43:35.241]:         deleting file: C:\Program Files\NetBeans-2\netbeans\bin\netbeans64.exe
[2025-02-18 19:43:35.242]:         deleting directory: C:\Program Files\NetBeans-2\netbeans\nb\config\Modules
[2025-02-18 19:43:35.242]:         deleting directory: C:\Program Files\NetBeans-2\netbeans\nb\modules\locale
[2025-02-18 19:43:35.242]:         deleting directory: C:\Program Files\NetBeans-2\netbeans\harness\launchers
[2025-02-18 19:43:35.242]:         deleting file: C:\Program Files\NetBeans-2\netbeans\licenses\BSD-jing
[2025-02-18 19:43:35.242]:         deleting file: C:\Program Files\NetBeans-2\netbeans\licenses\MIT-winp
[2025-02-18 19:43:35.243]:         deleting file: C:\Program Files\NetBeans-2\netbeans\licenses\CDDL-1.1
[2025-02-18 19:43:35.243]:         deleting file: C:\Program Files\NetBeans-2\netbeans\licenses\HTML5DOC
[2025-02-18 19:43:35.243]:         deleting file: C:\Program Files\NetBeans-2\netbeans\licenses\CDDL-1.0
[2025-02-18 19:43:35.243]:         deleting file: C:\Program Files\NetBeans-2\netbeans\licenses\GPL-2-CP
[2025-02-18 19:43:35.243]:         deleting file: C:\Program Files\NetBeans-2\netbeans\licenses\BSD-JDOM
[2025-02-18 19:43:35.244]:         deleting file: C:\Program Files\NetBeans-2\netbeans\licenses\BSD-jsch
[2025-02-18 19:43:35.244]:         deleting file: C:\Program Files\NetBeans-2\netbeans\etc\netbeans.conf
[2025-02-18 19:43:35.250]:         deleting file: C:\Program Files\NetBeans-2\netbeans\harness\tasks.jar
[2025-02-18 19:43:35.250]:         deleting file: C:\Program Files\NetBeans-2\netbeans\harness\build.xml
[2025-02-18 19:43:35.250]:         deleting file: C:\Program Files\NetBeans-2\netbeans\harness\suite.xml
[2025-02-18 19:43:35.251]:         deleting file: C:\Program Files\NetBeans-2\netbeans\ide\.lastModified
[2025-02-18 19:43:35.251]:         deleting directory: C:\Program Files\NetBeans-2\netbeans\harness\nbi\stub
[2025-02-18 19:43:35.251]:         deleting directory: C:\Program Files\NetBeans-2\netbeans\platform\modules
[2025-02-18 19:43:35.251]:         deleting directory: C:\Program Files\NetBeans-2\netbeans\ide\modules\docs
[2025-02-18 19:43:35.252]:         deleting directory: C:\Program Files\NetBeans-2\netbeans\ide\modules\dict
[2025-02-18 19:43:35.252]:         deleting directory: C:\Program Files\NetBeans-2\netbeans\extide\ant\nblib
[2025-02-18 19:43:35.252]:         deleting file: C:\Program Files\NetBeans-2\netbeans\licenses\EDL-1.0
[2025-02-18 19:43:35.252]:         deleting file: C:\Program Files\NetBeans-2\netbeans\licenses\JavaCUP
[2025-02-18 19:43:35.253]:         deleting file: C:\Program Files\NetBeans-2\netbeans\licenses\EPL-v10
[2025-02-18 19:43:35.253]:         deleting file: C:\Program Files\NetBeans-2\netbeans\licenses\CC0-v10
[2025-02-18 19:43:35.253]:         deleting file: C:\Program Files\NetBeans-2\netbeans\licenses\BSD-iri
[2025-02-18 19:43:35.254]:         deleting file: C:\Program Files\NetBeans-2\netbeans\licenses\EPL-v20
[2025-02-18 19:43:35.254]:         deleting file: C:\Program Files\NetBeans-2\netbeans\licenses\ANTLR-2
[2025-02-18 19:43:35.254]:         deleting file: C:\Program Files\NetBeans-2\netbeans\nb\shortcuts.pdf
[2025-02-18 19:43:35.254]:         deleting file: C:\Program Files\NetBeans-2\netbeans\nb\.lastModified
[2025-02-18 19:43:35.255]:         deleting file: C:\Program Files\NetBeans-2\netbeans\nb\netbeans.icns
[2025-02-18 19:43:35.255]:         deleting file: C:\Program Files\NetBeans-2\netbeans\harness\jnlp.xml
[2025-02-18 19:43:35.255]:         deleting file: C:\Program Files\NetBeans-2\netbeans\harness\osgi.xml
[2025-02-18 19:43:35.255]:         deleting file: C:\Program Files\NetBeans-2\netbeans\bin\netbeans.exe
[2025-02-18 19:43:35.256]:         deleting file: C:\Program Files\NetBeans-2\netbeans\nb\config\JavaDB
[2025-02-18 19:43:35.256]:             ... file does not exist
[2025-02-18 19:43:35.256]:         deleting file: C:\Program Files\NetBeans-2\netbeans\nb\config\JavaFX
[2025-02-18 19:43:35.256]:             ... file does not exist
[2025-02-18 19:43:35.256]:         deleting directory: C:\Program Files\NetBeans-2\netbeans\platform\config
[2025-02-18 19:43:35.256]:         deleting directory: C:\Program Files\NetBeans-2\netbeans\harness\modules
[2025-02-18 19:43:35.256]:         deleting directory: C:\Program Files\NetBeans-2\netbeans\ide\modules\lib
[2025-02-18 19:43:35.256]:         deleting directory: C:\Program Files\NetBeans-2\netbeans\ide\modules\ext
[2025-02-18 19:43:35.257]:         deleting directory: C:\Program Files\NetBeans-2\netbeans\cpplite\modules
[2025-02-18 19:43:35.258]:         deleting file: C:\Program Files\NetBeans-2\netbeans\licenses\Gradle
[2025-02-18 19:43:35.258]:         deleting file: C:\Program Files\NetBeans-2\netbeans\nb\netbeans.png
[2025-02-18 19:43:35.259]:         deleting file: C:\Program Files\NetBeans-2\netbeans\harness\jdk.xml
[2025-02-18 19:43:35.259]:         deleting file: C:\Program Files\NetBeans-2\netbeans\harness\run.xml
[2025-02-18 19:43:35.259]:         deleting file: C:\Program Files\NetBeans-2\netbeans\ide\VERSION.txt
[2025-02-18 19:43:35.259]:         deleting directory: C:\Program Files\NetBeans-2\netbeans\harness\config
[2025-02-18 19:43:35.260]:         deleting directory: C:\Program Files\NetBeans-2\netbeans\cpplite\config
[2025-02-18 19:43:35.260]:         deleting directory: C:\Program Files\NetBeans-2\netbeans\extide\ant\etc
[2025-02-18 19:43:35.260]:         deleting directory: C:\Program Files\NetBeans-2\netbeans\extide\modules
[2025-02-18 19:43:35.266]:         deleting directory: C:\Program Files\NetBeans-2\netbeans\extide\ant\lib
[2025-02-18 19:43:35.266]:         deleting directory: C:\Program Files\NetBeans-2\netbeans\nb\modules\ext
[2025-02-18 19:43:35.266]:         deleting directory: C:\Program Files\NetBeans-2\netbeans\extide\ant\bin
[2025-02-18 19:43:35.266]:         deleting directory: C:\Program Files\NetBeans-2\netbeans\nb\docs\images
[2025-02-18 19:43:35.266]:         deleting directory: C:\Program Files\NetBeans-2\netbeans\harness\antlib
[2025-02-18 19:43:35.266]:         deleting directory: C:\Program Files\NetBeans-2\netbeans\nb\core\locale
[2025-02-18 19:43:35.268]:         deleting file: C:\Program Files\NetBeans-2\netbeans\nb\VERSION.txt
[2025-02-18 19:43:35.268]:         deleting file: C:\Program Files\NetBeans-2\netbeans\nb\core\ide.ks
[2025-02-18 19:43:35.268]:         deleting file: C:\Program Files\NetBeans-2\netbeans\harness\README
[2025-02-18 19:43:35.268]:         deleting file: C:\Program Files\NetBeans-2\netbeans\nb\config\J2EE
[2025-02-18 19:43:35.268]:             ... file does not exist
[2025-02-18 19:43:35.268]:         deleting directory: C:\Program Files\NetBeans-2\netbeans\extide\config
[2025-02-18 19:43:35.268]:         deleting directory: C:\Program Files\NetBeans-2\netbeans\platform\docs
[2025-02-18 19:43:35.268]:         deleting directory: C:\Program Files\NetBeans-2\netbeans\platform\core
[2025-02-18 19:43:35.268]:         deleting file: C:\Program Files\NetBeans-2\netbeans\licenses\W3C2
[2025-02-18 19:43:35.268]:         deleting file: C:\Program Files\NetBeans-2\netbeans\licenses\OSGi
[2025-02-18 19:43:35.269]:         deleting file: C:\Program Files\NetBeans-2\netbeans\nb\build_info
[2025-02-18 19:43:35.270]:         deleting file: C:\Program Files\NetBeans-2\platform\.lastModified
[2025-02-18 19:43:35.270]:             ... file does not exist
[2025-02-18 19:43:35.270]:         deleting file: C:\Program Files\NetBeans-2\netbeans\nb\servicetag
[2025-02-18 19:43:35.270]:             ... file does not exist
[2025-02-18 19:43:35.270]:         deleting directory: C:\Program Files\NetBeans-2\netbeans\ide\docs\org
[2025-02-18 19:43:35.270]:         deleting directory: C:\Program Files\NetBeans-2\netbeans\platform\lib
[2025-02-18 19:43:35.270]:         deleting directory: C:\Program Files\NetBeans-2\netbeans\harness\docs
[2025-02-18 19:43:35.270]:         deleting directory: C:\Program Files\NetBeans-2\netbeans\harness\jnlp
[2025-02-18 19:43:35.272]:         deleting file: C:\Program Files\NetBeans-2\netbeans\licenses\W3C
[2025-02-18 19:43:35.272]:         deleting file: C:\Program Files\NetBeans-2\netbeans\licenses\MIT
[2025-02-18 19:43:35.272]:         deleting file: C:\Program Files\NetBeans-2\netbeans\licenses\UPL
[2025-02-18 19:43:35.273]:         deleting file: C:\Program Files\NetBeans-2\netbeans\DEPENDENCIES
[2025-02-18 19:43:35.274]:         deleting file: C:\Program Files\NetBeans-2\netbeans\netbeans.css
[2025-02-18 19:43:35.274]:         deleting file: C:\Program Files\NetBeans-2\netbeans\bin\netbeans
[2025-02-18 19:43:35.274]:         deleting directory: C:\Program Files\NetBeans-2\netbeans\nb\var\cache
[2025-02-18 19:43:35.274]:         deleting directory: C:\Program Files\NetBeans-2\netbeans\harness\nbi
[2025-02-18 19:43:35.274]:         deleting directory: C:\Program Files\NetBeans-2\netbeans\ide\modules
[2025-02-18 19:43:35.274]:         deleting directory: C:\Program Files\NetBeans-2\netbeans\harness\etc
[2025-02-18 19:43:35.275]:         deleting file: C:\Program Files\NetBeans-2\netbeans\README.html
[2025-02-18 19:43:35.275]:         deleting directory: C:\Program Files\NetBeans-2\netbeans\ide\config
[2025-02-18 19:43:35.275]:         deleting directory: C:\Program Files\NetBeans-2\netbeans\nb\modules
[2025-02-18 19:43:35.275]:         deleting directory: C:\Program Files\NetBeans-2\netbeans\extide\ant
[2025-02-18 19:43:35.275]:         deleting directory: C:\Program Files\NetBeans-2\netbeans\nb\var\log
[2025-02-18 19:43:35.275]:         deleting directory: C:\Program Files\NetBeans-2\netbeans\nb\config
[2025-02-18 19:43:35.282]:         deleting directory: C:\Program Files\NetBeans-2\netbeans\platform
[2025-02-18 19:43:35.282]:         deleting directory: C:\Program Files\NetBeans-2\netbeans\ide\docs
[2025-02-18 19:43:35.282]:         deleting directory: C:\Program Files\NetBeans-2\netbeans\licenses
[2025-02-18 19:43:35.282]:         deleting file: C:\Program Files\NetBeans-2\ide\.lastModified
[2025-02-18 19:43:35.282]:             ... file does not exist
[2025-02-18 19:43:35.282]:         deleting directory: C:\Program Files\NetBeans-2\netbeans\harness
[2025-02-18 19:43:35.283]:         deleting directory: C:\Program Files\NetBeans-2\netbeans\cpplite
[2025-02-18 19:43:35.283]:         deleting directory: C:\Program Files\NetBeans-2\netbeans\ide\bin
[2025-02-18 19:43:35.283]:         deleting directory: C:\Program Files\NetBeans-2\netbeans\nb\docs
[2025-02-18 19:43:35.283]:         deleting directory: C:\Program Files\NetBeans-2\netbeans\nb\core
[2025-02-18 19:43:35.283]:         deleting file: C:\Program Files\NetBeans-2\netbeans\LICENSE
[2025-02-18 19:43:35.283]:         deleting file: C:\Program Files\NetBeans-2\nb\.lastModified
[2025-02-18 19:43:35.283]:             ... file does not exist
[2025-02-18 19:43:35.284]:         deleting directory: C:\Program Files\NetBeans-2\netbeans\extide
[2025-02-18 19:43:35.284]:         deleting file: C:\Program Files\NetBeans-2\netbeans\NOTICE
[2025-02-18 19:43:35.284]:         deleting directory: C:\Program Files\NetBeans-2\netbeans\nb\var
[2025-02-18 19:43:35.284]:         deleting file: C:\Program Files\NetBeans-2\uninstall.exe
[2025-02-18 19:43:35.284]:         deleting directory: C:\Program Files\NetBeans-2\netbeans\ide
[2025-02-18 19:43:35.285]:         deleting directory: C:\Program Files\NetBeans-2\netbeans\etc
[2025-02-18 19:43:35.285]:         deleting directory: C:\Program Files\NetBeans-2\netbeans\bin
[2025-02-18 19:43:35.285]:         deleting directory: C:\Program Files\NetBeans-2\netbeans\nb
[2025-02-18 19:43:35.285]:         deleting directory: C:\Program Files\NetBeans-2\netbeans
[2025-02-18 19:43:35.285]:         deleting directory: C:\Program Files\NetBeans-2
[2025-02-18 19:43:35.286]:         ... removing the system integration
[2025-02-18 19:43:35.286]:         NameResolver - to parse C:\Program Files\NetBeans-21
[2025-02-18 19:43:35.286]:         NameResolver - to parse C:\Program Files\NetBeans-21
[2025-02-18 19:43:35.287]:         NameResolver - to parse C:\Program Files\NetBeans-21
[2025-02-18 19:43:35.287]:         ... removing installation files list
[2025-02-18 19:43:35.287]:         deleting file: C:\Users\Durgi\.nbi\product-cache\nb-all\21.0.0.240215.0\installed-files.xml.gz
[2025-02-18 19:43:35.288]:     ...finished uninstallation of Base IDE(nb-all/21.0.0.240215.0)
[2025-02-18 19:43:35.499]: ... finished products uninstallation
[2025-02-18 19:43:35.499]: ... starting updates and plugins uninstallation
[2025-02-18 19:43:35.501]: ... finished updates and plugins uninstallation
[2025-02-18 19:43:35.509]: Checking if java.awt.Desktop.getDesktop().browse() functionality is supported
[2025-02-18 19:43:35.517]: NameResolver - to parse &Help!
[2025-02-18 19:43:35.518]: NameResolver - to parse < &Back
[2025-02-18 19:43:35.519]: NameResolver - to parse &Finish
[2025-02-18 19:43:35.520]: NameResolver - to parse Cancel
[2025-02-18 19:43:35.520]: NameResolver - to parse &Finish
[2025-02-18 19:43:35.521]: NameResolver - to parse text/html
[2025-02-18 19:43:35.525]: NameResolver - to parse <html>Uninstallation completed successfully.</html>
[2025-02-18 19:43:35.531]: NameResolver - to parse C:\Program Files\NetBeans-21
[2025-02-18 19:43:35.532]: NameResolver - to parse C:\Program Files\NetBeans-21
[2025-02-18 19:43:35.532]: NameResolver - to parse C:\Program Files\NetBeans-21
[2025-02-18 19:43:35.532]: NameResolver - to parse C:\Program Files\NetBeans-21
[2025-02-18 19:43:35.532]: NameResolver - to parse C:\Program Files\NetBeans-21
[2025-02-18 19:43:35.533]: NameResolver - to parse C:\Program Files\NetBeans-21
[2025-02-18 19:43:35.536]: NameResolver - to parse <br><br>Some files could not be removed from the installation directories of the {0}. You may need to remove them manually.
[2025-02-18 19:43:35.537]: NameResolver - to parse Setup Complete
[2025-02-18 19:43:35.537]: NameResolver - to parse Setup Complete
[2025-02-18 19:43:35.541]: NameResolver - to parse Setup Complete
[2025-02-18 19:43:35.541]: NameResolver - to parse Setup Complete
[2025-02-18 19:43:35.541]: NameResolver - to parse Click Finish to complete the Apache NetBeans IDE setup.
[2025-02-18 19:43:35.558]: NameResolver - to parse Setup Complete
[2025-02-18 19:43:35.558]: NameResolver - to parse Click Finish to complete the Apache NetBeans IDE setup.
[2025-02-18 19:43:37.428]: entering -- org.netbeans.installer.wizard.components.actions.FinalizeRegistryAction.execute():46
[2025-02-18 19:43:37.428]: finalizing product registry
[2025-02-18 19:43:37.428]: ... removing remaining installation data for all the products
[2025-02-18 19:43:37.428]: ... save local registry if necessary
[2025-02-18 19:43:37.428]: ... save registry to file C:\Users\Durgi\.nbi\registry.xml
[2025-02-18 19:43:37.429]: entering -- org.netbeans.installer.product.Registry.finalizeRegistry():330
[2025-02-18 19:43:37.429]: saving product registry file
[2025-02-18 19:43:37.429]: ... getting registry document
[2025-02-18 19:43:37.438]: ... saving registry document to file C:\Users\Durgi\.nbi\registry.xml
[2025-02-18 19:43:37.438]: entering -- org.netbeans.installer.product.Registry.saveProductRegistry():1008
[2025-02-18 19:43:37.438]: saving document to xml file : C:\Users\Durgi\.nbi\registry.xml
[2025-02-18 19:43:37.677]: ... document saved
[2025-02-18 19:43:37.677]: exiting -- org.netbeans.installer.product.Registry.saveProductRegistry():1008
[2025-02-18 19:43:37.677]: ... saving XML file succesfully finished
[2025-02-18 19:43:37.677]: ... saving product registry done
[2025-02-18 19:43:37.677]: exiting -- org.netbeans.installer.product.Registry.finalizeRegistry():330
[2025-02-18 19:43:37.677]: ... save state file if necessary
[2025-02-18 19:43:37.677]: finalizing product registry
[2025-02-18 19:43:37.677]: exiting -- org.netbeans.installer.wizard.components.actions.FinalizeRegistryAction.execute():46
